case_id,scenario,drift_family,drift_level,n_current,age_shift_years,current_missing_fraction,source,feature,method,expected_signal,commit_sha,config_sha256,rate_kind,seeds,n_runs,n_decisions,n_alerts,observed_rate,mean_value,median_value
categorical_standard_n1200,categorical,categorical,standard,1200,0.0,0.02,adversarial,,roc_auc,True,509c56e4630c19b10684cda4fdeed3d2d60e7dc3,05b7bab4beef95cc077c40c8cc949baf46a83e36cf9903f6bc97f9f5bcbe3253,detection_rate,2026091900|2026091901|2026091902|2026091903|2026091904|2026091905|2026091906|2026091907|2026091908|2026091909|2026091910|2026091911|2026091912|2026091913|2026091914|2026091915|2026091916|2026091917|2026091918|2026091919,20,20,0,0.0,0.6243495833333333,0.624104625
categorical_standard_n1200,categorical,categorical,standard,1200,0.0,0.02,drift,age,js,False,509c56e4630c19b10684cda4fdeed3d2d60e7dc3,05b7bab4beef95cc077c40c8cc949baf46a83e36cf9903f6bc97f9f5bcbe3253,non_target_alert_rate,2026091900|2026091901|2026091902|2026091903|2026091904|2026091905|2026091906|2026091907|2026091908|2026091909|2026091910|2026091911|2026091912|2026091913|2026091914|2026091915|2026091916|2026091917|2026091918|2026091919,20,20,0,0.0,0.0015283154006461557,0.0014200185879160569
categorical_standard_n1200,categorical,categorical,standard,1200,0.0,0.02,drift,age,ks,False,509c56e4630c19b10684cda4fdeed3d2d60e7dc3,05b7bab4beef95cc077c40c8cc949baf46a83e36cf9903f6bc97f9f5bcbe3253,non_target_alert_rate,2026091900|2026091901|2026091902|2026091903|2026091904|2026091905|2026091906|2026091907|2026091908|2026091909|2026091910|2026091911|2026091912|2026091913|2026091914|2026091915|2026091916|2026091917|2026091918|2026091919,20,20,0,0.0,0.023523333333333334,0.022650000000000003
categorical_standard_n1200,categorical,categorical,standard,1200,0.0,0.02,drift,age,psi,False,509c56e4630c19b10684cda4fdeed3d2d60e7dc3,05b7bab4beef95cc077c40c8cc949baf46a83e36cf9903f6bc97f9f5bcbe3253,non_target_alert_rate,2026091900|2026091901|2026091902|2026091903|2026091904|2026091905|2026091906|2026091907|2026091908|2026091909|2026091910|2026091911|2026091912|2026091913|2026091914|2026091915|2026091916|2026091917|2026091918|2026091919,20,20,0,0.0,0.008483043368970305,0.007881196527792442
categorical_standard_n1200,categorical,categorical,standard,1200,0.0,0.02,drift,age,wasserstein,False,509c56e4630c19b10684cda4fdeed3d2d60e7dc3,05b7bab4beef95cc077c40c8cc949baf46a83e36cf9903f6bc97f9f5bcbe3253,non_target_alert_rate,2026091900|2026091901|2026091902|2026091903|2026091904|2026091905|2026091906|2026091907|2026091908|2026091909|2026091910|2026091911|2026091912|2026091913|2026091914|2026091915|2026091916|2026091917|2026091918|2026091919,20,20,0,0.0,0.44882833333333344,0.43413333333333326
categorical_standard_n1200,categorical,categorical,standard,1200,0.0,0.02,drift,income,js,False,509c56e4630c19b10684cda4fdeed3d2d60e7dc3,05b7bab4beef95cc077c40c8cc949baf46a83e36cf9903f6bc97f9f5bcbe3253,non_target_alert_rate,2026091900|2026091901|2026091902|2026091903|2026091904|2026091905|2026091906|2026091907|2026091908|2026091909|2026091910|2026091911|2026091912|2026091913|2026091914|2026091915|2026091916|2026091917|2026091918|2026091919,20,20,0,0.0,0.0013855950799059754,0.0011804476600368145
categorical_standard_n1200,categorical,categorical,standard,1200,0.0,0.02,drift,income,ks,False,509c56e4630c19b10684cda4fdeed3d2d60e7dc3,05b7bab4beef95cc077c40c8cc949baf46a83e36cf9903f6bc97f9f5bcbe3253,non_target_alert_rate,2026091900|2026091901|2026091902|2026091903|2026091904|2026091905|2026091906|2026091907|2026091908|2026091909|2026091910|2026091911|2026091912|2026091913|2026091914|2026091915|2026091916|2026091917|2026091918|2026091919,20,20,1,0.05,0.027236394557823118,0.02493197278911563
categorical_standard_n1200,categorical,categorical,standard,1200,0.0,0.02,drift,income,psi,False,509c56e4630c19b10684cda4fdeed3d2d60e7dc3,05b7bab4beef95cc077c40c8cc949baf46a83e36cf9903f6bc97f9f5bcbe3253,non_target_alert_rate,2026091900|2026091901|2026091902|2026091903|2026091904|2026091905|2026091906|2026091907|2026091908|2026091909|2026091910|2026091911|2026091912|2026091913|2026091914|2026091915|2026091916|2026091917|2026091918|2026091919,20,20,0,0.0,0.007691080777299413,0.006549099109096557
categorical_standard_n1200,categorical,categorical,standard,1200,0.0,0.02,drift,income,wasserstein,False,509c56e4630c19b10684cda4fdeed3d2d60e7dc3,05b7bab4beef95cc077c40c8cc949baf46a83e36cf9903f6bc97f9f5bcbe3253,non_target_alert_rate,2026091900|2026091901|2026091902|2026091903|2026091904|2026091905|2026091906|2026091907|2026091908|2026091909|2026091910|2026091911|2026091912|2026091913|2026091914|2026091915|2026091916|2026091917|2026091918|2026091919,20,0,0,,2403.868756326528,2201.500571938772
categorical_standard_n1200,categorical,categorical,standard,1200,0.0,0.02,drift,region,chi2,True,509c56e4630c19b10684cda4fdeed3d2d60e7dc3,05b7bab4beef95cc077c40c8cc949baf46a83e36cf9903f6bc97f9f5bcbe3253,detection_rate,2026091900|2026091901|2026091902|2026091903|2026091904|2026091905|2026091906|2026091907|2026091908|2026091909|2026091910|2026091911|2026091912|2026091913|2026091914|2026091915|2026091916|2026091917|2026091918|2026091919,20,20,20,1.0,271.8158838611404,271.1580644437443
categorical_standard_n1200,categorical,categorical,standard,1200,0.0,0.02,drift,region,js,True,509c56e4630c19b10684cda4fdeed3d2d60e7dc3,05b7bab4beef95cc077c40c8cc949baf46a83e36cf9903f6bc97f9f5bcbe3253,detection_rate,2026091900|2026091901|2026091902|2026091903|2026091904|2026091905|2026091906|2026091907|2026091908|2026091909|2026091910|2026091911|2026091912|2026091913|2026091914|2026091915|2026091916|2026091917|2026091918|2026091919,20,20,9,0.45,0.04911515203355894,0.048750732047075
categorical_standard_n1200,categorical,categorical,standard,1200,0.0,0.02,drift,region,psi,True,509c56e4630c19b10684cda4fdeed3d2d60e7dc3,05b7bab4beef95cc077c40c8cc949baf46a83e36cf9903f6bc97f9f5bcbe3253,detection_rate,2026091900|2026091901|2026091902|2026091903|2026091904|2026091905|2026091906|2026091907|2026091908|2026091909|2026091910|2026091911|2026091912|2026091913|2026091914|2026091915|2026091916|2026091917|2026091918|2026091919,20,20,20,1.0,0.2765887866642994,0.2744178613675723
categorical_standard_n1200,categorical,categorical,standard,1200,0.0,0.02,quality,age,current_infinite_count,False,509c56e4630c19b10684cda4fdeed3d2d60e7dc3,05b7bab4beef95cc077c40c8cc949baf46a83e36cf9903f6bc97f9f5bcbe3253,non_target_alert_rate,2026091900|2026091901|2026091902|2026091903|2026091904|2026091905|2026091906|2026091907|2026091908|2026091909|2026091910|2026091911|2026091912|2026091913|2026091914|2026091915|2026091916|2026091917|2026091918|2026091919,20,20,0,0.0,0.0,0.0
categorical_standard_n1200,categorical,categorical,standard,1200,0.0,0.02,quality,age,current_max,False,509c56e4630c19b10684cda4fdeed3d2d60e7dc3,05b7bab4beef95cc077c40c8cc949baf46a83e36cf9903f6bc97f9f5bcbe3253,non_target_alert_rate,2026091900|2026091901|2026091902|2026091903|2026091904|2026091905|2026091906|2026091907|2026091908|2026091909|2026091910|2026091911|2026091912|2026091913|2026091914|2026091915|2026091916|2026091917|2026091918|2026091919,20,20,0,0.0,80.9,80.5
categorical_standard_n1200,categorical,categorical,standard,1200,0.0,0.02,quality,age,current_min,False,509c56e4630c19b10684cda4fdeed3d2d60e7dc3,05b7bab4beef95cc077c40c8cc949baf46a83e36cf9903f6bc97f9f5bcbe3253,non_target_alert_rate,2026091900|2026091901|2026091902|2026091903|2026091904|2026091905|2026091906|2026091907|2026091908|2026091909|2026091910|2026091911|2026091912|2026091913|2026091914|2026091915|2026091916|2026091917|2026091918|2026091919,20,20,0,0.0,18.0,18.0
categorical_standard_n1200,categorical,categorical,standard,1200,0.0,0.02,quality,age,current_missing_fraction,False,509c56e4630c19b10684cda4fdeed3d2d60e7dc3,05b7bab4beef95cc077c40c8cc949baf46a83e36cf9903f6bc97f9f5bcbe3253,non_target_alert_rate,2026091900|2026091901|2026091902|2026091903|2026091904|2026091905|2026091906|2026091907|2026091908|2026091909|2026091910|2026091911|2026091912|2026091913|2026091914|2026091915|2026091916|2026091917|2026091918|2026091919,20,20,0,0.0,0.0,0.0
categorical_standard_n1200,categorical,categorical,standard,1200,0.0,0.02,quality,age,missing_increase_pp,False,509c56e4630c19b10684cda4fdeed3d2d60e7dc3,05b7bab4beef95cc077c40c8cc949baf46a83e36cf9903f6bc97f9f5bcbe3253,non_target_alert_rate,2026091900|2026091901|2026091902|2026091903|2026091904|2026091905|2026091906|2026091907|2026091908|2026091909|2026091910|2026091911|2026091912|2026091913|2026091914|2026091915|2026091916|2026091917|2026091918|2026091919,20,20,0,0.0,0.0,0.0
categorical_standard_n1200,categorical,categorical,standard,1200,0.0,0.02,quality,age,reference_infinite_count,False,509c56e4630c19b10684cda4fdeed3d2d60e7dc3,05b7bab4beef95cc077c40c8cc949baf46a83e36cf9903f6bc97f9f5bcbe3253,non_target_alert_rate,2026091900|2026091901|2026091902|2026091903|2026091904|2026091905|2026091906|2026091907|2026091908|2026091909|2026091910|2026091911|2026091912|2026091913|2026091914|2026091915|2026091916|2026091917|2026091918|2026091919,20,20,0,0.0,0.0,0.0
categorical_standard_n1200,categorical,categorical,standard,1200,0.0,0.02,quality,age,reference_max,False,509c56e4630c19b10684cda4fdeed3d2d60e7dc3,05b7bab4beef95cc077c40c8cc949baf46a83e36cf9903f6bc97f9f5bcbe3253,non_target_alert_rate,2026091900|2026091901|2026091902|2026091903|2026091904|2026091905|2026091906|2026091907|2026091908|2026091909|2026091910|2026091911|2026091912|2026091913|2026091914|2026091915|2026091916|2026091917|2026091918|2026091919,20,20,0,0.0,86.6,86.5
categorical_standard_n1200,categorical,categorical,standard,1200,0.0,0.02,quality,age,reference_min,False,509c56e4630c19b10684cda4fdeed3d2d60e7dc3,05b7bab4beef95cc077c40c8cc949baf46a83e36cf9903f6bc97f9f5bcbe3253,non_target_alert_rate,2026091900|2026091901|2026091902|2026091903|2026091904|2026091905|2026091906|2026091907|2026091908|2026091909|2026091910|2026091911|2026091912|2026091913|2026091914|2026091915|2026091916|2026091917|2026091918|2026091919,20,20,0,0.0,18.0,18.0
categorical_standard_n1200,categorical,categorical,standard,1200,0.0,0.02,quality,age,reference_missing_fraction,False,509c56e4630c19b10684cda4fdeed3d2d60e7dc3,05b7bab4beef95cc077c40c8cc949baf46a83e36cf9903f6bc97f9f5bcbe3253,non_target_alert_rate,2026091900|2026091901|2026091902|2026091903|2026091904|2026091905|2026091906|2026091907|2026091908|2026091909|2026091910|2026091911|2026091912|2026091913|2026091914|2026091915|2026091916|2026091917|2026091918|2026091919,20,20,0,0.0,0.0,0.0
categorical_standard_n1200,categorical,categorical,standard,1200,0.0,0.02,quality,income,current_infinite_count,False,509c56e4630c19b10684cda4fdeed3d2d60e7dc3,05b7bab4beef95cc077c40c8cc949baf46a83e36cf9903f6bc97f9f5bcbe3253,non_target_alert_rate,2026091900|2026091901|2026091902|2026091903|2026091904|2026091905|2026091906|2026091907|2026091908|2026091909|2026091910|2026091911|2026091912|2026091913|2026091914|2026091915|2026091916|2026091917|2026091918|2026091919,20,20,0,0.0,0.0,0.0
categorical_standard_n1200,categorical,categorical,standard,1200,0.0,0.02,quality,income,current_max,False,509c56e4630c19b10684cda4fdeed3d2d60e7dc3,05b7bab4beef95cc077c40c8cc949baf46a83e36cf9903f6bc97f9f5bcbe3253,non_target_alert_rate,2026091900|2026091901|2026091902|2026091903|2026091904|2026091905|2026091906|2026091907|2026091908|2026091909|2026091910|2026091911|2026091912|2026091913|2026091914|2026091915|2026091916|2026091917|2026091918|2026091919,20,20,0,0.0,540426.8019999999,546592.515
categorical_standard_n1200,categorical,categorical,standard,1200,0.0,0.02,quality,income,current_min,False,509c56e4630c19b10684cda4fdeed3d2d60e7dc3,05b7bab4beef95cc077c40c8cc949baf46a83e36cf9903f6bc97f9f5bcbe3253,non_target_alert_rate,2026091900|2026091901|2026091902|2026091903|2026091904|2026091905|2026091906|2026091907|2026091908|2026091909|2026091910|2026091911|2026091912|2026091913|2026091914|2026091915|2026091916|2026091917|2026091918|2026091919,20,20,0,0.0,13373.402500000002,13755.87
categorical_standard_n1200,categorical,categorical,standard,1200,0.0,0.02,quality,income,current_missing_fraction,False,509c56e4630c19b10684cda4fdeed3d2d60e7dc3,05b7bab4beef95cc077c40c8cc949baf46a83e36cf9903f6bc97f9f5bcbe3253,non_target_alert_rate,2026091900|2026091901|2026091902|2026091903|2026091904|2026091905|2026091906|2026091907|2026091908|2026091909|2026091910|2026091911|2026091912|2026091913|2026091914|2026091915|2026091916|2026091917|2026091918|2026091919,20,20,0,0.0,0.020000000000000004,0.02
categorical_standard_n1200,categorical,categorical,standard,1200,0.0,0.02,quality,income,missing_increase_pp,False,509c56e4630c19b10684cda4fdeed3d2d60e7dc3,05b7bab4beef95cc077c40c8cc949baf46a83e36cf9903f6bc97f9f5bcbe3253,non_target_alert_rate,2026091900|2026091901|2026091902|2026091903|2026091904|2026091905|2026091906|2026091907|2026091908|2026091909|2026091910|2026091911|2026091912|2026091913|2026091914|2026091915|2026091916|2026091917|2026091918|2026091919,20,20,0,0.0,0.0,0.0
categorical_standard_n1200,categorical,categorical,standard,1200,0.0,0.02,quality,income,reference_infinite_count,False,509c56e4630c19b10684cda4fdeed3d2d60e7dc3,05b7bab4beef95cc077c40c8cc949baf46a83e36cf9903f6bc97f9f5bcbe3253,non_target_alert_rate,2026091900|2026091901|2026091902|2026091903|2026091904|2026091905|2026091906|2026091907|2026091908|2026091909|2026091910|2026091911|2026091912|2026091913|2026091914|2026091915|2026091916|2026091917|2026091918|2026091919,20,20,0,0.0,0.0,0.0
categorical_standard_n1200,categorical,categorical,standard,1200,0.0,0.02,quality,income,reference_max,False,509c56e4630c19b10684cda4fdeed3d2d60e7dc3,05b7bab4beef95cc077c40c8cc949baf46a83e36cf9903f6bc97f9f5bcbe3253,non_target_alert_rate,2026091900|2026091901|2026091902|2026091903|2026091904|2026091905|2026091906|2026091907|2026091908|2026091909|2026091910|2026091911|2026091912|2026091913|2026091914|2026091915|2026091916|2026091917|2026091918|2026091919,20,20,0,0.0,619557.1195,611724.875
categorical_standard_n1200,categorical,categorical,standard,1200,0.0,0.02,quality,income,reference_min,False,509c56e4630c19b10684cda4fdeed3d2d60e7dc3,05b7bab4beef95cc077c40c8cc949baf46a83e36cf9903f6bc97f9f5bcbe3253,non_target_alert_rate,2026091900|2026091901|2026091902|2026091903|2026091904|2026091905|2026091906|2026091907|2026091908|2026091909|2026091910|2026091911|2026091912|2026091913|2026091914|2026091915|2026091916|2026091917|2026091918|2026091919,20,20,0,0.0,10934.159000000001,11033.564999999999
categorical_standard_n1200,categorical,categorical,standard,1200,0.0,0.02,quality,income,reference_missing_fraction,False,509c56e4630c19b10684cda4fdeed3d2d60e7dc3,05b7bab4beef95cc077c40c8cc949baf46a83e36cf9903f6bc97f9f5bcbe3253,non_target_alert_rate,2026091900|2026091901|2026091902|2026091903|2026091904|2026091905|2026091906|2026091907|2026091908|2026091909|2026091910|2026091911|2026091912|2026091913|2026091914|2026091915|2026091916|2026091917|2026091918|2026091919,20,20,0,0.0,0.020000000000000004,0.02
categorical_standard_n1200,categorical,categorical,standard,1200,0.0,0.02,quality,region,current_missing_fraction,False,509c56e4630c19b10684cda4fdeed3d2d60e7dc3,05b7bab4beef95cc077c40c8cc949baf46a83e36cf9903f6bc97f9f5bcbe3253,non_target_alert_rate,2026091900|2026091901|2026091902|2026091903|2026091904|2026091905|2026091906|2026091907|2026091908|2026091909|2026091910|2026091911|2026091912|2026091913|2026091914|2026091915|2026091916|2026091917|2026091918|2026091919,20,20,0,0.0,0.0,0.0
categorical_standard_n1200,categorical,categorical,standard,1200,0.0,0.02,quality,region,missing_increase_pp,False,509c56e4630c19b10684cda4fdeed3d2d60e7dc3,05b7bab4beef95cc077c40c8cc949baf46a83e36cf9903f6bc97f9f5bcbe3253,non_target_alert_rate,2026091900|2026091901|2026091902|2026091903|2026091904|2026091905|2026091906|2026091907|2026091908|2026091909|2026091910|2026091911|2026091912|2026091913|2026091914|2026091915|2026091916|2026091917|2026091918|2026091919,20,20,0,0.0,0.0,0.0
categorical_standard_n1200,categorical,categorical,standard,1200,0.0,0.02,quality,region,reference_missing_fraction,False,509c56e4630c19b10684cda4fdeed3d2d60e7dc3,05b7bab4beef95cc077c40c8cc949baf46a83e36cf9903f6bc97f9f5bcbe3253,non_target_alert_rate,2026091900|2026091901|2026091902|2026091903|2026091904|2026091905|2026091906|2026091907|2026091908|2026091909|2026091910|2026091911|2026091912|2026091913|2026091914|2026091915|2026091916|2026091917|2026091918|2026091919,20,20,0,0.0,0.0,0.0
categorical_standard_n1200,categorical,categorical,standard,1200,0.0,0.02,quality,,current_duplicate_fraction,False,509c56e4630c19b10684cda4fdeed3d2d60e7dc3,05b7bab4beef95cc077c40c8cc949baf46a83e36cf9903f6bc97f9f5bcbe3253,non_target_alert_rate,2026091900|2026091901|2026091902|2026091903|2026091904|2026091905|2026091906|2026091907|2026091908|2026091909|2026091910|2026091911|2026091912|2026091913|2026091914|2026091915|2026091916|2026091917|2026091918|2026091919,20,20,0,0.0,0.0016249999999999997,0.0016666666666666668
categorical_standard_n1200,categorical,categorical,standard,1200,0.0,0.02,quality,,reference_duplicate_fraction,False,509c56e4630c19b10684cda4fdeed3d2d60e7dc3,05b7bab4beef95cc077c40c8cc949baf46a83e36cf9903f6bc97f9f5bcbe3253,non_target_alert_rate,2026091900|2026091901|2026091902|2026091903|2026091904|2026091905|2026091906|2026091907|2026091908|2026091909|2026091910|2026091911|2026091912|2026091913|2026091914|2026091915|2026091916|2026091917|2026091918|2026091919,20,20,0,0.0,0.004259999999999999,0.0042
categorical_standard_n3000,categorical,categorical,standard,3000,0.0,0.02,adversarial,,roc_auc,True,509c56e4630c19b10684cda4fdeed3d2d60e7dc3,05b7bab4beef95cc077c40c8cc949baf46a83e36cf9903f6bc97f9f5bcbe3253,detection_rate,2026091900|2026091901|2026091902|2026091903|2026091904|2026091905|2026091906|2026091907|2026091908|2026091909|2026091910|2026091911|2026091912|2026091913|2026091914|2026091915|2026091916|2026091917|2026091918|2026091919,20,20,0,0.0,0.6291411033333334,0.6297385166666667
categorical_standard_n3000,categorical,categorical,standard,3000,0.0,0.02,drift,age,js,False,509c56e4630c19b10684cda4fdeed3d2d60e7dc3,05b7bab4beef95cc077c40c8cc949baf46a83e36cf9903f6bc97f9f5bcbe3253,non_target_alert_rate,2026091900|2026091901|2026091902|2026091903|2026091904|2026091905|2026091906|2026091907|2026091908|2026091909|2026091910|2026091911|2026091912|2026091913|2026091914|2026091915|2026091916|2026091917|2026091918|2026091919,20,20,0,0.0,0.000828077560848835,0.0007868214199912456
categorical_standard_n3000,categorical,categorical,standard,3000,0.0,0.02,drift,age,ks,False,509c56e4630c19b10684cda4fdeed3d2d60e7dc3,05b7bab4beef95cc077c40c8cc949baf46a83e36cf9903f6bc97f9f5bcbe3253,non_target_alert_rate,2026091900|2026091901|2026091902|2026091903|2026091904|2026091905|2026091906|2026091907|2026091908|2026091909|2026091910|2026091911|2026091912|2026091913|2026091914|2026091915|2026091916|2026091917|2026091918|2026091919,20,20,0,0.0,0.016439999999999996,0.01563333333333329
categorical_standard_n3000,categorical,categorical,standard,3000,0.0,0.02,drift,age,psi,False,509c56e4630c19b10684cda4fdeed3d2d60e7dc3,05b7bab4beef95cc077c40c8cc949baf46a83e36cf9903f6bc97f9f5bcbe3253,non_target_alert_rate,2026091900|2026091901|2026091902|2026091903|2026091904|2026091905|2026091906|2026091907|2026091908|2026091909|2026091910|2026091911|2026091912|2026091913|2026091914|2026091915|2026091916|2026091917|2026091918|2026091919,20,20,0,0.0,0.004594795767509158,0.004364898121808758
categorical_standard_n3000,categorical,categorical,standard,3000,0.0,0.02,drift,age,wasserstein,False,509c56e4630c19b10684cda4fdeed3d2d60e7dc3,05b7bab4beef95cc077c40c8cc949baf46a83e36cf9903f6bc97f9f5bcbe3253,non_target_alert_rate,2026091900|2026091901|2026091902|2026091903|2026091904|2026091905|2026091906|2026091907|2026091908|2026091909|2026091910|2026091911|2026091912|2026091913|2026091914|2026091915|2026091916|2026091917|2026091918|2026091919,20,20,0,0.0,0.33586333333333335,0.2929333333333333
categorical_standard_n3000,categorical,categorical,standard,3000,0.0,0.02,drift,income,js,False,509c56e4630c19b10684cda4fdeed3d2d60e7dc3,05b7bab4beef95cc077c40c8cc949baf46a83e36cf9903f6bc97f9f5bcbe3253,non_target_alert_rate,2026091900|2026091901|2026091902|2026091903|2026091904|2026091905|2026091906|2026091907|2026091908|2026091909|2026091910|2026091911|2026091912|2026091913|2026091914|2026091915|2026091916|2026091917|2026091918|2026091919,20,20,0,0.0,0.0008422728387044618,0.0006696831271676581
categorical_standard_n3000,categorical,categorical,standard,3000,0.0,0.02,drift,income,ks,False,509c56e4630c19b10684cda4fdeed3d2d60e7dc3,05b7bab4beef95cc077c40c8cc949baf46a83e36cf9903f6bc97f9f5bcbe3253,non_target_alert_rate,2026091900|2026091901|2026091902|2026091903|2026091904|2026091905|2026091906|2026091907|2026091908|2026091909|2026091910|2026091911|2026091912|2026091913|2026091914|2026091915|2026091916|2026091917|2026091918|2026091919,20,20,1,0.05,0.020693877551020402,0.019115646258503344
categorical_standard_n3000,categorical,categorical,standard,3000,0.0,0.02,drift,income,psi,False,509c56e4630c19b10684cda4fdeed3d2d60e7dc3,05b7bab4beef95cc077c40c8cc949baf46a83e36cf9903f6bc97f9f5bcbe3253,non_target_alert_rate,2026091900|2026091901|2026091902|2026091903|2026091904|2026091905|2026091906|2026091907|2026091908|2026091909|2026091910|2026091911|2026091912|2026091913|2026091914|2026091915|2026091916|2026091917|2026091918|2026091919,20,20,0,0.0,0.004673964161402819,0.0037146030781121716
categorical_standard_n3000,categorical,categorical,standard,3000,0.0,0.02,drift,income,wasserstein,False,509c56e4630c19b10684cda4fdeed3d2d60e7dc3,05b7bab4beef95cc077c40c8cc949baf46a83e36cf9903f6bc97f9f5bcbe3253,non_target_alert_rate,2026091900|2026091901|2026091902|2026091903|2026091904|2026091905|2026091906|2026091907|2026091908|2026091909|2026091910|2026091911|2026091912|2026091913|2026091914|2026091915|2026091916|2026091917|2026091918|2026091919,20,0,0,,1998.0276761904765,1872.539914285714
categorical_standard_n3000,categorical,categorical,standard,3000,0.0,0.02,drift,region,chi2,True,509c56e4630c19b10684cda4fdeed3d2d60e7dc3,05b7bab4beef95cc077c40c8cc949baf46a83e36cf9903f6bc97f9f5bcbe3253,detection_rate,2026091900|2026091901|2026091902|2026091903|2026091904|2026091905|2026091906|2026091907|2026091908|2026091909|2026091910|2026091911|2026091912|2026091913|2026091914|2026091915|2026091916|2026091917|2026091918|2026091919,20,20,20,1.0,507.4627679987281,497.50382345290006
categorical_standard_n3000,categorical,categorical,standard,3000,0.0,0.02,drift,region,js,True,509c56e4630c19b10684cda4fdeed3d2d60e7dc3,05b7bab4beef95cc077c40c8cc949baf46a83e36cf9903f6bc97f9f5bcbe3253,detection_rate,2026091900|2026091901|2026091902|2026091903|2026091904|2026091905|2026091906|2026091907|2026091908|2026091909|2026091910|2026091911|2026091912|2026091913|2026091914|2026091915|2026091916|2026091917|2026091918|2026091919,20,20,6,0.3,0.04886940767879473,0.048128980142377494
categorical_standard_n3000,categorical,categorical,standard,3000,0.0,0.02,drift,region,psi,True,509c56e4630c19b10684cda4fdeed3d2d60e7dc3,05b7bab4beef95cc077c40c8cc949baf46a83e36cf9903f6bc97f9f5bcbe3253,detection_rate,2026091900|2026091901|2026091902|2026091903|2026091904|2026091905|2026091906|2026091907|2026091908|2026091909|2026091910|2026091911|2026091912|2026091913|2026091914|2026091915|2026091916|2026091917|2026091918|2026091919,20,20,20,1.0,0.27500595980200593,0.27100459682889605
categorical_standard_n3000,categorical,categorical,standard,3000,0.0,0.02,quality,age,current_infinite_count,False,509c56e4630c19b10684cda4fdeed3d2d60e7dc3,05b7bab4beef95cc077c40c8cc949baf46a83e36cf9903f6bc97f9f5bcbe3253,non_target_alert_rate,2026091900|2026091901|2026091902|2026091903|2026091904|2026091905|2026091906|2026091907|2026091908|2026091909|2026091910|2026091911|2026091912|2026091913|2026091914|2026091915|2026091916|2026091917|2026091918|2026091919,20,20,0,0.0,0.0,0.0
categorical_standard_n3000,categorical,categorical,standard,3000,0.0,0.02,quality,age,current_max,False,509c56e4630c19b10684cda4fdeed3d2d60e7dc3,05b7bab4beef95cc077c40c8cc949baf46a83e36cf9903f6bc97f9f5bcbe3253,non_target_alert_rate,2026091900|2026091901|2026091902|2026091903|2026091904|2026091905|2026091906|2026091907|2026091908|2026091909|2026091910|2026091911|2026091912|2026091913|2026091914|2026091915|2026091916|2026091917|2026091918|2026091919,20,20,0,0.0,84.95,83.5
categorical_standard_n3000,categorical,categorical,standard,3000,0.0,0.02,quality,age,current_min,False,509c56e4630c19b10684cda4fdeed3d2d60e7dc3,05b7bab4beef95cc077c40c8cc949baf46a83e36cf9903f6bc97f9f5bcbe3253,non_target_alert_rate,2026091900|2026091901|2026091902|2026091903|2026091904|2026091905|2026091906|2026091907|2026091908|2026091909|2026091910|2026091911|2026091912|2026091913|2026091914|2026091915|2026091916|2026091917|2026091918|2026091919,20,20,0,0.0,18.0,18.0
categorical_standard_n3000,categorical,categorical,standard,3000,0.0,0.02,quality,age,current_missing_fraction,False,509c56e4630c19b10684cda4fdeed3d2d60e7dc3,05b7bab4beef95cc077c40c8cc949baf46a83e36cf9903f6bc97f9f5bcbe3253,non_target_alert_rate,2026091900|2026091901|2026091902|2026091903|2026091904|2026091905|2026091906|2026091907|2026091908|2026091909|2026091910|2026091911|2026091912|2026091913|2026091914|2026091915|2026091916|2026091917|2026091918|2026091919,20,20,0,0.0,0.0,0.0
categorical_standard_n3000,categorical,categorical,standard,3000,0.0,0.02,quality,age,missing_increase_pp,False,509c56e4630c19b10684cda4fdeed3d2d60e7dc3,05b7bab4beef95cc077c40c8cc949baf46a83e36cf9903f6bc97f9f5bcbe3253,non_target_alert_rate,2026091900|2026091901|2026091902|2026091903|2026091904|2026091905|2026091906|2026091907|2026091908|2026091909|2026091910|2026091911|2026091912|2026091913|2026091914|2026091915|2026091916|2026091917|2026091918|2026091919,20,20,0,0.0,0.0,0.0
categorical_standard_n3000,categorical,categorical,standard,3000,0.0,0.02,quality,age,reference_infinite_count,False,509c56e4630c19b10684cda4fdeed3d2d60e7dc3,05b7bab4beef95cc077c40c8cc949baf46a83e36cf9903f6bc97f9f5bcbe3253,non_target_alert_rate,2026091900|2026091901|2026091902|2026091903|2026091904|2026091905|2026091906|2026091907|2026091908|2026091909|2026091910|2026091911|2026091912|2026091913|2026091914|2026091915|2026091916|2026091917|2026091918|2026091919,20,20,0,0.0,0.0,0.0
categorical_standard_n3000,categorical,categorical,standard,3000,0.0,0.02,quality,age,reference_max,False,509c56e4630c19b10684cda4fdeed3d2d60e7dc3,05b7bab4beef95cc077c40c8cc949baf46a83e36cf9903f6bc97f9f5bcbe3253,non_target_alert_rate,2026091900|2026091901|2026091902|2026091903|2026091904|2026091905|2026091906|2026091907|2026091908|2026091909|2026091910|2026091911|2026091912|2026091913|2026091914|2026091915|2026091916|2026091917|2026091918|2026091919,20,20,0,0.0,86.6,86.5
categorical_standard_n3000,categorical,categorical,standard,3000,0.0,0.02,quality,age,reference_min,False,509c56e4630c19b10684cda4fdeed3d2d60e7dc3,05b7bab4beef95cc077c40c8cc949baf46a83e36cf9903f6bc97f9f5bcbe3253,non_target_alert_rate,2026091900|2026091901|2026091902|2026091903|2026091904|2026091905|2026091906|2026091907|2026091908|2026091909|2026091910|2026091911|2026091912|2026091913|2026091914|2026091915|2026091916|2026091917|2026091918|2026091919,20,20,0,0.0,18.0,18.0
categorical_standard_n3000,categorical,categorical,standard,3000,0.0,0.02,quality,age,reference_missing_fraction,False,509c56e4630c19b10684cda4fdeed3d2d60e7dc3,05b7bab4beef95cc077c40c8cc949baf46a83e36cf9903f6bc97f9f5bcbe3253,non_target_alert_rate,2026091900|2026091901|2026091902|2026091903|2026091904|2026091905|2026091906|2026091907|2026091908|2026091909|2026091910|2026091911|2026091912|2026091913|2026091914|2026091915|2026091916|2026091917|2026091918|2026091919,20,20,0,0.0,0.0,0.0
categorical_standard_n3000,categorical,categorical,standard,3000,0.0,0.02,quality,income,current_infinite_count,False,509c56e4630c19b10684cda4fdeed3d2d60e7dc3,05b7bab4beef95cc077c40c8cc949baf46a83e36cf9903f6bc97f9f5bcbe3253,non_target_alert_rate,2026091900|2026091901|2026091902|2026091903|2026091904|2026091905|2026091906|2026091907|2026091908|2026091909|2026091910|2026091911|2026091912|2026091913|2026091914|2026091915|2026091916|2026091917|2026091918|2026091919,20,20,0,0.0,0.0,0.0
categorical_standard_n3000,categorical,categorical,standard,3000,0.0,0.02,quality,income,current_max,False,509c56e4630c19b10684cda4fdeed3d2d60e7dc3,05b7bab4beef95cc077c40c8cc949baf46a83e36cf9903f6bc97f9f5bcbe3253,non_target_alert_rate,2026091900|2026091901|2026091902|2026091903|2026091904|2026091905|2026091906|2026091907|2026091908|2026091909|2026091910|2026091911|2026091912|2026091913|2026091914|2026091915|2026091916|2026091917|2026091918|2026091919,20,20,0,0.0,568823.3389999999,578353.25
categorical_standard_n3000,categorical,categorical,standard,3000,0.0,0.02,quality,income,current_min,False,509c56e4630c19b10684cda4fdeed3d2d60e7dc3,05b7bab4beef95cc077c40c8cc949baf46a83e36cf9903f6bc97f9f5bcbe3253,non_target_alert_rate,2026091900|2026091901|2026091902|2026091903|2026091904|2026091905|2026091906|2026091907|2026091908|2026091909|2026091910|2026091911|2026091912|2026091913|2026091914|2026091915|2026091916|2026091917|2026091918|2026091919,20,20,0,0.0,12188.2975,12446.635
categorical_standard_n3000,categorical,categorical,standard,3000,0.0,0.02,quality,income,current_missing_fraction,False,509c56e4630c19b10684cda4fdeed3d2d60e7dc3,05b7bab4beef95cc077c40c8cc949baf46a83e36cf9903f6bc97f9f5bcbe3253,non_target_alert_rate,2026091900|2026091901|2026091902|2026091903|2026091904|2026091905|2026091906|2026091907|2026091908|2026091909|2026091910|2026091911|2026091912|2026091913|2026091914|2026091915|2026091916|2026091917|2026091918|2026091919,20,20,0,0.0,0.020000000000000004,0.02
categorical_standard_n3000,categorical,categorical,standard,3000,0.0,0.02,quality,income,missing_increase_pp,False,509c56e4630c19b10684cda4fdeed3d2d60e7dc3,05b7bab4beef95cc077c40c8cc949baf46a83e36cf9903f6bc97f9f5bcbe3253,non_target_alert_rate,2026091900|2026091901|2026091902|2026091903|2026091904|2026091905|2026091906|2026091907|2026091908|2026091909|2026091910|2026091911|2026091912|2026091913|2026091914|2026091915|2026091916|2026091917|2026091918|2026091919,20,20,0,0.0,0.0,0.0
categorical_standard_n3000,categorical,categorical,standard,3000,0.0,0.02,quality,income,reference_infinite_count,False,509c56e4630c19b10684cda4fdeed3d2d60e7dc3,05b7bab4beef95cc077c40c8cc949baf46a83e36cf9903f6bc97f9f5bcbe3253,non_target_alert_rate,2026091900|2026091901|2026091902|2026091903|2026091904|2026091905|2026091906|2026091907|2026091908|2026091909|2026091910|2026091911|2026091912|2026091913|2026091914|2026091915|2026091916|2026091917|2026091918|2026091919,20,20,0,0.0,0.0,0.0
categorical_standard_n3000,categorical,categorical,standard,3000,0.0,0.02,quality,income,reference_max,False,509c56e4630c19b10684cda4fdeed3d2d60e7dc3,05b7bab4beef95cc077c40c8cc949baf46a83e36cf9903f6bc97f9f5bcbe3253,non_target_alert_rate,2026091900|2026091901|2026091902|2026091903|2026091904|2026091905|2026091906|2026091907|2026091908|2026091909|2026091910|2026091911|2026091912|2026091913|2026091914|2026091915|2026091916|2026091917|2026091918|2026091919,20,20,0,0.0,619557.1195,611724.875
categorical_standard_n3000,categorical,categorical,standard,3000,0.0,0.02,quality,income,reference_min,False,509c56e4630c19b10684cda4fdeed3d2d60e7dc3,05b7bab4beef95cc077c40c8cc949baf46a83e36cf9903f6bc97f9f5bcbe3253,non_target_alert_rate,2026091900|2026091901|2026091902|2026091903|2026091904|2026091905|2026091906|2026091907|2026091908|2026091909|2026091910|2026091911|2026091912|2026091913|2026091914|2026091915|2026091916|2026091917|2026091918|2026091919,20,20,0,0.0,10934.159000000001,11033.564999999999
categorical_standard_n3000,categorical,categorical,standard,3000,0.0,0.02,quality,income,reference_missing_fraction,False,509c56e4630c19b10684cda4fdeed3d2d60e7dc3,05b7bab4beef95cc077c40c8cc949baf46a83e36cf9903f6bc97f9f5bcbe3253,non_target_alert_rate,2026091900|2026091901|2026091902|2026091903|2026091904|2026091905|2026091906|2026091907|2026091908|2026091909|2026091910|2026091911|2026091912|2026091913|2026091914|2026091915|2026091916|2026091917|2026091918|2026091919,20,20,0,0.0,0.020000000000000004,0.02
categorical_standard_n3000,categorical,categorical,standard,3000,0.0,0.02,quality,region,current_missing_fraction,False,509c56e4630c19b10684cda4fdeed3d2d60e7dc3,05b7bab4beef95cc077c40c8cc949baf46a83e36cf9903f6bc97f9f5bcbe3253,non_target_alert_rate,2026091900|2026091901|2026091902|2026091903|2026091904|2026091905|2026091906|2026091907|2026091908|2026091909|2026091910|2026091911|2026091912|2026091913|2026091914|2026091915|2026091916|2026091917|2026091918|2026091919,20,20,0,0.0,0.0,0.0
categorical_standard_n3000,categorical,categorical,standard,3000,0.0,0.02,quality,region,missing_increase_pp,False,509c56e4630c19b10684cda4fdeed3d2d60e7dc3,05b7bab4beef95cc077c40c8cc949baf46a83e36cf9903f6bc97f9f5bcbe3253,non_target_alert_rate,2026091900|2026091901|2026091902|2026091903|2026091904|2026091905|2026091906|2026091907|2026091908|2026091909|2026091910|2026091911|2026091912|2026091913|2026091914|2026091915|2026091916|2026091917|2026091918|2026091919,20,20,0,0.0,0.0,0.0
categorical_standard_n3000,categorical,categorical,standard,3000,0.0,0.02,quality,region,reference_missing_fraction,False,509c56e4630c19b10684cda4fdeed3d2d60e7dc3,05b7bab4beef95cc077c40c8cc949baf46a83e36cf9903f6bc97f9f5bcbe3253,non_target_alert_rate,2026091900|2026091901|2026091902|2026091903|2026091904|2026091905|2026091906|2026091907|2026091908|2026091909|2026091910|2026091911|2026091912|2026091913|2026091914|2026091915|2026091916|2026091917|2026091918|2026091919,20,20,0,0.0,0.0,0.0
categorical_standard_n3000,categorical,categorical,standard,3000,0.0,0.02,quality,,current_duplicate_fraction,False,509c56e4630c19b10684cda4fdeed3d2d60e7dc3,05b7bab4beef95cc077c40c8cc949baf46a83e36cf9903f6bc97f9f5bcbe3253,non_target_alert_rate,2026091900|2026091901|2026091902|2026091903|2026091904|2026091905|2026091906|2026091907|2026091908|2026091909|2026091910|2026091911|2026091912|2026091913|2026091914|2026091915|2026091916|2026091917|2026091918|2026091919,20,20,0,0.0,0.0041666666666666675,0.004
categorical_standard_n3000,categorical,categorical,standard,3000,0.0,0.02,quality,,reference_duplicate_fraction,False,509c56e4630c19b10684cda4fdeed3d2d60e7dc3,05b7bab4beef95cc077c40c8cc949baf46a83e36cf9903f6bc97f9f5bcbe3253,non_target_alert_rate,2026091900|2026091901|2026091902|2026091903|2026091904|2026091905|2026091906|2026091907|2026091908|2026091909|2026091910|2026091911|2026091912|2026091913|2026091914|2026091915|2026091916|2026091917|2026091918|2026091919,20,20,0,0.0,0.004259999999999999,0.0042
categorical_standard_n500,categorical,categorical,standard,500,0.0,0.02,adversarial,,roc_auc,True,509c56e4630c19b10684cda4fdeed3d2d60e7dc3,05b7bab4beef95cc077c40c8cc949baf46a83e36cf9903f6bc97f9f5bcbe3253,detection_rate,2026091900|2026091901|2026091902|2026091903|2026091904|2026091905|2026091906|2026091907|2026091908|2026091909|2026091910|2026091911|2026091912|2026091913|2026091914|2026091915|2026091916|2026091917|2026091918|2026091919,20,20,0,0.0,0.6056788899999999,0.6076397
categorical_standard_n500,categorical,categorical,standard,500,0.0,0.02,drift,age,js,False,509c56e4630c19b10684cda4fdeed3d2d60e7dc3,05b7bab4beef95cc077c40c8cc949baf46a83e36cf9903f6bc97f9f5bcbe3253,non_target_alert_rate,2026091900|2026091901|2026091902|2026091903|2026091904|2026091905|2026091906|2026091907|2026091908|2026091909|2026091910|2026091911|2026091912|2026091913|2026091914|2026091915|2026091916|2026091917|2026091918|2026091919,20,20,0,0.0,0.0034443352479745426,0.003030591434741451
categorical_standard_n500,categorical,categorical,standard,500,0.0,0.02,drift,age,ks,False,509c56e4630c19b10684cda4fdeed3d2d60e7dc3,05b7bab4beef95cc077c40c8cc949baf46a83e36cf9903f6bc97f9f5bcbe3253,non_target_alert_rate,2026091900|2026091901|2026091902|2026091903|2026091904|2026091905|2026091906|2026091907|2026091908|2026091909|2026091910|2026091911|2026091912|2026091913|2026091914|2026091915|2026091916|2026091917|2026091918|2026091919,20,20,0,0.0,0.03266,0.03390000000000001
categorical_standard_n500,categorical,categorical,standard,500,0.0,0.02,drift,age,psi,False,509c56e4630c19b10684cda4fdeed3d2d60e7dc3,05b7bab4beef95cc077c40c8cc949baf46a83e36cf9903f6bc97f9f5bcbe3253,non_target_alert_rate,2026091900|2026091901|2026091902|2026091903|2026091904|2026091905|2026091906|2026091907|2026091908|2026091909|2026091910|2026091911|2026091912|2026091913|2026091914|2026091915|2026091916|2026091917|2026091918|2026091919,20,20,0,0.0,0.019146684544178443,0.016826852551802024
categorical_standard_n500,categorical,categorical,standard,500,0.0,0.02,drift,age,wasserstein,False,509c56e4630c19b10684cda4fdeed3d2d60e7dc3,05b7bab4beef95cc077c40c8cc949baf46a83e36cf9903f6bc97f9f5bcbe3253,non_target_alert_rate,2026091900|2026091901|2026091902|2026091903|2026091904|2026091905|2026091906|2026091907|2026091908|2026091909|2026091910|2026091911|2026091912|2026091913|2026091914|2026091915|2026091916|2026091917|2026091918|2026091919,20,20,0,0.0,0.60104,0.5980000000000001
categorical_standard_n500,categorical,categorical,standard,500,0.0,0.02,drift,income,js,False,509c56e4630c19b10684cda4fdeed3d2d60e7dc3,05b7bab4beef95cc077c40c8cc949baf46a83e36cf9903f6bc97f9f5bcbe3253,non_target_alert_rate,2026091900|2026091901|2026091902|2026091903|2026091904|2026091905|2026091906|2026091907|2026091908|2026091909|2026091910|2026091911|2026091912|2026091913|2026091914|2026091915|2026091916|2026091917|2026091918|2026091919,20,20,0,0.0,0.002613253671303028,0.002194773297986808
categorical_standard_n500,categorical,categorical,standard,500,0.0,0.02,drift,income,ks,False,509c56e4630c19b10684cda4fdeed3d2d60e7dc3,05b7bab4beef95cc077c40c8cc949baf46a83e36cf9903f6bc97f9f5bcbe3253,non_target_alert_rate,2026091900|2026091901|2026091902|2026091903|2026091904|2026091905|2026091906|2026091907|2026091908|2026091909|2026091910|2026091911|2026091912|2026091913|2026091914|2026091915|2026091916|2026091917|2026091918|2026091919,20,20,1,0.05,0.03655102040816326,0.03479591836734694
categorical_standard_n500,categorical,categorical,standard,500,0.0,0.02,drift,income,psi,False,509c56e4630c19b10684cda4fdeed3d2d60e7dc3,05b7bab4beef95cc077c40c8cc949baf46a83e36cf9903f6bc97f9f5bcbe3253,non_target_alert_rate,2026091900|2026091901|2026091902|2026091903|2026091904|2026091905|2026091906|2026091907|2026091908|2026091909|2026091910|2026091911|2026091912|2026091913|2026091914|2026091915|2026091916|2026091917|2026091918|2026091919,20,20,0,0.0,0.014517859426963677,0.012184815417315031
categorical_standard_n500,categorical,categorical,standard,500,0.0,0.02,drift,income,wasserstein,False,509c56e4630c19b10684cda4fdeed3d2d60e7dc3,05b7bab4beef95cc077c40c8cc949baf46a83e36cf9903f6bc97f9f5bcbe3253,non_target_alert_rate,2026091900|2026091901|2026091902|2026091903|2026091904|2026091905|2026091906|2026091907|2026091908|2026091909|2026091910|2026091911|2026091912|2026091913|2026091914|2026091915|2026091916|2026091917|2026091918|2026091919,20,0,0,,3118.3180965306133,3141.940216326532
categorical_standard_n500,categorical,categorical,standard,500,0.0,0.02,drift,region,chi2,True,509c56e4630c19b10684cda4fdeed3d2d60e7dc3,05b7bab4beef95cc077c40c8cc949baf46a83e36cf9903f6bc97f9f5bcbe3253,detection_rate,2026091900|2026091901|2026091902|2026091903|2026091904|2026091905|2026091906|2026091907|2026091908|2026091909|2026091910|2026091911|2026091912|2026091913|2026091914|2026091915|2026091916|2026091917|2026091918|2026091919,20,20,20,1.0,131.71313126426134,130.80665890358307
categorical_standard_n500,categorical,categorical,standard,500,0.0,0.02,drift,region,js,True,509c56e4630c19b10684cda4fdeed3d2d60e7dc3,05b7bab4beef95cc077c40c8cc949baf46a83e36cf9903f6bc97f9f5bcbe3253,detection_rate,2026091900|2026091901|2026091902|2026091903|2026091904|2026091905|2026091906|2026091907|2026091908|2026091909|2026091910|2026091911|2026091912|2026091913|2026091914|2026091915|2026091916|2026091917|2026091918|2026091919,20,20,8,0.4,0.04926125891488707,0.04869111956004306
categorical_standard_n500,categorical,categorical,standard,500,0.0,0.02,drift,region,psi,True,509c56e4630c19b10684cda4fdeed3d2d60e7dc3,05b7bab4beef95cc077c40c8cc949baf46a83e36cf9903f6bc97f9f5bcbe3253,detection_rate,2026091900|2026091901|2026091902|2026091903|2026091904|2026091905|2026091906|2026091907|2026091908|2026091909|2026091910|2026091911|2026091912|2026091913|2026091914|2026091915|2026091916|2026091917|2026091918|2026091919,20,20,20,1.0,0.27755591811760816,0.2739383118774172
categorical_standard_n500,categorical,categorical,standard,500,0.0,0.02,quality,age,current_infinite_count,False,509c56e4630c19b10684cda4fdeed3d2d60e7dc3,05b7bab4beef95cc077c40c8cc949baf46a83e36cf9903f6bc97f9f5bcbe3253,non_target_alert_rate,2026091900|2026091901|2026091902|2026091903|2026091904|2026091905|2026091906|2026091907|2026091908|2026091909|2026091910|2026091911|2026091912|2026091913|2026091914|2026091915|2026091916|2026091917|2026091918|2026091919,20,20,0,0.0,0.0,0.0
categorical_standard_n500,categorical,categorical,standard,500,0.0,0.02,quality,age,current_max,False,509c56e4630c19b10684cda4fdeed3d2d60e7dc3,05b7bab4beef95cc077c40c8cc949baf46a83e36cf9903f6bc97f9f5bcbe3253,non_target_alert_rate,2026091900|2026091901|2026091902|2026091903|2026091904|2026091905|2026091906|2026091907|2026091908|2026091909|2026091910|2026091911|2026091912|2026091913|2026091914|2026091915|2026091916|2026091917|2026091918|2026091919,20,20,0,0.0,78.5,77.0
categorical_standard_n500,categorical,categorical,standard,500,0.0,0.02,quality,age,current_min,False,509c56e4630c19b10684cda4fdeed3d2d60e7dc3,05b7bab4beef95cc077c40c8cc949baf46a83e36cf9903f6bc97f9f5bcbe3253,non_target_alert_rate,2026091900|2026091901|2026091902|2026091903|2026091904|2026091905|2026091906|2026091907|2026091908|2026091909|2026091910|2026091911|2026091912|2026091913|2026091914|2026091915|2026091916|2026091917|2026091918|2026091919,20,20,0,0.0,18.0,18.0
categorical_standard_n500,categorical,categorical,standard,500,0.0,0.02,quality,age,current_missing_fraction,False,509c56e4630c19b10684cda4fdeed3d2d60e7dc3,05b7bab4beef95cc077c40c8cc949baf46a83e36cf9903f6bc97f9f5bcbe3253,non_target_alert_rate,2026091900|2026091901|2026091902|2026091903|2026091904|2026091905|2026091906|2026091907|2026091908|2026091909|2026091910|2026091911|2026091912|2026091913|2026091914|2026091915|2026091916|2026091917|2026091918|2026091919,20,20,0,0.0,0.0,0.0
categorical_standard_n500,categorical,categorical,standard,500,0.0,0.02,quality,age,missing_increase_pp,False,509c56e4630c19b10684cda4fdeed3d2d60e7dc3,05b7bab4beef95cc077c40c8cc949baf46a83e36cf9903f6bc97f9f5bcbe3253,non_target_alert_rate,2026091900|2026091901|2026091902|2026091903|2026091904|2026091905|2026091906|2026091907|2026091908|2026091909|2026091910|2026091911|2026091912|2026091913|2026091914|2026091915|2026091916|2026091917|2026091918|2026091919,20,20,0,0.0,0.0,0.0
categorical_standard_n500,categorical,categorical,standard,500,0.0,0.02,quality,age,reference_infinite_count,False,509c56e4630c19b10684cda4fdeed3d2d60e7dc3,05b7bab4beef95cc077c40c8cc949baf46a83e36cf9903f6bc97f9f5bcbe3253,non_target_alert_rate,2026091900|2026091901|2026091902|2026091903|2026091904|2026091905|2026091906|2026091907|2026091908|2026091909|2026091910|2026091911|2026091912|2026091913|2026091914|2026091915|2026091916|2026091917|2026091918|2026091919,20,20,0,0.0,0.0,0.0
categorical_standard_n500,categorical,categorical,standard,500,0.0,0.02,quality,age,reference_max,False,509c56e4630c19b10684cda4fdeed3d2d60e7dc3,05b7bab4beef95cc077c40c8cc949baf46a83e36cf9903f6bc97f9f5bcbe3253,non_target_alert_rate,2026091900|2026091901|2026091902|2026091903|2026091904|2026091905|2026091906|2026091907|2026091908|2026091909|2026091910|2026091911|2026091912|2026091913|2026091914|2026091915|2026091916|2026091917|2026091918|2026091919,20,20,0,0.0,86.6,86.5
categorical_standard_n500,categorical,categorical,standard,500,0.0,0.02,quality,age,reference_min,False,509c56e4630c19b10684cda4fdeed3d2d60e7dc3,05b7bab4beef95cc077c40c8cc949baf46a83e36cf9903f6bc97f9f5bcbe3253,non_target_alert_rate,2026091900|2026091901|2026091902|2026091903|2026091904|2026091905|2026091906|2026091907|2026091908|2026091909|2026091910|2026091911|2026091912|2026091913|2026091914|2026091915|2026091916|2026091917|2026091918|2026091919,20,20,0,0.0,18.0,18.0
categorical_standard_n500,categorical,categorical,standard,500,0.0,0.02,quality,age,reference_missing_fraction,False,509c56e4630c19b10684cda4fdeed3d2d60e7dc3,05b7bab4beef95cc077c40c8cc949baf46a83e36cf9903f6bc97f9f5bcbe3253,non_target_alert_rate,2026091900|2026091901|2026091902|2026091903|2026091904|2026091905|2026091906|2026091907|2026091908|2026091909|2026091910|2026091911|2026091912|2026091913|2026091914|2026091915|2026091916|2026091917|2026091918|2026091919,20,20,0,0.0,0.0,0.0
categorical_standard_n500,categorical,categorical,standard,500,0.0,0.02,quality,income,current_infinite_count,False,509c56e4630c19b10684cda4fdeed3d2d60e7dc3,05b7bab4beef95cc077c40c8cc949baf46a83e36cf9903f6bc97f9f5bcbe3253,non_target_alert_rate,2026091900|2026091901|2026091902|2026091903|2026091904|2026091905|2026091906|2026091907|2026091908|2026091909|2026091910|2026091911|2026091912|2026091913|2026091914|2026091915|2026091916|2026091917|2026091918|2026091919,20,20,0,0.0,0.0,0.0
categorical_standard_n500,categorical,categorical,standard,500,0.0,0.02,quality,income,current_max,False,509c56e4630c19b10684cda4fdeed3d2d60e7dc3,05b7bab4beef95cc077c40c8cc949baf46a83e36cf9903f6bc97f9f5bcbe3253,non_target_alert_rate,2026091900|2026091901|2026091902|2026091903|2026091904|2026091905|2026091906|2026091907|2026091908|2026091909|2026091910|2026091911|2026091912|2026091913|2026091914|2026091915|2026091916|2026091917|2026091918|2026091919,20,20,0,0.0,511800.5295,498932.28500000003
categorical_standard_n500,categorical,categorical,standard,500,0.0,0.02,quality,income,current_min,False,509c56e4630c19b10684cda4fdeed3d2d60e7dc3,05b7bab4beef95cc077c40c8cc949baf46a83e36cf9903f6bc97f9f5bcbe3253,non_target_alert_rate,2026091900|2026091901|2026091902|2026091903|2026091904|2026091905|2026091906|2026091907|2026091908|2026091909|2026091910|2026091911|2026091912|2026091913|2026091914|2026091915|2026091916|2026091917|2026091918|2026091919,20,20,0,0.0,15150.136000000002,15449.15
categorical_standard_n500,categorical,categorical,standard,500,0.0,0.02,quality,income,current_missing_fraction,False,509c56e4630c19b10684cda4fdeed3d2d60e7dc3,05b7bab4beef95cc077c40c8cc949baf46a83e36cf9903f6bc97f9f5bcbe3253,non_target_alert_rate,2026091900|2026091901|2026091902|2026091903|2026091904|2026091905|2026091906|2026091907|2026091908|2026091909|2026091910|2026091911|2026091912|2026091913|2026091914|2026091915|2026091916|2026091917|2026091918|2026091919,20,20,0,0.0,0.020000000000000004,0.02
categorical_standard_n500,categorical,categorical,standard,500,0.0,0.02,quality,income,missing_increase_pp,False,509c56e4630c19b10684cda4fdeed3d2d60e7dc3,05b7bab4beef95cc077c40c8cc949baf46a83e36cf9903f6bc97f9f5bcbe3253,non_target_alert_rate,2026091900|2026091901|2026091902|2026091903|2026091904|2026091905|2026091906|2026091907|2026091908|2026091909|2026091910|2026091911|2026091912|2026091913|2026091914|2026091915|2026091916|2026091917|2026091918|2026091919,20,20,0,0.0,0.0,0.0
categorical_standard_n500,categorical,categorical,standard,500,0.0,0.02,quality,income,reference_infinite_count,False,509c56e4630c19b10684cda4fdeed3d2d60e7dc3,05b7bab4beef95cc077c40c8cc949baf46a83e36cf9903f6bc97f9f5bcbe3253,non_target_alert_rate,2026091900|2026091901|2026091902|2026091903|2026091904|2026091905|2026091906|2026091907|2026091908|2026091909|2026091910|2026091911|2026091912|2026091913|2026091914|2026091915|2026091916|2026091917|2026091918|2026091919,20,20,0,0.0,0.0,0.0
categorical_standard_n500,categorical,categorical,standard,500,0.0,0.02,quality,income,reference_max,False,509c56e4630c19b10684cda4fdeed3d2d60e7dc3,05b7bab4beef95cc077c40c8cc949baf46a83e36cf9903f6bc97f9f5bcbe3253,non_target_alert_rate,2026091900|2026091901|2026091902|2026091903|2026091904|2026091905|2026091906|2026091907|2026091908|2026091909|2026091910|2026091911|2026091912|2026091913|2026091914|2026091915|2026091916|2026091917|2026091918|2026091919,20,20,0,0.0,619557.1195,611724.875
categorical_standard_n500,categorical,categorical,standard,500,0.0,0.02,quality,income,reference_min,False,509c56e4630c19b10684cda4fdeed3d2d60e7dc3,05b7bab4beef95cc077c40c8cc949baf46a83e36cf9903f6bc97f9f5bcbe3253,non_target_alert_rate,2026091900|2026091901|2026091902|2026091903|2026091904|2026091905|2026091906|2026091907|2026091908|2026091909|2026091910|2026091911|2026091912|2026091913|2026091914|2026091915|2026091916|2026091917|2026091918|2026091919,20,20,0,0.0,10934.159000000001,11033.564999999999
categorical_standard_n500,categorical,categorical,standard,500,0.0,0.02,quality,income,reference_missing_fraction,False,509c56e4630c19b10684cda4fdeed3d2d60e7dc3,05b7bab4beef95cc077c40c8cc949baf46a83e36cf9903f6bc97f9f5bcbe3253,non_target_alert_rate,2026091900|2026091901|2026091902|2026091903|2026091904|2026091905|2026091906|2026091907|2026091908|2026091909|2026091910|2026091911|2026091912|2026091913|2026091914|2026091915|2026091916|2026091917|2026091918|2026091919,20,20,0,0.0,0.020000000000000004,0.02
categorical_standard_n500,categorical,categorical,standard,500,0.0,0.02,quality,region,current_missing_fraction,False,509c56e4630c19b10684cda4fdeed3d2d60e7dc3,05b7bab4beef95cc077c40c8cc949baf46a83e36cf9903f6bc97f9f5bcbe3253,non_target_alert_rate,2026091900|2026091901|2026091902|2026091903|2026091904|2026091905|2026091906|2026091907|2026091908|2026091909|2026091910|2026091911|2026091912|2026091913|2026091914|2026091915|2026091916|2026091917|2026091918|2026091919,20,20,0,0.0,0.0,0.0
categorical_standard_n500,categorical,categorical,standard,500,0.0,0.02,quality,region,missing_increase_pp,False,509c56e4630c19b10684cda4fdeed3d2d60e7dc3,05b7bab4beef95cc077c40c8cc949baf46a83e36cf9903f6bc97f9f5bcbe3253,non_target_alert_rate,2026091900|2026091901|2026091902|2026091903|2026091904|2026091905|2026091906|2026091907|2026091908|2026091909|2026091910|2026091911|2026091912|2026091913|2026091914|2026091915|2026091916|2026091917|2026091918|2026091919,20,20,0,0.0,0.0,0.0
categorical_standard_n500,categorical,categorical,standard,500,0.0,0.02,quality,region,reference_missing_fraction,False,509c56e4630c19b10684cda4fdeed3d2d60e7dc3,05b7bab4beef95cc077c40c8cc949baf46a83e36cf9903f6bc97f9f5bcbe3253,non_target_alert_rate,2026091900|2026091901|2026091902|2026091903|2026091904|2026091905|2026091906|2026091907|2026091908|2026091909|2026091910|2026091911|2026091912|2026091913|2026091914|2026091915|2026091916|2026091917|2026091918|2026091919,20,20,0,0.0,0.0,0.0
categorical_standard_n500,categorical,categorical,standard,500,0.0,0.02,quality,,current_duplicate_fraction,False,509c56e4630c19b10684cda4fdeed3d2d60e7dc3,05b7bab4beef95cc077c40c8cc949baf46a83e36cf9903f6bc97f9f5bcbe3253,non_target_alert_rate,2026091900|2026091901|2026091902|2026091903|2026091904|2026091905|2026091906|2026091907|2026091908|2026091909|2026091910|2026091911|2026091912|2026091913|2026091914|2026091915|2026091916|2026091917|2026091918|2026091919,20,20,0,0.0,0.0006000000000000001,0.0
categorical_standard_n500,categorical,categorical,standard,500,0.0,0.02,quality,,reference_duplicate_fraction,False,509c56e4630c19b10684cda4fdeed3d2d60e7dc3,05b7bab4beef95cc077c40c8cc949baf46a83e36cf9903f6bc97f9f5bcbe3253,non_target_alert_rate,2026091900|2026091901|2026091902|2026091903|2026091904|2026091905|2026091906|2026091907|2026091908|2026091909|2026091910|2026091911|2026091912|2026091913|2026091914|2026091915|2026091916|2026091917|2026091918|2026091919,20,20,0,0.0,0.004259999999999999,0.0042
combined_acceptance_n1200,combined,combined,acceptance,1200,8.0,0.08,adversarial,,roc_auc,True,509c56e4630c19b10684cda4fdeed3d2d60e7dc3,05b7bab4beef95cc077c40c8cc949baf46a83e36cf9903f6bc97f9f5bcbe3253,detection_rate,2026091900|2026091901|2026091902|2026091903|2026091904|2026091905|2026091906|2026091907|2026091908|2026091909|2026091910|2026091911|2026091912|2026091913|2026091914|2026091915|2026091916|2026091917|2026091918|2026091919,20,20,20,1.0,0.7319697041666666,0.7312805
combined_acceptance_n1200,combined,combined,acceptance,1200,8.0,0.08,drift,age,js,True,509c56e4630c19b10684cda4fdeed3d2d60e7dc3,05b7bab4beef95cc077c40c8cc949baf46a83e36cf9903f6bc97f9f5bcbe3253,detection_rate,2026091900|2026091901|2026091902|2026091903|2026091904|2026091905|2026091906|2026091907|2026091908|2026091909|2026091910|2026091911|2026091912|2026091913|2026091914|2026091915|2026091916|2026091917|2026091918|2026091919,20,20,20,1.0,0.07406695393950902,0.07405655949936882
combined_acceptance_n1200,combined,combined,acceptance,1200,8.0,0.08,drift,age,ks,True,509c56e4630c19b10684cda4fdeed3d2d60e7dc3,05b7bab4beef95cc077c40c8cc949baf46a83e36cf9903f6bc97f9f5bcbe3253,detection_rate,2026091900|2026091901|2026091902|2026091903|2026091904|2026091905|2026091906|2026091907|2026091908|2026091909|2026091910|2026091911|2026091912|2026091913|2026091914|2026091915|2026091916|2026091917|2026091918|2026091919,20,20,20,1.0,0.2641233333333334,0.26595
combined_acceptance_n1200,combined,combined,acceptance,1200,8.0,0.08,drift,age,psi,True,509c56e4630c19b10684cda4fdeed3d2d60e7dc3,05b7bab4beef95cc077c40c8cc949baf46a83e36cf9903f6bc97f9f5bcbe3253,detection_rate,2026091900|2026091901|2026091902|2026091903|2026091904|2026091905|2026091906|2026091907|2026091908|2026091909|2026091910|2026091911|2026091912|2026091913|2026091914|2026091915|2026091916|2026091917|2026091918|2026091919,20,20,20,1.0,0.4647631922811981,0.43012092479166975
combined_acceptance_n1200,combined,combined,acceptance,1200,8.0,0.08,drift,age,wasserstein,True,509c56e4630c19b10684cda4fdeed3d2d60e7dc3,05b7bab4beef95cc077c40c8cc949baf46a83e36cf9903f6bc97f9f5bcbe3253,detection_rate,2026091900|2026091901|2026091902|2026091903|2026091904|2026091905|2026091906|2026091907|2026091908|2026091909|2026091910|2026091911|2026091912|2026091913|2026091914|2026091915|2026091916|2026091917|2026091918|2026091919,20,20,20,1.0,7.907821666666668,8.008833333333332
combined_acceptance_n1200,combined,combined,acceptance,1200,8.0,0.08,drift,income,js,False,509c56e4630c19b10684cda4fdeed3d2d60e7dc3,05b7bab4beef95cc077c40c8cc949baf46a83e36cf9903f6bc97f9f5bcbe3253,non_target_alert_rate,2026091900|2026091901|2026091902|2026091903|2026091904|2026091905|2026091906|2026091907|2026091908|2026091909|2026091910|2026091911|2026091912|2026091913|2026091914|2026091915|2026091916|2026091917|2026091918|2026091919,20,20,0,0.0,0.0014801058864288507,0.001278439820912401
combined_acceptance_n1200,combined,combined,acceptance,1200,8.0,0.08,drift,income,ks,False,509c56e4630c19b10684cda4fdeed3d2d60e7dc3,05b7bab4beef95cc077c40c8cc949baf46a83e36cf9903f6bc97f9f5bcbe3253,non_target_alert_rate,2026091900|2026091901|2026091902|2026091903|2026091904|2026091905|2026091906|2026091907|2026091908|2026091909|2026091910|2026091911|2026091912|2026091913|2026091914|2026091915|2026091916|2026091917|2026091918|2026091919,20,20,1,0.05,0.02790812629399586,0.02575310559006208
combined_acceptance_n1200,combined,combined,acceptance,1200,8.0,0.08,drift,income,psi,False,509c56e4630c19b10684cda4fdeed3d2d60e7dc3,05b7bab4beef95cc077c40c8cc949baf46a83e36cf9903f6bc97f9f5bcbe3253,non_target_alert_rate,2026091900|2026091901|2026091902|2026091903|2026091904|2026091905|2026091906|2026091907|2026091908|2026091909|2026091910|2026091911|2026091912|2026091913|2026091914|2026091915|2026091916|2026091917|2026091918|2026091919,20,20,0,0.0,0.008215597391594132,0.007094589649475144
combined_acceptance_n1200,combined,combined,acceptance,1200,8.0,0.08,drift,income,wasserstein,False,509c56e4630c19b10684cda4fdeed3d2d60e7dc3,05b7bab4beef95cc077c40c8cc949baf46a83e36cf9903f6bc97f9f5bcbe3253,non_target_alert_rate,2026091900|2026091901|2026091902|2026091903|2026091904|2026091905|2026091906|2026091907|2026091908|2026091909|2026091910|2026091911|2026091912|2026091913|2026091914|2026091915|2026091916|2026091917|2026091918|2026091919,20,0,0,,2448.018765187444,2196.5173947500757
combined_acceptance_n1200,combined,combined,acceptance,1200,8.0,0.08,drift,region,chi2,True,509c56e4630c19b10684cda4fdeed3d2d60e7dc3,05b7bab4beef95cc077c40c8cc949baf46a83e36cf9903f6bc97f9f5bcbe3253,detection_rate,2026091900|2026091901|2026091902|2026091903|2026091904|2026091905|2026091906|2026091907|2026091908|2026091909|2026091910|2026091911|2026091912|2026091913|2026091914|2026091915|2026091916|2026091917|2026091918|2026091919,20,20,20,1.0,271.8158838611404,271.1580644437443
combined_acceptance_n1200,combined,combined,acceptance,1200,8.0,0.08,drift,region,js,True,509c56e4630c19b10684cda4fdeed3d2d60e7dc3,05b7bab4beef95cc077c40c8cc949baf46a83e36cf9903f6bc97f9f5bcbe3253,detection_rate,2026091900|2026091901|2026091902|2026091903|2026091904|2026091905|2026091906|2026091907|2026091908|2026091909|2026091910|2026091911|2026091912|2026091913|2026091914|2026091915|2026091916|2026091917|2026091918|2026091919,20,20,9,0.45,0.04911515203355894,0.048750732047075
combined_acceptance_n1200,combined,combined,acceptance,1200,8.0,0.08,drift,region,psi,True,509c56e4630c19b10684cda4fdeed3d2d60e7dc3,05b7bab4beef95cc077c40c8cc949baf46a83e36cf9903f6bc97f9f5bcbe3253,detection_rate,2026091900|2026091901|2026091902|2026091903|2026091904|2026091905|2026091906|2026091907|2026091908|2026091909|2026091910|2026091911|2026091912|2026091913|2026091914|2026091915|2026091916|2026091917|2026091918|2026091919,20,20,20,1.0,0.2765887866642994,0.2744178613675723
combined_acceptance_n1200,combined,combined,acceptance,1200,8.0,0.08,quality,age,current_infinite_count,False,509c56e4630c19b10684cda4fdeed3d2d60e7dc3,05b7bab4beef95cc077c40c8cc949baf46a83e36cf9903f6bc97f9f5bcbe3253,non_target_alert_rate,2026091900|2026091901|2026091902|2026091903|2026091904|2026091905|2026091906|2026091907|2026091908|2026091909|2026091910|2026091911|2026091912|2026091913|2026091914|2026091915|2026091916|2026091917|2026091918|2026091919,20,20,0,0.0,0.0,0.0
combined_acceptance_n1200,combined,combined,acceptance,1200,8.0,0.08,quality,age,current_max,False,509c56e4630c19b10684cda4fdeed3d2d60e7dc3,05b7bab4beef95cc077c40c8cc949baf46a83e36cf9903f6bc97f9f5bcbe3253,non_target_alert_rate,2026091900|2026091901|2026091902|2026091903|2026091904|2026091905|2026091906|2026091907|2026091908|2026091909|2026091910|2026091911|2026091912|2026091913|2026091914|2026091915|2026091916|2026091917|2026091918|2026091919,20,20,0,0.0,88.9,88.5
combined_acceptance_n1200,combined,combined,acceptance,1200,8.0,0.08,quality,age,current_min,False,509c56e4630c19b10684cda4fdeed3d2d60e7dc3,05b7bab4beef95cc077c40c8cc949baf46a83e36cf9903f6bc97f9f5bcbe3253,non_target_alert_rate,2026091900|2026091901|2026091902|2026091903|2026091904|2026091905|2026091906|2026091907|2026091908|2026091909|2026091910|2026091911|2026091912|2026091913|2026091914|2026091915|2026091916|2026091917|2026091918|2026091919,20,20,0,0.0,26.0,26.0
combined_acceptance_n1200,combined,combined,acceptance,1200,8.0,0.08,quality,age,current_missing_fraction,False,509c56e4630c19b10684cda4fdeed3d2d60e7dc3,05b7bab4beef95cc077c40c8cc949baf46a83e36cf9903f6bc97f9f5bcbe3253,non_target_alert_rate,2026091900|2026091901|2026091902|2026091903|2026091904|2026091905|2026091906|2026091907|2026091908|2026091909|2026091910|2026091911|2026091912|2026091913|2026091914|2026091915|2026091916|2026091917|2026091918|2026091919,20,20,0,0.0,0.0,0.0
combined_acceptance_n1200,combined,combined,acceptance,1200,8.0,0.08,quality,age,missing_increase_pp,False,509c56e4630c19b10684cda4fdeed3d2d60e7dc3,05b7bab4beef95cc077c40c8cc949baf46a83e36cf9903f6bc97f9f5bcbe3253,non_target_alert_rate,2026091900|2026091901|2026091902|2026091903|2026091904|2026091905|2026091906|2026091907|2026091908|2026091909|2026091910|2026091911|2026091912|2026091913|2026091914|2026091915|2026091916|2026091917|2026091918|2026091919,20,20,0,0.0,0.0,0.0
combined_acceptance_n1200,combined,combined,acceptance,1200,8.0,0.08,quality,age,reference_infinite_count,False,509c56e4630c19b10684cda4fdeed3d2d60e7dc3,05b7bab4beef95cc077c40c8cc949baf46a83e36cf9903f6bc97f9f5bcbe3253,non_target_alert_rate,2026091900|2026091901|2026091902|2026091903|2026091904|2026091905|2026091906|2026091907|2026091908|2026091909|2026091910|2026091911|2026091912|2026091913|2026091914|2026091915|2026091916|2026091917|2026091918|2026091919,20,20,0,0.0,0.0,0.0
combined_acceptance_n1200,combined,combined,acceptance,1200,8.0,0.08,quality,age,reference_max,False,509c56e4630c19b10684cda4fdeed3d2d60e7dc3,05b7bab4beef95cc077c40c8cc949baf46a83e36cf9903f6bc97f9f5bcbe3253,non_target_alert_rate,2026091900|2026091901|2026091902|2026091903|2026091904|2026091905|2026091906|2026091907|2026091908|2026091909|2026091910|2026091911|2026091912|2026091913|2026091914|2026091915|2026091916|2026091917|2026091918|2026091919,20,20,0,0.0,86.6,86.5
combined_acceptance_n1200,combined,combined,acceptance,1200,8.0,0.08,quality,age,reference_min,False,509c56e4630c19b10684cda4fdeed3d2d60e7dc3,05b7bab4beef95cc077c40c8cc949baf46a83e36cf9903f6bc97f9f5bcbe3253,non_target_alert_rate,2026091900|2026091901|2026091902|2026091903|2026091904|2026091905|2026091906|2026091907|2026091908|2026091909|2026091910|2026091911|2026091912|2026091913|2026091914|2026091915|2026091916|2026091917|2026091918|2026091919,20,20,0,0.0,18.0,18.0
combined_acceptance_n1200,combined,combined,acceptance,1200,8.0,0.08,quality,age,reference_missing_fraction,False,509c56e4630c19b10684cda4fdeed3d2d60e7dc3,05b7bab4beef95cc077c40c8cc949baf46a83e36cf9903f6bc97f9f5bcbe3253,non_target_alert_rate,2026091900|2026091901|2026091902|2026091903|2026091904|2026091905|2026091906|2026091907|2026091908|2026091909|2026091910|2026091911|2026091912|2026091913|2026091914|2026091915|2026091916|2026091917|2026091918|2026091919,20,20,0,0.0,0.0,0.0
combined_acceptance_n1200,combined,combined,acceptance,1200,8.0,0.08,quality,income,current_infinite_count,False,509c56e4630c19b10684cda4fdeed3d2d60e7dc3,05b7bab4beef95cc077c40c8cc949baf46a83e36cf9903f6bc97f9f5bcbe3253,non_target_alert_rate,2026091900|2026091901|2026091902|2026091903|2026091904|2026091905|2026091906|2026091907|2026091908|2026091909|2026091910|2026091911|2026091912|2026091913|2026091914|2026091915|2026091916|2026091917|2026091918|2026091919,20,20,0,0.0,0.0,0.0
combined_acceptance_n1200,combined,combined,acceptance,1200,8.0,0.08,quality,income,current_max,False,509c56e4630c19b10684cda4fdeed3d2d60e7dc3,05b7bab4beef95cc077c40c8cc949baf46a83e36cf9903f6bc97f9f5bcbe3253,non_target_alert_rate,2026091900|2026091901|2026091902|2026091903|2026091904|2026091905|2026091906|2026091907|2026091908|2026091909|2026091910|2026091911|2026091912|2026091913|2026091914|2026091915|2026091916|2026091917|2026091918|2026091919,20,20,0,0.0,532104.1989999998,507981.175
combined_acceptance_n1200,combined,combined,acceptance,1200,8.0,0.08,quality,income,current_min,False,509c56e4630c19b10684cda4fdeed3d2d60e7dc3,05b7bab4beef95cc077c40c8cc949baf46a83e36cf9903f6bc97f9f5bcbe3253,non_target_alert_rate,2026091900|2026091901|2026091902|2026091903|2026091904|2026091905|2026091906|2026091907|2026091908|2026091909|2026091910|2026091911|2026091912|2026091913|2026091914|2026091915|2026091916|2026091917|2026091918|2026091919,20,20,0,0.0,13409.340000000002,13755.87
combined_acceptance_n1200,combined,combined,acceptance,1200,8.0,0.08,quality,income,current_missing_fraction,True,509c56e4630c19b10684cda4fdeed3d2d60e7dc3,05b7bab4beef95cc077c40c8cc949baf46a83e36cf9903f6bc97f9f5bcbe3253,detection_rate,2026091900|2026091901|2026091902|2026091903|2026091904|2026091905|2026091906|2026091907|2026091908|2026091909|2026091910|2026091911|2026091912|2026091913|2026091914|2026091915|2026091916|2026091917|2026091918|2026091919,20,20,0,0.0,0.08000000000000002,0.08
combined_acceptance_n1200,combined,combined,acceptance,1200,8.0,0.08,quality,income,missing_increase_pp,True,509c56e4630c19b10684cda4fdeed3d2d60e7dc3,05b7bab4beef95cc077c40c8cc949baf46a83e36cf9903f6bc97f9f5bcbe3253,detection_rate,2026091900|2026091901|2026091902|2026091903|2026091904|2026091905|2026091906|2026091907|2026091908|2026091909|2026091910|2026091911|2026091912|2026091913|2026091914|2026091915|2026091916|2026091917|2026091918|2026091919,20,20,20,1.0,6.0,6.0
combined_acceptance_n1200,combined,combined,acceptance,1200,8.0,0.08,quality,income,reference_infinite_count,False,509c56e4630c19b10684cda4fdeed3d2d60e7dc3,05b7bab4beef95cc077c40c8cc949baf46a83e36cf9903f6bc97f9f5bcbe3253,non_target_alert_rate,2026091900|2026091901|2026091902|2026091903|2026091904|2026091905|2026091906|2026091907|2026091908|2026091909|2026091910|2026091911|2026091912|2026091913|2026091914|2026091915|2026091916|2026091917|2026091918|2026091919,20,20,0,0.0,0.0,0.0
combined_acceptance_n1200,combined,combined,acceptance,1200,8.0,0.08,quality,income,reference_max,False,509c56e4630c19b10684cda4fdeed3d2d60e7dc3,05b7bab4beef95cc077c40c8cc949baf46a83e36cf9903f6bc97f9f5bcbe3253,non_target_alert_rate,2026091900|2026091901|2026091902|2026091903|2026091904|2026091905|2026091906|2026091907|2026091908|2026091909|2026091910|2026091911|2026091912|2026091913|2026091914|2026091915|2026091916|2026091917|2026091918|2026091919,20,20,0,0.0,619557.1195,611724.875
combined_acceptance_n1200,combined,combined,acceptance,1200,8.0,0.08,quality,income,reference_min,False,509c56e4630c19b10684cda4fdeed3d2d60e7dc3,05b7bab4beef95cc077c40c8cc949baf46a83e36cf9903f6bc97f9f5bcbe3253,non_target_alert_rate,2026091900|2026091901|2026091902|2026091903|2026091904|2026091905|2026091906|2026091907|2026091908|2026091909|2026091910|2026091911|2026091912|2026091913|2026091914|2026091915|2026091916|2026091917|2026091918|2026091919,20,20,0,0.0,10934.159000000001,11033.564999999999
combined_acceptance_n1200,combined,combined,acceptance,1200,8.0,0.08,quality,income,reference_missing_fraction,False,509c56e4630c19b10684cda4fdeed3d2d60e7dc3,05b7bab4beef95cc077c40c8cc949baf46a83e36cf9903f6bc97f9f5bcbe3253,non_target_alert_rate,2026091900|2026091901|2026091902|2026091903|2026091904|2026091905|2026091906|2026091907|2026091908|2026091909|2026091910|2026091911|2026091912|2026091913|2026091914|2026091915|2026091916|2026091917|2026091918|2026091919,20,20,0,0.0,0.020000000000000004,0.02
combined_acceptance_n1200,combined,combined,acceptance,1200,8.0,0.08,quality,region,current_missing_fraction,False,509c56e4630c19b10684cda4fdeed3d2d60e7dc3,05b7bab4beef95cc077c40c8cc949baf46a83e36cf9903f6bc97f9f5bcbe3253,non_target_alert_rate,2026091900|2026091901|2026091902|2026091903|2026091904|2026091905|2026091906|2026091907|2026091908|2026091909|2026091910|2026091911|2026091912|2026091913|2026091914|2026091915|2026091916|2026091917|2026091918|2026091919,20,20,0,0.0,0.0,0.0
combined_acceptance_n1200,combined,combined,acceptance,1200,8.0,0.08,quality,region,missing_increase_pp,False,509c56e4630c19b10684cda4fdeed3d2d60e7dc3,05b7bab4beef95cc077c40c8cc949baf46a83e36cf9903f6bc97f9f5bcbe3253,non_target_alert_rate,2026091900|2026091901|2026091902|2026091903|2026091904|2026091905|2026091906|2026091907|2026091908|2026091909|2026091910|2026091911|2026091912|2026091913|2026091914|2026091915|2026091916|2026091917|2026091918|2026091919,20,20,0,0.0,0.0,0.0
combined_acceptance_n1200,combined,combined,acceptance,1200,8.0,0.08,quality,region,reference_missing_fraction,False,509c56e4630c19b10684cda4fdeed3d2d60e7dc3,05b7bab4beef95cc077c40c8cc949baf46a83e36cf9903f6bc97f9f5bcbe3253,non_target_alert_rate,2026091900|2026091901|2026091902|2026091903|2026091904|2026091905|2026091906|2026091907|2026091908|2026091909|2026091910|2026091911|2026091912|2026091913|2026091914|2026091915|2026091916|2026091917|2026091918|2026091919,20,20,0,0.0,0.0,0.0
combined_acceptance_n1200,combined,combined,acceptance,1200,8.0,0.08,quality,,current_duplicate_fraction,False,509c56e4630c19b10684cda4fdeed3d2d60e7dc3,05b7bab4beef95cc077c40c8cc949baf46a83e36cf9903f6bc97f9f5bcbe3253,non_target_alert_rate,2026091900|2026091901|2026091902|2026091903|2026091904|2026091905|2026091906|2026091907|2026091908|2026091909|2026091910|2026091911|2026091912|2026091913|2026091914|2026091915|2026091916|2026091917|2026091918|2026091919,20,20,20,1.0,0.020875,0.02
combined_acceptance_n1200,combined,combined,acceptance,1200,8.0,0.08,quality,,reference_duplicate_fraction,False,509c56e4630c19b10684cda4fdeed3d2d60e7dc3,05b7bab4beef95cc077c40c8cc949baf46a83e36cf9903f6bc97f9f5bcbe3253,non_target_alert_rate,2026091900|2026091901|2026091902|2026091903|2026091904|2026091905|2026091906|2026091907|2026091908|2026091909|2026091910|2026091911|2026091912|2026091913|2026091914|2026091915|2026091916|2026091917|2026091918|2026091919,20,20,0,0.0,0.004259999999999999,0.0042
combined_acceptance_n3000,combined,combined,acceptance,3000,8.0,0.08,adversarial,,roc_auc,True,509c56e4630c19b10684cda4fdeed3d2d60e7dc3,05b7bab4beef95cc077c40c8cc949baf46a83e36cf9903f6bc97f9f5bcbe3253,detection_rate,2026091900|2026091901|2026091902|2026091903|2026091904|2026091905|2026091906|2026091907|2026091908|2026091909|2026091910|2026091911|2026091912|2026091913|2026091914|2026091915|2026091916|2026091917|2026091918|2026091919,20,20,20,1.0,0.7386272966666667,0.7373482333333334
combined_acceptance_n3000,combined,combined,acceptance,3000,8.0,0.08,drift,age,js,True,509c56e4630c19b10684cda4fdeed3d2d60e7dc3,05b7bab4beef95cc077c40c8cc949baf46a83e36cf9903f6bc97f9f5bcbe3253,detection_rate,2026091900|2026091901|2026091902|2026091903|2026091904|2026091905|2026091906|2026091907|2026091908|2026091909|2026091910|2026091911|2026091912|2026091913|2026091914|2026091915|2026091916|2026091917|2026091918|2026091919,20,20,20,1.0,0.07262100441928371,0.07198626787757731
combined_acceptance_n3000,combined,combined,acceptance,3000,8.0,0.08,drift,age,ks,True,509c56e4630c19b10684cda4fdeed3d2d60e7dc3,05b7bab4beef95cc077c40c8cc949baf46a83e36cf9903f6bc97f9f5bcbe3253,detection_rate,2026091900|2026091901|2026091902|2026091903|2026091904|2026091905|2026091906|2026091907|2026091908|2026091909|2026091910|2026091911|2026091912|2026091913|2026091914|2026091915|2026091916|2026091917|2026091918|2026091919,20,20,20,1.0,0.2607933333333334,0.25796666666666673
combined_acceptance_n3000,combined,combined,acceptance,3000,8.0,0.08,drift,age,psi,True,509c56e4630c19b10684cda4fdeed3d2d60e7dc3,05b7bab4beef95cc077c40c8cc949baf46a83e36cf9903f6bc97f9f5bcbe3253,detection_rate,2026091900|2026091901|2026091902|2026091903|2026091904|2026091905|2026091906|2026091907|2026091908|2026091909|2026091910|2026091911|2026091912|2026091913|2026091914|2026091915|2026091916|2026091917|2026091918|2026091919,20,20,20,1.0,0.45541194623802495,0.4165251919713405
combined_acceptance_n3000,combined,combined,acceptance,3000,8.0,0.08,drift,age,wasserstein,True,509c56e4630c19b10684cda4fdeed3d2d60e7dc3,05b7bab4beef95cc077c40c8cc949baf46a83e36cf9903f6bc97f9f5bcbe3253,detection_rate,2026091900|2026091901|2026091902|2026091903|2026091904|2026091905|2026091906|2026091907|2026091908|2026091909|2026091910|2026091911|2026091912|2026091913|2026091914|2026091915|2026091916|2026091917|2026091918|2026091919,20,20,20,1.0,7.9231533333333335,7.936400000000001
combined_acceptance_n3000,combined,combined,acceptance,3000,8.0,0.08,drift,income,js,False,509c56e4630c19b10684cda4fdeed3d2d60e7dc3,05b7bab4beef95cc077c40c8cc949baf46a83e36cf9903f6bc97f9f5bcbe3253,non_target_alert_rate,2026091900|2026091901|2026091902|2026091903|2026091904|2026091905|2026091906|2026091907|2026091908|2026091909|2026091910|2026091911|2026091912|2026091913|2026091914|2026091915|2026091916|2026091917|2026091918|2026091919,20,20,0,0.0,0.0008661749304722856,0.0006995816456773841
combined_acceptance_n3000,combined,combined,acceptance,3000,8.0,0.08,drift,income,ks,False,509c56e4630c19b10684cda4fdeed3d2d60e7dc3,05b7bab4beef95cc077c40c8cc949baf46a83e36cf9903f6bc97f9f5bcbe3253,non_target_alert_rate,2026091900|2026091901|2026091902|2026091903|2026091904|2026091905|2026091906|2026091907|2026091908|2026091909|2026091910|2026091911|2026091912|2026091913|2026091914|2026091915|2026091916|2026091917|2026091918|2026091919,20,20,2,0.1,0.021553608399881692,0.019620674356699203
combined_acceptance_n3000,combined,combined,acceptance,3000,8.0,0.08,drift,income,psi,False,509c56e4630c19b10684cda4fdeed3d2d60e7dc3,05b7bab4beef95cc077c40c8cc949baf46a83e36cf9903f6bc97f9f5bcbe3253,non_target_alert_rate,2026091900|2026091901|2026091902|2026091903|2026091904|2026091905|2026091906|2026091907|2026091908|2026091909|2026091910|2026091911|2026091912|2026091913|2026091914|2026091915|2026091916|2026091917|2026091918|2026091919,20,20,0,0.0,0.004806736861830684,0.003880549548131864
combined_acceptance_n3000,combined,combined,acceptance,3000,8.0,0.08,drift,income,wasserstein,False,509c56e4630c19b10684cda4fdeed3d2d60e7dc3,05b7bab4beef95cc077c40c8cc949baf46a83e36cf9903f6bc97f9f5bcbe3253,non_target_alert_rate,2026091900|2026091901|2026091902|2026091903|2026091904|2026091905|2026091906|2026091907|2026091908|2026091909|2026091910|2026091911|2026091912|2026091913|2026091914|2026091915|2026091916|2026091917|2026091918|2026091919,20,0,0,,2038.6071626774628,1811.6964412969596
combined_acceptance_n3000,combined,combined,acceptance,3000,8.0,0.08,drift,region,chi2,True,509c56e4630c19b10684cda4fdeed3d2d60e7dc3,05b7bab4beef95cc077c40c8cc949baf46a83e36cf9903f6bc97f9f5bcbe3253,detection_rate,2026091900|2026091901|2026091902|2026091903|2026091904|2026091905|2026091906|2026091907|2026091908|2026091909|2026091910|2026091911|2026091912|2026091913|2026091914|2026091915|2026091916|2026091917|2026091918|2026091919,20,20,20,1.0,507.4627679987281,497.50382345290006
combined_acceptance_n3000,combined,combined,acceptance,3000,8.0,0.08,drift,region,js,True,509c56e4630c19b10684cda4fdeed3d2d60e7dc3,05b7bab4beef95cc077c40c8cc949baf46a83e36cf9903f6bc97f9f5bcbe3253,detection_rate,2026091900|2026091901|2026091902|2026091903|2026091904|2026091905|2026091906|2026091907|2026091908|2026091909|2026091910|2026091911|2026091912|2026091913|2026091914|2026091915|2026091916|2026091917|2026091918|2026091919,20,20,6,0.3,0.04886940767879473,0.048128980142377494
combined_acceptance_n3000,combined,combined,acceptance,3000,8.0,0.08,drift,region,psi,True,509c56e4630c19b10684cda4fdeed3d2d60e7dc3,05b7bab4beef95cc077c40c8cc949baf46a83e36cf9903f6bc97f9f5bcbe3253,detection_rate,2026091900|2026091901|2026091902|2026091903|2026091904|2026091905|2026091906|2026091907|2026091908|2026091909|2026091910|2026091911|2026091912|2026091913|2026091914|2026091915|2026091916|2026091917|2026091918|2026091919,20,20,20,1.0,0.27500595980200593,0.27100459682889605
combined_acceptance_n3000,combined,combined,acceptance,3000,8.0,0.08,quality,age,current_infinite_count,False,509c56e4630c19b10684cda4fdeed3d2d60e7dc3,05b7bab4beef95cc077c40c8cc949baf46a83e36cf9903f6bc97f9f5bcbe3253,non_target_alert_rate,2026091900|2026091901|2026091902|2026091903|2026091904|2026091905|2026091906|2026091907|2026091908|2026091909|2026091910|2026091911|2026091912|2026091913|2026091914|2026091915|2026091916|2026091917|2026091918|2026091919,20,20,0,0.0,0.0,0.0
combined_acceptance_n3000,combined,combined,acceptance,3000,8.0,0.08,quality,age,current_max,False,509c56e4630c19b10684cda4fdeed3d2d60e7dc3,05b7bab4beef95cc077c40c8cc949baf46a83e36cf9903f6bc97f9f5bcbe3253,non_target_alert_rate,2026091900|2026091901|2026091902|2026091903|2026091904|2026091905|2026091906|2026091907|2026091908|2026091909|2026091910|2026091911|2026091912|2026091913|2026091914|2026091915|2026091916|2026091917|2026091918|2026091919,20,20,0,0.0,92.7,91.5
combined_acceptance_n3000,combined,combined,acceptance,3000,8.0,0.08,quality,age,current_min,False,509c56e4630c19b10684cda4fdeed3d2d60e7dc3,05b7bab4beef95cc077c40c8cc949baf46a83e36cf9903f6bc97f9f5bcbe3253,non_target_alert_rate,2026091900|2026091901|2026091902|2026091903|2026091904|2026091905|2026091906|2026091907|2026091908|2026091909|2026091910|2026091911|2026091912|2026091913|2026091914|2026091915|2026091916|2026091917|2026091918|2026091919,20,20,0,0.0,26.0,26.0
combined_acceptance_n3000,combined,combined,acceptance,3000,8.0,0.08,quality,age,current_missing_fraction,False,509c56e4630c19b10684cda4fdeed3d2d60e7dc3,05b7bab4beef95cc077c40c8cc949baf46a83e36cf9903f6bc97f9f5bcbe3253,non_target_alert_rate,2026091900|2026091901|2026091902|2026091903|2026091904|2026091905|2026091906|2026091907|2026091908|2026091909|2026091910|2026091911|2026091912|2026091913|2026091914|2026091915|2026091916|2026091917|2026091918|2026091919,20,20,0,0.0,0.0,0.0
combined_acceptance_n3000,combined,combined,acceptance,3000,8.0,0.08,quality,age,missing_increase_pp,False,509c56e4630c19b10684cda4fdeed3d2d60e7dc3,05b7bab4beef95cc077c40c8cc949baf46a83e36cf9903f6bc97f9f5bcbe3253,non_target_alert_rate,2026091900|2026091901|2026091902|2026091903|2026091904|2026091905|2026091906|2026091907|2026091908|2026091909|2026091910|2026091911|2026091912|2026091913|2026091914|2026091915|2026091916|2026091917|2026091918|2026091919,20,20,0,0.0,0.0,0.0
combined_acceptance_n3000,combined,combined,acceptance,3000,8.0,0.08,quality,age,reference_infinite_count,False,509c56e4630c19b10684cda4fdeed3d2d60e7dc3,05b7bab4beef95cc077c40c8cc949baf46a83e36cf9903f6bc97f9f5bcbe3253,non_target_alert_rate,2026091900|2026091901|2026091902|2026091903|2026091904|2026091905|2026091906|2026091907|2026091908|2026091909|2026091910|2026091911|2026091912|2026091913|2026091914|2026091915|2026091916|2026091917|2026091918|2026091919,20,20,0,0.0,0.0,0.0
combined_acceptance_n3000,combined,combined,acceptance,3000,8.0,0.08,quality,age,reference_max,False,509c56e4630c19b10684cda4fdeed3d2d60e7dc3,05b7bab4beef95cc077c40c8cc949baf46a83e36cf9903f6bc97f9f5bcbe3253,non_target_alert_rate,2026091900|2026091901|2026091902|2026091903|2026091904|2026091905|2026091906|2026091907|2026091908|2026091909|2026091910|2026091911|2026091912|2026091913|2026091914|2026091915|2026091916|2026091917|2026091918|2026091919,20,20,0,0.0,86.6,86.5
combined_acceptance_n3000,combined,combined,acceptance,3000,8.0,0.08,quality,age,reference_min,False,509c56e4630c19b10684cda4fdeed3d2d60e7dc3,05b7bab4beef95cc077c40c8cc949baf46a83e36cf9903f6bc97f9f5bcbe3253,non_target_alert_rate,2026091900|2026091901|2026091902|2026091903|2026091904|2026091905|2026091906|2026091907|2026091908|2026091909|2026091910|2026091911|2026091912|2026091913|2026091914|2026091915|2026091916|2026091917|2026091918|2026091919,20,20,0,0.0,18.0,18.0
combined_acceptance_n3000,combined,combined,acceptance,3000,8.0,0.08,quality,age,reference_missing_fraction,False,509c56e4630c19b10684cda4fdeed3d2d60e7dc3,05b7bab4beef95cc077c40c8cc949baf46a83e36cf9903f6bc97f9f5bcbe3253,non_target_alert_rate,2026091900|2026091901|2026091902|2026091903|2026091904|2026091905|2026091906|2026091907|2026091908|2026091909|2026091910|2026091911|2026091912|2026091913|2026091914|2026091915|2026091916|2026091917|2026091918|2026091919,20,20,0,0.0,0.0,0.0
combined_acceptance_n3000,combined,combined,acceptance,3000,8.0,0.08,quality,income,current_infinite_count,False,509c56e4630c19b10684cda4fdeed3d2d60e7dc3,05b7bab4beef95cc077c40c8cc949baf46a83e36cf9903f6bc97f9f5bcbe3253,non_target_alert_rate,2026091900|2026091901|2026091902|2026091903|2026091904|2026091905|2026091906|2026091907|2026091908|2026091909|2026091910|2026091911|2026091912|2026091913|2026091914|2026091915|2026091916|2026091917|2026091918|2026091919,20,20,0,0.0,0.0,0.0
combined_acceptance_n3000,combined,combined,acceptance,3000,8.0,0.08,quality,income,current_max,False,509c56e4630c19b10684cda4fdeed3d2d60e7dc3,05b7bab4beef95cc077c40c8cc949baf46a83e36cf9903f6bc97f9f5bcbe3253,non_target_alert_rate,2026091900|2026091901|2026091902|2026091903|2026091904|2026091905|2026091906|2026091907|2026091908|2026091909|2026091910|2026091911|2026091912|2026091913|2026091914|2026091915|2026091916|2026091917|2026091918|2026091919,20,20,0,0.0,564139.8759999999,568908.515
combined_acceptance_n3000,combined,combined,acceptance,3000,8.0,0.08,quality,income,current_min,False,509c56e4630c19b10684cda4fdeed3d2d60e7dc3,05b7bab4beef95cc077c40c8cc949baf46a83e36cf9903f6bc97f9f5bcbe3253,non_target_alert_rate,2026091900|2026091901|2026091902|2026091903|2026091904|2026091905|2026091906|2026091907|2026091908|2026091909|2026091910|2026091911|2026091912|2026091913|2026091914|2026091915|2026091916|2026091917|2026091918|2026091919,20,20,0,0.0,12188.2975,12446.635
combined_acceptance_n3000,combined,combined,acceptance,3000,8.0,0.08,quality,income,current_missing_fraction,True,509c56e4630c19b10684cda4fdeed3d2d60e7dc3,05b7bab4beef95cc077c40c8cc949baf46a83e36cf9903f6bc97f9f5bcbe3253,detection_rate,2026091900|2026091901|2026091902|2026091903|2026091904|2026091905|2026091906|2026091907|2026091908|2026091909|2026091910|2026091911|2026091912|2026091913|2026091914|2026091915|2026091916|2026091917|2026091918|2026091919,20,20,0,0.0,0.08000000000000002,0.08
combined_acceptance_n3000,combined,combined,acceptance,3000,8.0,0.08,quality,income,missing_increase_pp,True,509c56e4630c19b10684cda4fdeed3d2d60e7dc3,05b7bab4beef95cc077c40c8cc949baf46a83e36cf9903f6bc97f9f5bcbe3253,detection_rate,2026091900|2026091901|2026091902|2026091903|2026091904|2026091905|2026091906|2026091907|2026091908|2026091909|2026091910|2026091911|2026091912|2026091913|2026091914|2026091915|2026091916|2026091917|2026091918|2026091919,20,20,20,1.0,6.0,6.0
combined_acceptance_n3000,combined,combined,acceptance,3000,8.0,0.08,quality,income,reference_infinite_count,False,509c56e4630c19b10684cda4fdeed3d2d60e7dc3,05b7bab4beef95cc077c40c8cc949baf46a83e36cf9903f6bc97f9f5bcbe3253,non_target_alert_rate,2026091900|2026091901|2026091902|2026091903|2026091904|2026091905|2026091906|2026091907|2026091908|2026091909|2026091910|2026091911|2026091912|2026091913|2026091914|2026091915|2026091916|2026091917|2026091918|2026091919,20,20,0,0.0,0.0,0.0
combined_acceptance_n3000,combined,combined,acceptance,3000,8.0,0.08,quality,income,reference_max,False,509c56e4630c19b10684cda4fdeed3d2d60e7dc3,05b7bab4beef95cc077c40c8cc949baf46a83e36cf9903f6bc97f9f5bcbe3253,non_target_alert_rate,2026091900|2026091901|2026091902|2026091903|2026091904|2026091905|2026091906|2026091907|2026091908|2026091909|2026091910|2026091911|2026091912|2026091913|2026091914|2026091915|2026091916|2026091917|2026091918|2026091919,20,20,0,0.0,619557.1195,611724.875
combined_acceptance_n3000,combined,combined,acceptance,3000,8.0,0.08,quality,income,reference_min,False,509c56e4630c19b10684cda4fdeed3d2d60e7dc3,05b7bab4beef95cc077c40c8cc949baf46a83e36cf9903f6bc97f9f5bcbe3253,non_target_alert_rate,2026091900|2026091901|2026091902|2026091903|2026091904|2026091905|2026091906|2026091907|2026091908|2026091909|2026091910|2026091911|2026091912|2026091913|2026091914|2026091915|2026091916|2026091917|2026091918|2026091919,20,20,0,0.0,10934.159000000001,11033.564999999999
combined_acceptance_n3000,combined,combined,acceptance,3000,8.0,0.08,quality,income,reference_missing_fraction,False,509c56e4630c19b10684cda4fdeed3d2d60e7dc3,05b7bab4beef95cc077c40c8cc949baf46a83e36cf9903f6bc97f9f5bcbe3253,non_target_alert_rate,2026091900|2026091901|2026091902|2026091903|2026091904|2026091905|2026091906|2026091907|2026091908|2026091909|2026091910|2026091911|2026091912|2026091913|2026091914|2026091915|2026091916|2026091917|2026091918|2026091919,20,20,0,0.0,0.020000000000000004,0.02
combined_acceptance_n3000,combined,combined,acceptance,3000,8.0,0.08,quality,region,current_missing_fraction,False,509c56e4630c19b10684cda4fdeed3d2d60e7dc3,05b7bab4beef95cc077c40c8cc949baf46a83e36cf9903f6bc97f9f5bcbe3253,non_target_alert_rate,2026091900|2026091901|2026091902|2026091903|2026091904|2026091905|2026091906|2026091907|2026091908|2026091909|2026091910|2026091911|2026091912|2026091913|2026091914|2026091915|2026091916|2026091917|2026091918|2026091919,20,20,0,0.0,0.0,0.0
combined_acceptance_n3000,combined,combined,acceptance,3000,8.0,0.08,quality,region,missing_increase_pp,False,509c56e4630c19b10684cda4fdeed3d2d60e7dc3,05b7bab4beef95cc077c40c8cc949baf46a83e36cf9903f6bc97f9f5bcbe3253,non_target_alert_rate,2026091900|2026091901|2026091902|2026091903|2026091904|2026091905|2026091906|2026091907|2026091908|2026091909|2026091910|2026091911|2026091912|2026091913|2026091914|2026091915|2026091916|2026091917|2026091918|2026091919,20,20,0,0.0,0.0,0.0
combined_acceptance_n3000,combined,combined,acceptance,3000,8.0,0.08,quality,region,reference_missing_fraction,False,509c56e4630c19b10684cda4fdeed3d2d60e7dc3,05b7bab4beef95cc077c40c8cc949baf46a83e36cf9903f6bc97f9f5bcbe3253,non_target_alert_rate,2026091900|2026091901|2026091902|2026091903|2026091904|2026091905|2026091906|2026091907|2026091908|2026091909|2026091910|2026091911|2026091912|2026091913|2026091914|2026091915|2026091916|2026091917|2026091918|2026091919,20,20,0,0.0,0.0,0.0
combined_acceptance_n3000,combined,combined,acceptance,3000,8.0,0.08,quality,,current_duplicate_fraction,False,509c56e4630c19b10684cda4fdeed3d2d60e7dc3,05b7bab4beef95cc077c40c8cc949baf46a83e36cf9903f6bc97f9f5bcbe3253,non_target_alert_rate,2026091900|2026091901|2026091902|2026091903|2026091904|2026091905|2026091906|2026091907|2026091908|2026091909|2026091910|2026091911|2026091912|2026091913|2026091914|2026091915|2026091916|2026091917|2026091918|2026091919,20,20,20,1.0,0.03856666666666668,0.0385
combined_acceptance_n3000,combined,combined,acceptance,3000,8.0,0.08,quality,,reference_duplicate_fraction,False,509c56e4630c19b10684cda4fdeed3d2d60e7dc3,05b7bab4beef95cc077c40c8cc949baf46a83e36cf9903f6bc97f9f5bcbe3253,non_target_alert_rate,2026091900|2026091901|2026091902|2026091903|2026091904|2026091905|2026091906|2026091907|2026091908|2026091909|2026091910|2026091911|2026091912|2026091913|2026091914|2026091915|2026091916|2026091917|2026091918|2026091919,20,20,0,0.0,0.004259999999999999,0.0042
combined_acceptance_n500,combined,combined,acceptance,500,8.0,0.08,adversarial,,roc_auc,True,509c56e4630c19b10684cda4fdeed3d2d60e7dc3,05b7bab4beef95cc077c40c8cc949baf46a83e36cf9903f6bc97f9f5bcbe3253,detection_rate,2026091900|2026091901|2026091902|2026091903|2026091904|2026091905|2026091906|2026091907|2026091908|2026091909|2026091910|2026091911|2026091912|2026091913|2026091914|2026091915|2026091916|2026091917|2026091918|2026091919,20,20,17,0.85,0.71472631,0.7164858
combined_acceptance_n500,combined,combined,acceptance,500,8.0,0.08,drift,age,js,True,509c56e4630c19b10684cda4fdeed3d2d60e7dc3,05b7bab4beef95cc077c40c8cc949baf46a83e36cf9903f6bc97f9f5bcbe3253,detection_rate,2026091900|2026091901|2026091902|2026091903|2026091904|2026091905|2026091906|2026091907|2026091908|2026091909|2026091910|2026091911|2026091912|2026091913|2026091914|2026091915|2026091916|2026091917|2026091918|2026091919,20,20,20,1.0,0.07602617526124925,0.07634212371740892
combined_acceptance_n500,combined,combined,acceptance,500,8.0,0.08,drift,age,ks,True,509c56e4630c19b10684cda4fdeed3d2d60e7dc3,05b7bab4beef95cc077c40c8cc949baf46a83e36cf9903f6bc97f9f5bcbe3253,detection_rate,2026091900|2026091901|2026091902|2026091903|2026091904|2026091905|2026091906|2026091907|2026091908|2026091909|2026091910|2026091911|2026091912|2026091913|2026091914|2026091915|2026091916|2026091917|2026091918|2026091919,20,20,20,1.0,0.26722,0.267
combined_acceptance_n500,combined,combined,acceptance,500,8.0,0.08,drift,age,psi,True,509c56e4630c19b10684cda4fdeed3d2d60e7dc3,05b7bab4beef95cc077c40c8cc949baf46a83e36cf9903f6bc97f9f5bcbe3253,detection_rate,2026091900|2026091901|2026091902|2026091903|2026091904|2026091905|2026091906|2026091907|2026091908|2026091909|2026091910|2026091911|2026091912|2026091913|2026091914|2026091915|2026091916|2026091917|2026091918|2026091919,20,20,20,1.0,0.4781247788309183,0.44668878379700605
combined_acceptance_n500,combined,combined,acceptance,500,8.0,0.08,drift,age,wasserstein,True,509c56e4630c19b10684cda4fdeed3d2d60e7dc3,05b7bab4beef95cc077c40c8cc949baf46a83e36cf9903f6bc97f9f5bcbe3253,detection_rate,2026091900|2026091901|2026091902|2026091903|2026091904|2026091905|2026091906|2026091907|2026091908|2026091909|2026091910|2026091911|2026091912|2026091913|2026091914|2026091915|2026091916|2026091917|2026091918|2026091919,20,20,20,1.0,7.87912,7.8332000000000015
combined_acceptance_n500,combined,combined,acceptance,500,8.0,0.08,drift,income,js,False,509c56e4630c19b10684cda4fdeed3d2d60e7dc3,05b7bab4beef95cc077c40c8cc949baf46a83e36cf9903f6bc97f9f5bcbe3253,non_target_alert_rate,2026091900|2026091901|2026091902|2026091903|2026091904|2026091905|2026091906|2026091907|2026091908|2026091909|2026091910|2026091911|2026091912|2026091913|2026091914|2026091915|2026091916|2026091917|2026091918|2026091919,20,20,0,0.0,0.002789724573097858,0.0026165058880569785
combined_acceptance_n500,combined,combined,acceptance,500,8.0,0.08,drift,income,ks,False,509c56e4630c19b10684cda4fdeed3d2d60e7dc3,05b7bab4beef95cc077c40c8cc949baf46a83e36cf9903f6bc97f9f5bcbe3253,non_target_alert_rate,2026091900|2026091901|2026091902|2026091903|2026091904|2026091905|2026091906|2026091907|2026091908|2026091909|2026091910|2026091911|2026091912|2026091913|2026091914|2026091915|2026091916|2026091917|2026091918|2026091919,20,20,2,0.1,0.03702129547471163,0.03257763975155278
combined_acceptance_n500,combined,combined,acceptance,500,8.0,0.08,drift,income,psi,False,509c56e4630c19b10684cda4fdeed3d2d60e7dc3,05b7bab4beef95cc077c40c8cc949baf46a83e36cf9903f6bc97f9f5bcbe3253,non_target_alert_rate,2026091900|2026091901|2026091902|2026091903|2026091904|2026091905|2026091906|2026091907|2026091908|2026091909|2026091910|2026091911|2026091912|2026091913|2026091914|2026091915|2026091916|2026091917|2026091918|2026091919,20,20,0,0.0,0.015503094469841605,0.014533231570140283
combined_acceptance_n500,combined,combined,acceptance,500,8.0,0.08,drift,income,wasserstein,False,509c56e4630c19b10684cda4fdeed3d2d60e7dc3,05b7bab4beef95cc077c40c8cc949baf46a83e36cf9903f6bc97f9f5bcbe3253,non_target_alert_rate,2026091900|2026091901|2026091902|2026091903|2026091904|2026091905|2026091906|2026091907|2026091908|2026091909|2026091910|2026091911|2026091912|2026091913|2026091914|2026091915|2026091916|2026091917|2026091918|2026091919,20,0,0,,3318.2767629015057,3313.0188775066495
combined_acceptance_n500,combined,combined,acceptance,500,8.0,0.08,drift,region,chi2,True,509c56e4630c19b10684cda4fdeed3d2d60e7dc3,05b7bab4beef95cc077c40c8cc949baf46a83e36cf9903f6bc97f9f5bcbe3253,detection_rate,2026091900|2026091901|2026091902|2026091903|2026091904|2026091905|2026091906|2026091907|2026091908|2026091909|2026091910|2026091911|2026091912|2026091913|2026091914|2026091915|2026091916|2026091917|2026091918|2026091919,20,20,20,1.0,131.71313126426134,130.80665890358307
combined_acceptance_n500,combined,combined,acceptance,500,8.0,0.08,drift,region,js,True,509c56e4630c19b10684cda4fdeed3d2d60e7dc3,05b7bab4beef95cc077c40c8cc949baf46a83e36cf9903f6bc97f9f5bcbe3253,detection_rate,2026091900|2026091901|2026091902|2026091903|2026091904|2026091905|2026091906|2026091907|2026091908|2026091909|2026091910|2026091911|2026091912|2026091913|2026091914|2026091915|2026091916|2026091917|2026091918|2026091919,20,20,8,0.4,0.04926125891488707,0.04869111956004306
combined_acceptance_n500,combined,combined,acceptance,500,8.0,0.08,drift,region,psi,True,509c56e4630c19b10684cda4fdeed3d2d60e7dc3,05b7bab4beef95cc077c40c8cc949baf46a83e36cf9903f6bc97f9f5bcbe3253,detection_rate,2026091900|2026091901|2026091902|2026091903|2026091904|2026091905|2026091906|2026091907|2026091908|2026091909|2026091910|2026091911|2026091912|2026091913|2026091914|2026091915|2026091916|2026091917|2026091918|2026091919,20,20,20,1.0,0.27755591811760816,0.2739383118774172
combined_acceptance_n500,combined,combined,acceptance,500,8.0,0.08,quality,age,current_infinite_count,False,509c56e4630c19b10684cda4fdeed3d2d60e7dc3,05b7bab4beef95cc077c40c8cc949baf46a83e36cf9903f6bc97f9f5bcbe3253,non_target_alert_rate,2026091900|2026091901|2026091902|2026091903|2026091904|2026091905|2026091906|2026091907|2026091908|2026091909|2026091910|2026091911|2026091912|2026091913|2026091914|2026091915|2026091916|2026091917|2026091918|2026091919,20,20,0,0.0,0.0,0.0
combined_acceptance_n500,combined,combined,acceptance,500,8.0,0.08,quality,age,current_max,False,509c56e4630c19b10684cda4fdeed3d2d60e7dc3,05b7bab4beef95cc077c40c8cc949baf46a83e36cf9903f6bc97f9f5bcbe3253,non_target_alert_rate,2026091900|2026091901|2026091902|2026091903|2026091904|2026091905|2026091906|2026091907|2026091908|2026091909|2026091910|2026091911|2026091912|2026091913|2026091914|2026091915|2026091916|2026091917|2026091918|2026091919,20,20,0,0.0,86.5,85.0
combined_acceptance_n500,combined,combined,acceptance,500,8.0,0.08,quality,age,current_min,False,509c56e4630c19b10684cda4fdeed3d2d60e7dc3,05b7bab4beef95cc077c40c8cc949baf46a83e36cf9903f6bc97f9f5bcbe3253,non_target_alert_rate,2026091900|2026091901|2026091902|2026091903|2026091904|2026091905|2026091906|2026091907|2026091908|2026091909|2026091910|2026091911|2026091912|2026091913|2026091914|2026091915|2026091916|2026091917|2026091918|2026091919,20,20,0,0.0,26.0,26.0
combined_acceptance_n500,combined,combined,acceptance,500,8.0,0.08,quality,age,current_missing_fraction,False,509c56e4630c19b10684cda4fdeed3d2d60e7dc3,05b7bab4beef95cc077c40c8cc949baf46a83e36cf9903f6bc97f9f5bcbe3253,non_target_alert_rate,2026091900|2026091901|2026091902|2026091903|2026091904|2026091905|2026091906|2026091907|2026091908|2026091909|2026091910|2026091911|2026091912|2026091913|2026091914|2026091915|2026091916|2026091917|2026091918|2026091919,20,20,0,0.0,0.0,0.0
combined_acceptance_n500,combined,combined,acceptance,500,8.0,0.08,quality,age,missing_increase_pp,False,509c56e4630c19b10684cda4fdeed3d2d60e7dc3,05b7bab4beef95cc077c40c8cc949baf46a83e36cf9903f6bc97f9f5bcbe3253,non_target_alert_rate,2026091900|2026091901|2026091902|2026091903|2026091904|2026091905|2026091906|2026091907|2026091908|2026091909|2026091910|2026091911|2026091912|2026091913|2026091914|2026091915|2026091916|2026091917|2026091918|2026091919,20,20,0,0.0,0.0,0.0
combined_acceptance_n500,combined,combined,acceptance,500,8.0,0.08,quality,age,reference_infinite_count,False,509c56e4630c19b10684cda4fdeed3d2d60e7dc3,05b7bab4beef95cc077c40c8cc949baf46a83e36cf9903f6bc97f9f5bcbe3253,non_target_alert_rate,2026091900|2026091901|2026091902|2026091903|2026091904|2026091905|2026091906|2026091907|2026091908|2026091909|2026091910|2026091911|2026091912|2026091913|2026091914|2026091915|2026091916|2026091917|2026091918|2026091919,20,20,0,0.0,0.0,0.0
combined_acceptance_n500,combined,combined,acceptance,500,8.0,0.08,quality,age,reference_max,False,509c56e4630c19b10684cda4fdeed3d2d60e7dc3,05b7bab4beef95cc077c40c8cc949baf46a83e36cf9903f6bc97f9f5bcbe3253,non_target_alert_rate,2026091900|2026091901|2026091902|2026091903|2026091904|2026091905|2026091906|2026091907|2026091908|2026091909|2026091910|2026091911|2026091912|2026091913|2026091914|2026091915|2026091916|2026091917|2026091918|2026091919,20,20,0,0.0,86.6,86.5
combined_acceptance_n500,combined,combined,acceptance,500,8.0,0.08,quality,age,reference_min,False,509c56e4630c19b10684cda4fdeed3d2d60e7dc3,05b7bab4beef95cc077c40c8cc949baf46a83e36cf9903f6bc97f9f5bcbe3253,non_target_alert_rate,2026091900|2026091901|2026091902|2026091903|2026091904|2026091905|2026091906|2026091907|2026091908|2026091909|2026091910|2026091911|2026091912|2026091913|2026091914|2026091915|2026091916|2026091917|2026091918|2026091919,20,20,0,0.0,18.0,18.0
combined_acceptance_n500,combined,combined,acceptance,500,8.0,0.08,quality,age,reference_missing_fraction,False,509c56e4630c19b10684cda4fdeed3d2d60e7dc3,05b7bab4beef95cc077c40c8cc949baf46a83e36cf9903f6bc97f9f5bcbe3253,non_target_alert_rate,2026091900|2026091901|2026091902|2026091903|2026091904|2026091905|2026091906|2026091907|2026091908|2026091909|2026091910|2026091911|2026091912|2026091913|2026091914|2026091915|2026091916|2026091917|2026091918|2026091919,20,20,0,0.0,0.0,0.0
combined_acceptance_n500,combined,combined,acceptance,500,8.0,0.08,quality,income,current_infinite_count,False,509c56e4630c19b10684cda4fdeed3d2d60e7dc3,05b7bab4beef95cc077c40c8cc949baf46a83e36cf9903f6bc97f9f5bcbe3253,non_target_alert_rate,2026091900|2026091901|2026091902|2026091903|2026091904|2026091905|2026091906|2026091907|2026091908|2026091909|2026091910|2026091911|2026091912|2026091913|2026091914|2026091915|2026091916|2026091917|2026091918|2026091919,20,20,0,0.0,0.0,0.0
combined_acceptance_n500,combined,combined,acceptance,500,8.0,0.08,quality,income,current_max,False,509c56e4630c19b10684cda4fdeed3d2d60e7dc3,05b7bab4beef95cc077c40c8cc949baf46a83e36cf9903f6bc97f9f5bcbe3253,non_target_alert_rate,2026091900|2026091901|2026091902|2026091903|2026091904|2026091905|2026091906|2026091907|2026091908|2026091909|2026091910|2026091911|2026091912|2026091913|2026091914|2026091915|2026091916|2026091917|2026091918|2026091919,20,20,0,0.0,511800.5295,498932.28500000003
combined_acceptance_n500,combined,combined,acceptance,500,8.0,0.08,quality,income,current_min,False,509c56e4630c19b10684cda4fdeed3d2d60e7dc3,05b7bab4beef95cc077c40c8cc949baf46a83e36cf9903f6bc97f9f5bcbe3253,non_target_alert_rate,2026091900|2026091901|2026091902|2026091903|2026091904|2026091905|2026091906|2026091907|2026091908|2026091909|2026091910|2026091911|2026091912|2026091913|2026091914|2026091915|2026091916|2026091917|2026091918|2026091919,20,20,0,0.0,15287.247,15569.015
combined_acceptance_n500,combined,combined,acceptance,500,8.0,0.08,quality,income,current_missing_fraction,True,509c56e4630c19b10684cda4fdeed3d2d60e7dc3,05b7bab4beef95cc077c40c8cc949baf46a83e36cf9903f6bc97f9f5bcbe3253,detection_rate,2026091900|2026091901|2026091902|2026091903|2026091904|2026091905|2026091906|2026091907|2026091908|2026091909|2026091910|2026091911|2026091912|2026091913|2026091914|2026091915|2026091916|2026091917|2026091918|2026091919,20,20,0,0.0,0.08000000000000002,0.08
combined_acceptance_n500,combined,combined,acceptance,500,8.0,0.08,quality,income,missing_increase_pp,True,509c56e4630c19b10684cda4fdeed3d2d60e7dc3,05b7bab4beef95cc077c40c8cc949baf46a83e36cf9903f6bc97f9f5bcbe3253,detection_rate,2026091900|2026091901|2026091902|2026091903|2026091904|2026091905|2026091906|2026091907|2026091908|2026091909|2026091910|2026091911|2026091912|2026091913|2026091914|2026091915|2026091916|2026091917|2026091918|2026091919,20,20,20,1.0,6.0,6.0
combined_acceptance_n500,combined,combined,acceptance,500,8.0,0.08,quality,income,reference_infinite_count,False,509c56e4630c19b10684cda4fdeed3d2d60e7dc3,05b7bab4beef95cc077c40c8cc949baf46a83e36cf9903f6bc97f9f5bcbe3253,non_target_alert_rate,2026091900|2026091901|2026091902|2026091903|2026091904|2026091905|2026091906|2026091907|2026091908|2026091909|2026091910|2026091911|2026091912|2026091913|2026091914|2026091915|2026091916|2026091917|2026091918|2026091919,20,20,0,0.0,0.0,0.0
combined_acceptance_n500,combined,combined,acceptance,500,8.0,0.08,quality,income,reference_max,False,509c56e4630c19b10684cda4fdeed3d2d60e7dc3,05b7bab4beef95cc077c40c8cc949baf46a83e36cf9903f6bc97f9f5bcbe3253,non_target_alert_rate,2026091900|2026091901|2026091902|2026091903|2026091904|2026091905|2026091906|2026091907|2026091908|2026091909|2026091910|2026091911|2026091912|2026091913|2026091914|2026091915|2026091916|2026091917|2026091918|2026091919,20,20,0,0.0,619557.1195,611724.875
combined_acceptance_n500,combined,combined,acceptance,500,8.0,0.08,quality,income,reference_min,False,509c56e4630c19b10684cda4fdeed3d2d60e7dc3,05b7bab4beef95cc077c40c8cc949baf46a83e36cf9903f6bc97f9f5bcbe3253,non_target_alert_rate,2026091900|2026091901|2026091902|2026091903|2026091904|2026091905|2026091906|2026091907|2026091908|2026091909|2026091910|2026091911|2026091912|2026091913|2026091914|2026091915|2026091916|2026091917|2026091918|2026091919,20,20,0,0.0,10934.159000000001,11033.564999999999
combined_acceptance_n500,combined,combined,acceptance,500,8.0,0.08,quality,income,reference_missing_fraction,False,509c56e4630c19b10684cda4fdeed3d2d60e7dc3,05b7bab4beef95cc077c40c8cc949baf46a83e36cf9903f6bc97f9f5bcbe3253,non_target_alert_rate,2026091900|2026091901|2026091902|2026091903|2026091904|2026091905|2026091906|2026091907|2026091908|2026091909|2026091910|2026091911|2026091912|2026091913|2026091914|2026091915|2026091916|2026091917|2026091918|2026091919,20,20,0,0.0,0.020000000000000004,0.02
combined_acceptance_n500,combined,combined,acceptance,500,8.0,0.08,quality,region,current_missing_fraction,False,509c56e4630c19b10684cda4fdeed3d2d60e7dc3,05b7bab4beef95cc077c40c8cc949baf46a83e36cf9903f6bc97f9f5bcbe3253,non_target_alert_rate,2026091900|2026091901|2026091902|2026091903|2026091904|2026091905|2026091906|2026091907|2026091908|2026091909|2026091910|2026091911|2026091912|2026091913|2026091914|2026091915|2026091916|2026091917|2026091918|2026091919,20,20,0,0.0,0.0,0.0
combined_acceptance_n500,combined,combined,acceptance,500,8.0,0.08,quality,region,missing_increase_pp,False,509c56e4630c19b10684cda4fdeed3d2d60e7dc3,05b7bab4beef95cc077c40c8cc949baf46a83e36cf9903f6bc97f9f5bcbe3253,non_target_alert_rate,2026091900|2026091901|2026091902|2026091903|2026091904|2026091905|2026091906|2026091907|2026091908|2026091909|2026091910|2026091911|2026091912|2026091913|2026091914|2026091915|2026091916|2026091917|2026091918|2026091919,20,20,0,0.0,0.0,0.0
combined_acceptance_n500,combined,combined,acceptance,500,8.0,0.08,quality,region,reference_missing_fraction,False,509c56e4630c19b10684cda4fdeed3d2d60e7dc3,05b7bab4beef95cc077c40c8cc949baf46a83e36cf9903f6bc97f9f5bcbe3253,non_target_alert_rate,2026091900|2026091901|2026091902|2026091903|2026091904|2026091905|2026091906|2026091907|2026091908|2026091909|2026091910|2026091911|2026091912|2026091913|2026091914|2026091915|2026091916|2026091917|2026091918|2026091919,20,20,0,0.0,0.0,0.0
combined_acceptance_n500,combined,combined,acceptance,500,8.0,0.08,quality,,current_duplicate_fraction,False,509c56e4630c19b10684cda4fdeed3d2d60e7dc3,05b7bab4beef95cc077c40c8cc949baf46a83e36cf9903f6bc97f9f5bcbe3253,non_target_alert_rate,2026091900|2026091901|2026091902|2026091903|2026091904|2026091905|2026091906|2026091907|2026091908|2026091909|2026091910|2026091911|2026091912|2026091913|2026091914|2026091915|2026091916|2026091917|2026091918|2026091919,20,20,9,0.45,0.0109,0.01
combined_acceptance_n500,combined,combined,acceptance,500,8.0,0.08,quality,,reference_duplicate_fraction,False,509c56e4630c19b10684cda4fdeed3d2d60e7dc3,05b7bab4beef95cc077c40c8cc949baf46a83e36cf9903f6bc97f9f5bcbe3253,non_target_alert_rate,2026091900|2026091901|2026091902|2026091903|2026091904|2026091905|2026091906|2026091907|2026091908|2026091909|2026091910|2026091911|2026091912|2026091913|2026091914|2026091915|2026091916|2026091917|2026091918|2026091919,20,20,0,0.0,0.004259999999999999,0.0042
control_n1200,none,control,control,1200,0.0,0.02,adversarial,,roc_auc,False,509c56e4630c19b10684cda4fdeed3d2d60e7dc3,05b7bab4beef95cc077c40c8cc949baf46a83e36cf9903f6bc97f9f5bcbe3253,false_alert_rate,2026091900|2026091901|2026091902|2026091903|2026091904|2026091905|2026091906|2026091907|2026091908|2026091909|2026091910|2026091911|2026091912|2026091913|2026091914|2026091915|2026091916|2026091917|2026091918|2026091919,20,20,0,0.0,0.49574189166666666,0.495239875
control_n1200,none,control,control,1200,0.0,0.02,drift,age,js,False,509c56e4630c19b10684cda4fdeed3d2d60e7dc3,05b7bab4beef95cc077c40c8cc949baf46a83e36cf9903f6bc97f9f5bcbe3253,false_alert_rate,2026091900|2026091901|2026091902|2026091903|2026091904|2026091905|2026091906|2026091907|2026091908|2026091909|2026091910|2026091911|2026091912|2026091913|2026091914|2026091915|2026091916|2026091917|2026091918|2026091919,20,20,0,0.0,0.0015283154006461557,0.0014200185879160569
control_n1200,none,control,control,1200,0.0,0.02,drift,age,ks,False,509c56e4630c19b10684cda4fdeed3d2d60e7dc3,05b7bab4beef95cc077c40c8cc949baf46a83e36cf9903f6bc97f9f5bcbe3253,false_alert_rate,2026091900|2026091901|2026091902|2026091903|2026091904|2026091905|2026091906|2026091907|2026091908|2026091909|2026091910|2026091911|2026091912|2026091913|2026091914|2026091915|2026091916|2026091917|2026091918|2026091919,20,20,0,0.0,0.023523333333333334,0.022650000000000003
control_n1200,none,control,control,1200,0.0,0.02,drift,age,psi,False,509c56e4630c19b10684cda4fdeed3d2d60e7dc3,05b7bab4beef95cc077c40c8cc949baf46a83e36cf9903f6bc97f9f5bcbe3253,false_alert_rate,2026091900|2026091901|2026091902|2026091903|2026091904|2026091905|2026091906|2026091907|2026091908|2026091909|2026091910|2026091911|2026091912|2026091913|2026091914|2026091915|2026091916|2026091917|2026091918|2026091919,20,20,0,0.0,0.008483043368970305,0.007881196527792442
control_n1200,none,control,control,1200,0.0,0.02,drift,age,wasserstein,False,509c56e4630c19b10684cda4fdeed3d2d60e7dc3,05b7bab4beef95cc077c40c8cc949baf46a83e36cf9903f6bc97f9f5bcbe3253,false_alert_rate,2026091900|2026091901|2026091902|2026091903|2026091904|2026091905|2026091906|2026091907|2026091908|2026091909|2026091910|2026091911|2026091912|2026091913|2026091914|2026091915|2026091916|2026091917|2026091918|2026091919,20,20,0,0.0,0.44882833333333344,0.43413333333333326
control_n1200,none,control,control,1200,0.0,0.02,drift,income,js,False,509c56e4630c19b10684cda4fdeed3d2d60e7dc3,05b7bab4beef95cc077c40c8cc949baf46a83e36cf9903f6bc97f9f5bcbe3253,false_alert_rate,2026091900|2026091901|2026091902|2026091903|2026091904|2026091905|2026091906|2026091907|2026091908|2026091909|2026091910|2026091911|2026091912|2026091913|2026091914|2026091915|2026091916|2026091917|2026091918|2026091919,20,20,0,0.0,0.0013855950799059754,0.0011804476600368145
control_n1200,none,control,control,1200,0.0,0.02,drift,income,ks,False,509c56e4630c19b10684cda4fdeed3d2d60e7dc3,05b7bab4beef95cc077c40c8cc949baf46a83e36cf9903f6bc97f9f5bcbe3253,false_alert_rate,2026091900|2026091901|2026091902|2026091903|2026091904|2026091905|2026091906|2026091907|2026091908|2026091909|2026091910|2026091911|2026091912|2026091913|2026091914|2026091915|2026091916|2026091917|2026091918|2026091919,20,20,0,0.0,0.027236394557823118,0.02493197278911563
control_n1200,none,control,control,1200,0.0,0.02,drift,income,psi,False,509c56e4630c19b10684cda4fdeed3d2d60e7dc3,05b7bab4beef95cc077c40c8cc949baf46a83e36cf9903f6bc97f9f5bcbe3253,false_alert_rate,2026091900|2026091901|2026091902|2026091903|2026091904|2026091905|2026091906|2026091907|2026091908|2026091909|2026091910|2026091911|2026091912|2026091913|2026091914|2026091915|2026091916|2026091917|2026091918|2026091919,20,20,0,0.0,0.007691080777299413,0.006549099109096557
control_n1200,none,control,control,1200,0.0,0.02,drift,income,wasserstein,False,509c56e4630c19b10684cda4fdeed3d2d60e7dc3,05b7bab4beef95cc077c40c8cc949baf46a83e36cf9903f6bc97f9f5bcbe3253,false_alert_rate,2026091900|2026091901|2026091902|2026091903|2026091904|2026091905|2026091906|2026091907|2026091908|2026091909|2026091910|2026091911|2026091912|2026091913|2026091914|2026091915|2026091916|2026091917|2026091918|2026091919,20,0,0,,2403.868756326528,2201.500571938772
control_n1200,none,control,control,1200,0.0,0.02,drift,region,chi2,False,509c56e4630c19b10684cda4fdeed3d2d60e7dc3,05b7bab4beef95cc077c40c8cc949baf46a83e36cf9903f6bc97f9f5bcbe3253,false_alert_rate,2026091900|2026091901|2026091902|2026091903|2026091904|2026091905|2026091906|2026091907|2026091908|2026091909|2026091910|2026091911|2026091912|2026091913|2026091914|2026091915|2026091916|2026091917|2026091918|2026091919,20,20,0,0.0,3.415127384537976,2.3712465448600386
control_n1200,none,control,control,1200,0.0,0.02,drift,region,js,False,509c56e4630c19b10684cda4fdeed3d2d60e7dc3,05b7bab4beef95cc077c40c8cc949baf46a83e36cf9903f6bc97f9f5bcbe3253,false_alert_rate,2026091900|2026091901|2026091902|2026091903|2026091904|2026091905|2026091906|2026091907|2026091908|2026091909|2026091910|2026091911|2026091912|2026091913|2026091914|2026091915|2026091916|2026091917|2026091918|2026091919,20,20,0,0.0,0.0006424373381341464,0.0004462545320750036
control_n1200,none,control,control,1200,0.0,0.02,drift,region,psi,False,509c56e4630c19b10684cda4fdeed3d2d60e7dc3,05b7bab4beef95cc077c40c8cc949baf46a83e36cf9903f6bc97f9f5bcbe3253,false_alert_rate,2026091900|2026091901|2026091902|2026091903|2026091904|2026091905|2026091906|2026091907|2026091908|2026091909|2026091910|2026091911|2026091912|2026091913|2026091914|2026091915|2026091916|2026091917|2026091918|2026091919,20,20,0,0.0,0.0035640467574493836,0.002474975675458798
control_n1200,none,control,control,1200,0.0,0.02,quality,age,current_infinite_count,False,509c56e4630c19b10684cda4fdeed3d2d60e7dc3,05b7bab4beef95cc077c40c8cc949baf46a83e36cf9903f6bc97f9f5bcbe3253,false_alert_rate,2026091900|2026091901|2026091902|2026091903|2026091904|2026091905|2026091906|2026091907|2026091908|2026091909|2026091910|2026091911|2026091912|2026091913|2026091914|2026091915|2026091916|2026091917|2026091918|2026091919,20,20,0,0.0,0.0,0.0
control_n1200,none,control,control,1200,0.0,0.02,quality,age,current_max,False,509c56e4630c19b10684cda4fdeed3d2d60e7dc3,05b7bab4beef95cc077c40c8cc949baf46a83e36cf9903f6bc97f9f5bcbe3253,false_alert_rate,2026091900|2026091901|2026091902|2026091903|2026091904|2026091905|2026091906|2026091907|2026091908|2026091909|2026091910|2026091911|2026091912|2026091913|2026091914|2026091915|2026091916|2026091917|2026091918|2026091919,20,20,0,0.0,80.9,80.5
control_n1200,none,control,control,1200,0.0,0.02,quality,age,current_min,False,509c56e4630c19b10684cda4fdeed3d2d60e7dc3,05b7bab4beef95cc077c40c8cc949baf46a83e36cf9903f6bc97f9f5bcbe3253,false_alert_rate,2026091900|2026091901|2026091902|2026091903|2026091904|2026091905|2026091906|2026091907|2026091908|2026091909|2026091910|2026091911|2026091912|2026091913|2026091914|2026091915|2026091916|2026091917|2026091918|2026091919,20,20,0,0.0,18.0,18.0
control_n1200,none,control,control,1200,0.0,0.02,quality,age,current_missing_fraction,False,509c56e4630c19b10684cda4fdeed3d2d60e7dc3,05b7bab4beef95cc077c40c8cc949baf46a83e36cf9903f6bc97f9f5bcbe3253,false_alert_rate,2026091900|2026091901|2026091902|2026091903|2026091904|2026091905|2026091906|2026091907|2026091908|2026091909|2026091910|2026091911|2026091912|2026091913|2026091914|2026091915|2026091916|2026091917|2026091918|2026091919,20,20,0,0.0,0.0,0.0
control_n1200,none,control,control,1200,0.0,0.02,quality,age,missing_increase_pp,False,509c56e4630c19b10684cda4fdeed3d2d60e7dc3,05b7bab4beef95cc077c40c8cc949baf46a83e36cf9903f6bc97f9f5bcbe3253,false_alert_rate,2026091900|2026091901|2026091902|2026091903|2026091904|2026091905|2026091906|2026091907|2026091908|2026091909|2026091910|2026091911|2026091912|2026091913|2026091914|2026091915|2026091916|2026091917|2026091918|2026091919,20,20,0,0.0,0.0,0.0
control_n1200,none,control,control,1200,0.0,0.02,quality,age,reference_infinite_count,False,509c56e4630c19b10684cda4fdeed3d2d60e7dc3,05b7bab4beef95cc077c40c8cc949baf46a83e36cf9903f6bc97f9f5bcbe3253,false_alert_rate,2026091900|2026091901|2026091902|2026091903|2026091904|2026091905|2026091906|2026091907|2026091908|2026091909|2026091910|2026091911|2026091912|2026091913|2026091914|2026091915|2026091916|2026091917|2026091918|2026091919,20,20,0,0.0,0.0,0.0
control_n1200,none,control,control,1200,0.0,0.02,quality,age,reference_max,False,509c56e4630c19b10684cda4fdeed3d2d60e7dc3,05b7bab4beef95cc077c40c8cc949baf46a83e36cf9903f6bc97f9f5bcbe3253,false_alert_rate,2026091900|2026091901|2026091902|2026091903|2026091904|2026091905|2026091906|2026091907|2026091908|2026091909|2026091910|2026091911|2026091912|2026091913|2026091914|2026091915|2026091916|2026091917|2026091918|2026091919,20,20,0,0.0,86.6,86.5
control_n1200,none,control,control,1200,0.0,0.02,quality,age,reference_min,False,509c56e4630c19b10684cda4fdeed3d2d60e7dc3,05b7bab4beef95cc077c40c8cc949baf46a83e36cf9903f6bc97f9f5bcbe3253,false_alert_rate,2026091900|2026091901|2026091902|2026091903|2026091904|2026091905|2026091906|2026091907|2026091908|2026091909|2026091910|2026091911|2026091912|2026091913|2026091914|2026091915|2026091916|2026091917|2026091918|2026091919,20,20,0,0.0,18.0,18.0
control_n1200,none,control,control,1200,0.0,0.02,quality,age,reference_missing_fraction,False,509c56e4630c19b10684cda4fdeed3d2d60e7dc3,05b7bab4beef95cc077c40c8cc949baf46a83e36cf9903f6bc97f9f5bcbe3253,false_alert_rate,2026091900|2026091901|2026091902|2026091903|2026091904|2026091905|2026091906|2026091907|2026091908|2026091909|2026091910|2026091911|2026091912|2026091913|2026091914|2026091915|2026091916|2026091917|2026091918|2026091919,20,20,0,0.0,0.0,0.0
control_n1200,none,control,control,1200,0.0,0.02,quality,income,current_infinite_count,False,509c56e4630c19b10684cda4fdeed3d2d60e7dc3,05b7bab4beef95cc077c40c8cc949baf46a83e36cf9903f6bc97f9f5bcbe3253,false_alert_rate,2026091900|2026091901|2026091902|2026091903|2026091904|2026091905|2026091906|2026091907|2026091908|2026091909|2026091910|2026091911|2026091912|2026091913|2026091914|2026091915|2026091916|2026091917|2026091918|2026091919,20,20,0,0.0,0.0,0.0
control_n1200,none,control,control,1200,0.0,0.02,quality,income,current_max,False,509c56e4630c19b10684cda4fdeed3d2d60e7dc3,05b7bab4beef95cc077c40c8cc949baf46a83e36cf9903f6bc97f9f5bcbe3253,false_alert_rate,2026091900|2026091901|2026091902|2026091903|2026091904|2026091905|2026091906|2026091907|2026091908|2026091909|2026091910|2026091911|2026091912|2026091913|2026091914|2026091915|2026091916|2026091917|2026091918|2026091919,20,20,0,0.0,540426.8019999999,546592.515
control_n1200,none,control,control,1200,0.0,0.02,quality,income,current_min,False,509c56e4630c19b10684cda4fdeed3d2d60e7dc3,05b7bab4beef95cc077c40c8cc949baf46a83e36cf9903f6bc97f9f5bcbe3253,false_alert_rate,2026091900|2026091901|2026091902|2026091903|2026091904|2026091905|2026091906|2026091907|2026091908|2026091909|2026091910|2026091911|2026091912|2026091913|2026091914|2026091915|2026091916|2026091917|2026091918|2026091919,20,20,0,0.0,13373.402500000002,13755.87
control_n1200,none,control,control,1200,0.0,0.02,quality,income,current_missing_fraction,False,509c56e4630c19b10684cda4fdeed3d2d60e7dc3,05b7bab4beef95cc077c40c8cc949baf46a83e36cf9903f6bc97f9f5bcbe3253,false_alert_rate,2026091900|2026091901|2026091902|2026091903|2026091904|2026091905|2026091906|2026091907|2026091908|2026091909|2026091910|2026091911|2026091912|2026091913|2026091914|2026091915|2026091916|2026091917|2026091918|2026091919,20,20,0,0.0,0.020000000000000004,0.02
control_n1200,none,control,control,1200,0.0,0.02,quality,income,missing_increase_pp,False,509c56e4630c19b10684cda4fdeed3d2d60e7dc3,05b7bab4beef95cc077c40c8cc949baf46a83e36cf9903f6bc97f9f5bcbe3253,false_alert_rate,2026091900|2026091901|2026091902|2026091903|2026091904|2026091905|2026091906|2026091907|2026091908|2026091909|2026091910|2026091911|2026091912|2026091913|2026091914|2026091915|2026091916|2026091917|2026091918|2026091919,20,20,0,0.0,0.0,0.0
control_n1200,none,control,control,1200,0.0,0.02,quality,income,reference_infinite_count,False,509c56e4630c19b10684cda4fdeed3d2d60e7dc3,05b7bab4beef95cc077c40c8cc949baf46a83e36cf9903f6bc97f9f5bcbe3253,false_alert_rate,2026091900|2026091901|2026091902|2026091903|2026091904|2026091905|2026091906|2026091907|2026091908|2026091909|2026091910|2026091911|2026091912|2026091913|2026091914|2026091915|2026091916|2026091917|2026091918|2026091919,20,20,0,0.0,0.0,0.0
control_n1200,none,control,control,1200,0.0,0.02,quality,income,reference_max,False,509c56e4630c19b10684cda4fdeed3d2d60e7dc3,05b7bab4beef95cc077c40c8cc949baf46a83e36cf9903f6bc97f9f5bcbe3253,false_alert_rate,2026091900|2026091901|2026091902|2026091903|2026091904|2026091905|2026091906|2026091907|2026091908|2026091909|2026091910|2026091911|2026091912|2026091913|2026091914|2026091915|2026091916|2026091917|2026091918|2026091919,20,20,0,0.0,619557.1195,611724.875
control_n1200,none,control,control,1200,0.0,0.02,quality,income,reference_min,False,509c56e4630c19b10684cda4fdeed3d2d60e7dc3,05b7bab4beef95cc077c40c8cc949baf46a83e36cf9903f6bc97f9f5bcbe3253,false_alert_rate,2026091900|2026091901|2026091902|2026091903|2026091904|2026091905|2026091906|2026091907|2026091908|2026091909|2026091910|2026091911|2026091912|2026091913|2026091914|2026091915|2026091916|2026091917|2026091918|2026091919,20,20,0,0.0,10934.159000000001,11033.564999999999
control_n1200,none,control,control,1200,0.0,0.02,quality,income,reference_missing_fraction,False,509c56e4630c19b10684cda4fdeed3d2d60e7dc3,05b7bab4beef95cc077c40c8cc949baf46a83e36cf9903f6bc97f9f5bcbe3253,false_alert_rate,2026091900|2026091901|2026091902|2026091903|2026091904|2026091905|2026091906|2026091907|2026091908|2026091909|2026091910|2026091911|2026091912|2026091913|2026091914|2026091915|2026091916|2026091917|2026091918|2026091919,20,20,0,0.0,0.020000000000000004,0.02
control_n1200,none,control,control,1200,0.0,0.02,quality,region,current_missing_fraction,False,509c56e4630c19b10684cda4fdeed3d2d60e7dc3,05b7bab4beef95cc077c40c8cc949baf46a83e36cf9903f6bc97f9f5bcbe3253,false_alert_rate,2026091900|2026091901|2026091902|2026091903|2026091904|2026091905|2026091906|2026091907|2026091908|2026091909|2026091910|2026091911|2026091912|2026091913|2026091914|2026091915|2026091916|2026091917|2026091918|2026091919,20,20,0,0.0,0.0,0.0
control_n1200,none,control,control,1200,0.0,0.02,quality,region,missing_increase_pp,False,509c56e4630c19b10684cda4fdeed3d2d60e7dc3,05b7bab4beef95cc077c40c8cc949baf46a83e36cf9903f6bc97f9f5bcbe3253,false_alert_rate,2026091900|2026091901|2026091902|2026091903|2026091904|2026091905|2026091906|2026091907|2026091908|2026091909|2026091910|2026091911|2026091912|2026091913|2026091914|2026091915|2026091916|2026091917|2026091918|2026091919,20,20,0,0.0,0.0,0.0
control_n1200,none,control,control,1200,0.0,0.02,quality,region,reference_missing_fraction,False,509c56e4630c19b10684cda4fdeed3d2d60e7dc3,05b7bab4beef95cc077c40c8cc949baf46a83e36cf9903f6bc97f9f5bcbe3253,false_alert_rate,2026091900|2026091901|2026091902|2026091903|2026091904|2026091905|2026091906|2026091907|2026091908|2026091909|2026091910|2026091911|2026091912|2026091913|2026091914|2026091915|2026091916|2026091917|2026091918|2026091919,20,20,0,0.0,0.0,0.0
control_n1200,none,control,control,1200,0.0,0.02,quality,,current_duplicate_fraction,False,509c56e4630c19b10684cda4fdeed3d2d60e7dc3,05b7bab4beef95cc077c40c8cc949baf46a83e36cf9903f6bc97f9f5bcbe3253,false_alert_rate,2026091900|2026091901|2026091902|2026091903|2026091904|2026091905|2026091906|2026091907|2026091908|2026091909|2026091910|2026091911|2026091912|2026091913|2026091914|2026091915|2026091916|2026091917|2026091918|2026091919,20,20,0,0.0,0.0012499999999999998,0.0008333333333333334
control_n1200,none,control,control,1200,0.0,0.02,quality,,reference_duplicate_fraction,False,509c56e4630c19b10684cda4fdeed3d2d60e7dc3,05b7bab4beef95cc077c40c8cc949baf46a83e36cf9903f6bc97f9f5bcbe3253,false_alert_rate,2026091900|2026091901|2026091902|2026091903|2026091904|2026091905|2026091906|2026091907|2026091908|2026091909|2026091910|2026091911|2026091912|2026091913|2026091914|2026091915|2026091916|2026091917|2026091918|2026091919,20,20,0,0.0,0.004259999999999999,0.0042
control_n3000,none,control,control,3000,0.0,0.02,adversarial,,roc_auc,False,509c56e4630c19b10684cda4fdeed3d2d60e7dc3,05b7bab4beef95cc077c40c8cc949baf46a83e36cf9903f6bc97f9f5bcbe3253,false_alert_rate,2026091900|2026091901|2026091902|2026091903|2026091904|2026091905|2026091906|2026091907|2026091908|2026091909|2026091910|2026091911|2026091912|2026091913|2026091914|2026091915|2026091916|2026091917|2026091918|2026091919,20,20,0,0.0,0.4977896216666666,0.4978245166666666
control_n3000,none,control,control,3000,0.0,0.02,drift,age,js,False,509c56e4630c19b10684cda4fdeed3d2d60e7dc3,05b7bab4beef95cc077c40c8cc949baf46a83e36cf9903f6bc97f9f5bcbe3253,false_alert_rate,2026091900|2026091901|2026091902|2026091903|2026091904|2026091905|2026091906|2026091907|2026091908|2026091909|2026091910|2026091911|2026091912|2026091913|2026091914|2026091915|2026091916|2026091917|2026091918|2026091919,20,20,0,0.0,0.000828077560848835,0.0007868214199912456
control_n3000,none,control,control,3000,0.0,0.02,drift,age,ks,False,509c56e4630c19b10684cda4fdeed3d2d60e7dc3,05b7bab4beef95cc077c40c8cc949baf46a83e36cf9903f6bc97f9f5bcbe3253,false_alert_rate,2026091900|2026091901|2026091902|2026091903|2026091904|2026091905|2026091906|2026091907|2026091908|2026091909|2026091910|2026091911|2026091912|2026091913|2026091914|2026091915|2026091916|2026091917|2026091918|2026091919,20,20,0,0.0,0.016439999999999996,0.01563333333333329
control_n3000,none,control,control,3000,0.0,0.02,drift,age,psi,False,509c56e4630c19b10684cda4fdeed3d2d60e7dc3,05b7bab4beef95cc077c40c8cc949baf46a83e36cf9903f6bc97f9f5bcbe3253,false_alert_rate,2026091900|2026091901|2026091902|2026091903|2026091904|2026091905|2026091906|2026091907|2026091908|2026091909|2026091910|2026091911|2026091912|2026091913|2026091914|2026091915|2026091916|2026091917|2026091918|2026091919,20,20,0,0.0,0.004594795767509158,0.004364898121808758
control_n3000,none,control,control,3000,0.0,0.02,drift,age,wasserstein,False,509c56e4630c19b10684cda4fdeed3d2d60e7dc3,05b7bab4beef95cc077c40c8cc949baf46a83e36cf9903f6bc97f9f5bcbe3253,false_alert_rate,2026091900|2026091901|2026091902|2026091903|2026091904|2026091905|2026091906|2026091907|2026091908|2026091909|2026091910|2026091911|2026091912|2026091913|2026091914|2026091915|2026091916|2026091917|2026091918|2026091919,20,20,0,0.0,0.33586333333333335,0.2929333333333333
control_n3000,none,control,control,3000,0.0,0.02,drift,income,js,False,509c56e4630c19b10684cda4fdeed3d2d60e7dc3,05b7bab4beef95cc077c40c8cc949baf46a83e36cf9903f6bc97f9f5bcbe3253,false_alert_rate,2026091900|2026091901|2026091902|2026091903|2026091904|2026091905|2026091906|2026091907|2026091908|2026091909|2026091910|2026091911|2026091912|2026091913|2026091914|2026091915|2026091916|2026091917|2026091918|2026091919,20,20,0,0.0,0.0008422728387044618,0.0006696831271676581
control_n3000,none,control,control,3000,0.0,0.02,drift,income,ks,False,509c56e4630c19b10684cda4fdeed3d2d60e7dc3,05b7bab4beef95cc077c40c8cc949baf46a83e36cf9903f6bc97f9f5bcbe3253,false_alert_rate,2026091900|2026091901|2026091902|2026091903|2026091904|2026091905|2026091906|2026091907|2026091908|2026091909|2026091910|2026091911|2026091912|2026091913|2026091914|2026091915|2026091916|2026091917|2026091918|2026091919,20,20,1,0.05,0.020693877551020402,0.019115646258503344
control_n3000,none,control,control,3000,0.0,0.02,drift,income,psi,False,509c56e4630c19b10684cda4fdeed3d2d60e7dc3,05b7bab4beef95cc077c40c8cc949baf46a83e36cf9903f6bc97f9f5bcbe3253,false_alert_rate,2026091900|2026091901|2026091902|2026091903|2026091904|2026091905|2026091906|2026091907|2026091908|2026091909|2026091910|2026091911|2026091912|2026091913|2026091914|2026091915|2026091916|2026091917|2026091918|2026091919,20,20,0,0.0,0.004673964161402819,0.0037146030781121716
control_n3000,none,control,control,3000,0.0,0.02,drift,income,wasserstein,False,509c56e4630c19b10684cda4fdeed3d2d60e7dc3,05b7bab4beef95cc077c40c8cc949baf46a83e36cf9903f6bc97f9f5bcbe3253,false_alert_rate,2026091900|2026091901|2026091902|2026091903|2026091904|2026091905|2026091906|2026091907|2026091908|2026091909|2026091910|2026091911|2026091912|2026091913|2026091914|2026091915|2026091916|2026091917|2026091918|2026091919,20,0,0,,1998.0276761904765,1872.539914285714
control_n3000,none,control,control,3000,0.0,0.02,drift,region,chi2,False,509c56e4630c19b10684cda4fdeed3d2d60e7dc3,05b7bab4beef95cc077c40c8cc949baf46a83e36cf9903f6bc97f9f5bcbe3253,false_alert_rate,2026091900|2026091901|2026091902|2026091903|2026091904|2026091905|2026091906|2026091907|2026091908|2026091909|2026091910|2026091911|2026091912|2026091913|2026091914|2026091915|2026091916|2026091917|2026091918|2026091919,20,20,0,0.0,3.5921559063188924,3.8250271666249747
control_n3000,none,control,control,3000,0.0,0.02,drift,region,js,False,509c56e4630c19b10684cda4fdeed3d2d60e7dc3,05b7bab4beef95cc077c40c8cc949baf46a83e36cf9903f6bc97f9f5bcbe3253,false_alert_rate,2026091900|2026091901|2026091902|2026091903|2026091904|2026091905|2026091906|2026091907|2026091908|2026091909|2026091910|2026091911|2026091912|2026091913|2026091914|2026091915|2026091916|2026091917|2026091918|2026091919,20,20,0,0.0,0.0003454298659140701,0.0003686092678177425
control_n3000,none,control,control,3000,0.0,0.02,drift,region,psi,False,509c56e4630c19b10684cda4fdeed3d2d60e7dc3,05b7bab4beef95cc077c40c8cc949baf46a83e36cf9903f6bc97f9f5bcbe3253,false_alert_rate,2026091900|2026091901|2026091902|2026091903|2026091904|2026091905|2026091906|2026091907|2026091908|2026091909|2026091910|2026091911|2026091912|2026091913|2026091914|2026091915|2026091916|2026091917|2026091918|2026091919,20,20,0,0.0,0.0019158925039105775,0.002044319644251615
control_n3000,none,control,control,3000,0.0,0.02,quality,age,current_infinite_count,False,509c56e4630c19b10684cda4fdeed3d2d60e7dc3,05b7bab4beef95cc077c40c8cc949baf46a83e36cf9903f6bc97f9f5bcbe3253,false_alert_rate,2026091900|2026091901|2026091902|2026091903|2026091904|2026091905|2026091906|2026091907|2026091908|2026091909|2026091910|2026091911|2026091912|2026091913|2026091914|2026091915|2026091916|2026091917|2026091918|2026091919,20,20,0,0.0,0.0,0.0
control_n3000,none,control,control,3000,0.0,0.02,quality,age,current_max,False,509c56e4630c19b10684cda4fdeed3d2d60e7dc3,05b7bab4beef95cc077c40c8cc949baf46a83e36cf9903f6bc97f9f5bcbe3253,false_alert_rate,2026091900|2026091901|2026091902|2026091903|2026091904|2026091905|2026091906|2026091907|2026091908|2026091909|2026091910|2026091911|2026091912|2026091913|2026091914|2026091915|2026091916|2026091917|2026091918|2026091919,20,20,0,0.0,84.95,83.5
control_n3000,none,control,control,3000,0.0,0.02,quality,age,current_min,False,509c56e4630c19b10684cda4fdeed3d2d60e7dc3,05b7bab4beef95cc077c40c8cc949baf46a83e36cf9903f6bc97f9f5bcbe3253,false_alert_rate,2026091900|2026091901|2026091902|2026091903|2026091904|2026091905|2026091906|2026091907|2026091908|2026091909|2026091910|2026091911|2026091912|2026091913|2026091914|2026091915|2026091916|2026091917|2026091918|2026091919,20,20,0,0.0,18.0,18.0
control_n3000,none,control,control,3000,0.0,0.02,quality,age,current_missing_fraction,False,509c56e4630c19b10684cda4fdeed3d2d60e7dc3,05b7bab4beef95cc077c40c8cc949baf46a83e36cf9903f6bc97f9f5bcbe3253,false_alert_rate,2026091900|2026091901|2026091902|2026091903|2026091904|2026091905|2026091906|2026091907|2026091908|2026091909|2026091910|2026091911|2026091912|2026091913|2026091914|2026091915|2026091916|2026091917|2026091918|2026091919,20,20,0,0.0,0.0,0.0
control_n3000,none,control,control,3000,0.0,0.02,quality,age,missing_increase_pp,False,509c56e4630c19b10684cda4fdeed3d2d60e7dc3,05b7bab4beef95cc077c40c8cc949baf46a83e36cf9903f6bc97f9f5bcbe3253,false_alert_rate,2026091900|2026091901|2026091902|2026091903|2026091904|2026091905|2026091906|2026091907|2026091908|2026091909|2026091910|2026091911|2026091912|2026091913|2026091914|2026091915|2026091916|2026091917|2026091918|2026091919,20,20,0,0.0,0.0,0.0
control_n3000,none,control,control,3000,0.0,0.02,quality,age,reference_infinite_count,False,509c56e4630c19b10684cda4fdeed3d2d60e7dc3,05b7bab4beef95cc077c40c8cc949baf46a83e36cf9903f6bc97f9f5bcbe3253,false_alert_rate,2026091900|2026091901|2026091902|2026091903|2026091904|2026091905|2026091906|2026091907|2026091908|2026091909|2026091910|2026091911|2026091912|2026091913|2026091914|2026091915|2026091916|2026091917|2026091918|2026091919,20,20,0,0.0,0.0,0.0
control_n3000,none,control,control,3000,0.0,0.02,quality,age,reference_max,False,509c56e4630c19b10684cda4fdeed3d2d60e7dc3,05b7bab4beef95cc077c40c8cc949baf46a83e36cf9903f6bc97f9f5bcbe3253,false_alert_rate,2026091900|2026091901|2026091902|2026091903|2026091904|2026091905|2026091906|2026091907|2026091908|2026091909|2026091910|2026091911|2026091912|2026091913|2026091914|2026091915|2026091916|2026091917|2026091918|2026091919,20,20,0,0.0,86.6,86.5
control_n3000,none,control,control,3000,0.0,0.02,quality,age,reference_min,False,509c56e4630c19b10684cda4fdeed3d2d60e7dc3,05b7bab4beef95cc077c40c8cc949baf46a83e36cf9903f6bc97f9f5bcbe3253,false_alert_rate,2026091900|2026091901|2026091902|2026091903|2026091904|2026091905|2026091906|2026091907|2026091908|2026091909|2026091910|2026091911|2026091912|2026091913|2026091914|2026091915|2026091916|2026091917|2026091918|2026091919,20,20,0,0.0,18.0,18.0
control_n3000,none,control,control,3000,0.0,0.02,quality,age,reference_missing_fraction,False,509c56e4630c19b10684cda4fdeed3d2d60e7dc3,05b7bab4beef95cc077c40c8cc949baf46a83e36cf9903f6bc97f9f5bcbe3253,false_alert_rate,2026091900|2026091901|2026091902|2026091903|2026091904|2026091905|2026091906|2026091907|2026091908|2026091909|2026091910|2026091911|2026091912|2026091913|2026091914|2026091915|2026091916|2026091917|2026091918|2026091919,20,20,0,0.0,0.0,0.0
control_n3000,none,control,control,3000,0.0,0.02,quality,income,current_infinite_count,False,509c56e4630c19b10684cda4fdeed3d2d60e7dc3,05b7bab4beef95cc077c40c8cc949baf46a83e36cf9903f6bc97f9f5bcbe3253,false_alert_rate,2026091900|2026091901|2026091902|2026091903|2026091904|2026091905|2026091906|2026091907|2026091908|2026091909|2026091910|2026091911|2026091912|2026091913|2026091914|2026091915|2026091916|2026091917|2026091918|2026091919,20,20,0,0.0,0.0,0.0
control_n3000,none,control,control,3000,0.0,0.02,quality,income,current_max,False,509c56e4630c19b10684cda4fdeed3d2d60e7dc3,05b7bab4beef95cc077c40c8cc949baf46a83e36cf9903f6bc97f9f5bcbe3253,false_alert_rate,2026091900|2026091901|2026091902|2026091903|2026091904|2026091905|2026091906|2026091907|2026091908|2026091909|2026091910|2026091911|2026091912|2026091913|2026091914|2026091915|2026091916|2026091917|2026091918|2026091919,20,20,0,0.0,568823.3389999999,578353.25
control_n3000,none,control,control,3000,0.0,0.02,quality,income,current_min,False,509c56e4630c19b10684cda4fdeed3d2d60e7dc3,05b7bab4beef95cc077c40c8cc949baf46a83e36cf9903f6bc97f9f5bcbe3253,false_alert_rate,2026091900|2026091901|2026091902|2026091903|2026091904|2026091905|2026091906|2026091907|2026091908|2026091909|2026091910|2026091911|2026091912|2026091913|2026091914|2026091915|2026091916|2026091917|2026091918|2026091919,20,20,0,0.0,12188.2975,12446.635
control_n3000,none,control,control,3000,0.0,0.02,quality,income,current_missing_fraction,False,509c56e4630c19b10684cda4fdeed3d2d60e7dc3,05b7bab4beef95cc077c40c8cc949baf46a83e36cf9903f6bc97f9f5bcbe3253,false_alert_rate,2026091900|2026091901|2026091902|2026091903|2026091904|2026091905|2026091906|2026091907|2026091908|2026091909|2026091910|2026091911|2026091912|2026091913|2026091914|2026091915|2026091916|2026091917|2026091918|2026091919,20,20,0,0.0,0.020000000000000004,0.02
control_n3000,none,control,control,3000,0.0,0.02,quality,income,missing_increase_pp,False,509c56e4630c19b10684cda4fdeed3d2d60e7dc3,05b7bab4beef95cc077c40c8cc949baf46a83e36cf9903f6bc97f9f5bcbe3253,false_alert_rate,2026091900|2026091901|2026091902|2026091903|2026091904|2026091905|2026091906|2026091907|2026091908|2026091909|2026091910|2026091911|2026091912|2026091913|2026091914|2026091915|2026091916|2026091917|2026091918|2026091919,20,20,0,0.0,0.0,0.0
control_n3000,none,control,control,3000,0.0,0.02,quality,income,reference_infinite_count,False,509c56e4630c19b10684cda4fdeed3d2d60e7dc3,05b7bab4beef95cc077c40c8cc949baf46a83e36cf9903f6bc97f9f5bcbe3253,false_alert_rate,2026091900|2026091901|2026091902|2026091903|2026091904|2026091905|2026091906|2026091907|2026091908|2026091909|2026091910|2026091911|2026091912|2026091913|2026091914|2026091915|2026091916|2026091917|2026091918|2026091919,20,20,0,0.0,0.0,0.0
control_n3000,none,control,control,3000,0.0,0.02,quality,income,reference_max,False,509c56e4630c19b10684cda4fdeed3d2d60e7dc3,05b7bab4beef95cc077c40c8cc949baf46a83e36cf9903f6bc97f9f5bcbe3253,false_alert_rate,2026091900|2026091901|2026091902|2026091903|2026091904|2026091905|2026091906|2026091907|2026091908|2026091909|2026091910|2026091911|2026091912|2026091913|2026091914|2026091915|2026091916|2026091917|2026091918|2026091919,20,20,0,0.0,619557.1195,611724.875
control_n3000,none,control,control,3000,0.0,0.02,quality,income,reference_min,False,509c56e4630c19b10684cda4fdeed3d2d60e7dc3,05b7bab4beef95cc077c40c8cc949baf46a83e36cf9903f6bc97f9f5bcbe3253,false_alert_rate,2026091900|2026091901|2026091902|2026091903|2026091904|2026091905|2026091906|2026091907|2026091908|2026091909|2026091910|2026091911|2026091912|2026091913|2026091914|2026091915|2026091916|2026091917|2026091918|2026091919,20,20,0,0.0,10934.159000000001,11033.564999999999
control_n3000,none,control,control,3000,0.0,0.02,quality,income,reference_missing_fraction,False,509c56e4630c19b10684cda4fdeed3d2d60e7dc3,05b7bab4beef95cc077c40c8cc949baf46a83e36cf9903f6bc97f9f5bcbe3253,false_alert_rate,2026091900|2026091901|2026091902|2026091903|2026091904|2026091905|2026091906|2026091907|2026091908|2026091909|2026091910|2026091911|2026091912|2026091913|2026091914|2026091915|2026091916|2026091917|2026091918|2026091919,20,20,0,0.0,0.020000000000000004,0.02
control_n3000,none,control,control,3000,0.0,0.02,quality,region,current_missing_fraction,False,509c56e4630c19b10684cda4fdeed3d2d60e7dc3,05b7bab4beef95cc077c40c8cc949baf46a83e36cf9903f6bc97f9f5bcbe3253,false_alert_rate,2026091900|2026091901|2026091902|2026091903|2026091904|2026091905|2026091906|2026091907|2026091908|2026091909|2026091910|2026091911|2026091912|2026091913|2026091914|2026091915|2026091916|2026091917|2026091918|2026091919,20,20,0,0.0,0.0,0.0
control_n3000,none,control,control,3000,0.0,0.02,quality,region,missing_increase_pp,False,509c56e4630c19b10684cda4fdeed3d2d60e7dc3,05b7bab4beef95cc077c40c8cc949baf46a83e36cf9903f6bc97f9f5bcbe3253,false_alert_rate,2026091900|2026091901|2026091902|2026091903|2026091904|2026091905|2026091906|2026091907|2026091908|2026091909|2026091910|2026091911|2026091912|2026091913|2026091914|2026091915|2026091916|2026091917|2026091918|2026091919,20,20,0,0.0,0.0,0.0
control_n3000,none,control,control,3000,0.0,0.02,quality,region,reference_missing_fraction,False,509c56e4630c19b10684cda4fdeed3d2d60e7dc3,05b7bab4beef95cc077c40c8cc949baf46a83e36cf9903f6bc97f9f5bcbe3253,false_alert_rate,2026091900|2026091901|2026091902|2026091903|2026091904|2026091905|2026091906|2026091907|2026091908|2026091909|2026091910|2026091911|2026091912|2026091913|2026091914|2026091915|2026091916|2026091917|2026091918|2026091919,20,20,0,0.0,0.0,0.0
control_n3000,none,control,control,3000,0.0,0.02,quality,,current_duplicate_fraction,False,509c56e4630c19b10684cda4fdeed3d2d60e7dc3,05b7bab4beef95cc077c40c8cc949baf46a83e36cf9903f6bc97f9f5bcbe3253,false_alert_rate,2026091900|2026091901|2026091902|2026091903|2026091904|2026091905|2026091906|2026091907|2026091908|2026091909|2026091910|2026091911|2026091912|2026091913|2026091914|2026091915|2026091916|2026091917|2026091918|2026091919,20,20,0,0.0,0.0028666666666666667,0.0026666666666666666
control_n3000,none,control,control,3000,0.0,0.02,quality,,reference_duplicate_fraction,False,509c56e4630c19b10684cda4fdeed3d2d60e7dc3,05b7bab4beef95cc077c40c8cc949baf46a83e36cf9903f6bc97f9f5bcbe3253,false_alert_rate,2026091900|2026091901|2026091902|2026091903|2026091904|2026091905|2026091906|2026091907|2026091908|2026091909|2026091910|2026091911|2026091912|2026091913|2026091914|2026091915|2026091916|2026091917|2026091918|2026091919,20,20,0,0.0,0.004259999999999999,0.0042
control_n500,none,control,control,500,0.0,0.02,adversarial,,roc_auc,False,509c56e4630c19b10684cda4fdeed3d2d60e7dc3,05b7bab4beef95cc077c40c8cc949baf46a83e36cf9903f6bc97f9f5bcbe3253,false_alert_rate,2026091900|2026091901|2026091902|2026091903|2026091904|2026091905|2026091906|2026091907|2026091908|2026091909|2026091910|2026091911|2026091912|2026091913|2026091914|2026091915|2026091916|2026091917|2026091918|2026091919,20,20,0,0.0,0.48710278,0.4868056
control_n500,none,control,control,500,0.0,0.02,drift,age,js,False,509c56e4630c19b10684cda4fdeed3d2d60e7dc3,05b7bab4beef95cc077c40c8cc949baf46a83e36cf9903f6bc97f9f5bcbe3253,false_alert_rate,2026091900|2026091901|2026091902|2026091903|2026091904|2026091905|2026091906|2026091907|2026091908|2026091909|2026091910|2026091911|2026091912|2026091913|2026091914|2026091915|2026091916|2026091917|2026091918|2026091919,20,20,0,0.0,0.0034443352479745426,0.003030591434741451
control_n500,none,control,control,500,0.0,0.02,drift,age,ks,False,509c56e4630c19b10684cda4fdeed3d2d60e7dc3,05b7bab4beef95cc077c40c8cc949baf46a83e36cf9903f6bc97f9f5bcbe3253,false_alert_rate,2026091900|2026091901|2026091902|2026091903|2026091904|2026091905|2026091906|2026091907|2026091908|2026091909|2026091910|2026091911|2026091912|2026091913|2026091914|2026091915|2026091916|2026091917|2026091918|2026091919,20,20,0,0.0,0.03266,0.03390000000000001
control_n500,none,control,control,500,0.0,0.02,drift,age,psi,False,509c56e4630c19b10684cda4fdeed3d2d60e7dc3,05b7bab4beef95cc077c40c8cc949baf46a83e36cf9903f6bc97f9f5bcbe3253,false_alert_rate,2026091900|2026091901|2026091902|2026091903|2026091904|2026091905|2026091906|2026091907|2026091908|2026091909|2026091910|2026091911|2026091912|2026091913|2026091914|2026091915|2026091916|2026091917|2026091918|2026091919,20,20,0,0.0,0.019146684544178443,0.016826852551802024
control_n500,none,control,control,500,0.0,0.02,drift,age,wasserstein,False,509c56e4630c19b10684cda4fdeed3d2d60e7dc3,05b7bab4beef95cc077c40c8cc949baf46a83e36cf9903f6bc97f9f5bcbe3253,false_alert_rate,2026091900|2026091901|2026091902|2026091903|2026091904|2026091905|2026091906|2026091907|2026091908|2026091909|2026091910|2026091911|2026091912|2026091913|2026091914|2026091915|2026091916|2026091917|2026091918|2026091919,20,20,0,0.0,0.60104,0.5980000000000001
control_n500,none,control,control,500,0.0,0.02,drift,income,js,False,509c56e4630c19b10684cda4fdeed3d2d60e7dc3,05b7bab4beef95cc077c40c8cc949baf46a83e36cf9903f6bc97f9f5bcbe3253,false_alert_rate,2026091900|2026091901|2026091902|2026091903|2026091904|2026091905|2026091906|2026091907|2026091908|2026091909|2026091910|2026091911|2026091912|2026091913|2026091914|2026091915|2026091916|2026091917|2026091918|2026091919,20,20,0,0.0,0.002613253671303028,0.002194773297986808
control_n500,none,control,control,500,0.0,0.02,drift,income,ks,False,509c56e4630c19b10684cda4fdeed3d2d60e7dc3,05b7bab4beef95cc077c40c8cc949baf46a83e36cf9903f6bc97f9f5bcbe3253,false_alert_rate,2026091900|2026091901|2026091902|2026091903|2026091904|2026091905|2026091906|2026091907|2026091908|2026091909|2026091910|2026091911|2026091912|2026091913|2026091914|2026091915|2026091916|2026091917|2026091918|2026091919,20,20,1,0.05,0.03655102040816326,0.03479591836734694
control_n500,none,control,control,500,0.0,0.02,drift,income,psi,False,509c56e4630c19b10684cda4fdeed3d2d60e7dc3,05b7bab4beef95cc077c40c8cc949baf46a83e36cf9903f6bc97f9f5bcbe3253,false_alert_rate,2026091900|2026091901|2026091902|2026091903|2026091904|2026091905|2026091906|2026091907|2026091908|2026091909|2026091910|2026091911|2026091912|2026091913|2026091914|2026091915|2026091916|2026091917|2026091918|2026091919,20,20,0,0.0,0.014517859426963677,0.012184815417315031
control_n500,none,control,control,500,0.0,0.02,drift,income,wasserstein,False,509c56e4630c19b10684cda4fdeed3d2d60e7dc3,05b7bab4beef95cc077c40c8cc949baf46a83e36cf9903f6bc97f9f5bcbe3253,false_alert_rate,2026091900|2026091901|2026091902|2026091903|2026091904|2026091905|2026091906|2026091907|2026091908|2026091909|2026091910|2026091911|2026091912|2026091913|2026091914|2026091915|2026091916|2026091917|2026091918|2026091919,20,0,0,,3118.3180965306133,3141.940216326532
control_n500,none,control,control,500,0.0,0.02,drift,region,chi2,False,509c56e4630c19b10684cda4fdeed3d2d60e7dc3,05b7bab4beef95cc077c40c8cc949baf46a83e36cf9903f6bc97f9f5bcbe3253,false_alert_rate,2026091900|2026091901|2026091902|2026091903|2026091904|2026091905|2026091906|2026091907|2026091908|2026091909|2026091910|2026091911|2026091912|2026091913|2026091914|2026091915|2026091916|2026091917|2026091918|2026091919,20,20,0,0.0,3.305730494459765,2.9736838097361407
control_n500,none,control,control,500,0.0,0.02,drift,region,js,False,509c56e4630c19b10684cda4fdeed3d2d60e7dc3,05b7bab4beef95cc077c40c8cc949baf46a83e36cf9903f6bc97f9f5bcbe3253,false_alert_rate,2026091900|2026091901|2026091902|2026091903|2026091904|2026091905|2026091906|2026091907|2026091908|2026091909|2026091910|2026091911|2026091912|2026091913|2026091914|2026091915|2026091916|2026091917|2026091918|2026091919,20,20,0,0.0,0.0013211464980250223,0.0011756629666075898
control_n500,none,control,control,500,0.0,0.02,drift,region,psi,False,509c56e4630c19b10684cda4fdeed3d2d60e7dc3,05b7bab4beef95cc077c40c8cc949baf46a83e36cf9903f6bc97f9f5bcbe3253,false_alert_rate,2026091900|2026091901|2026091902|2026091903|2026091904|2026091905|2026091906|2026091907|2026091908|2026091909|2026091910|2026091911|2026091912|2026091913|2026091914|2026091915|2026091916|2026091917|2026091918|2026091919,20,20,0,0.0,0.007331876028945081,0.00652210825749337
control_n500,none,control,control,500,0.0,0.02,quality,age,current_infinite_count,False,509c56e4630c19b10684cda4fdeed3d2d60e7dc3,05b7bab4beef95cc077c40c8cc949baf46a83e36cf9903f6bc97f9f5bcbe3253,false_alert_rate,2026091900|2026091901|2026091902|2026091903|2026091904|2026091905|2026091906|2026091907|2026091908|2026091909|2026091910|2026091911|2026091912|2026091913|2026091914|2026091915|2026091916|2026091917|2026091918|2026091919,20,20,0,0.0,0.0,0.0
control_n500,none,control,control,500,0.0,0.02,quality,age,current_max,False,509c56e4630c19b10684cda4fdeed3d2d60e7dc3,05b7bab4beef95cc077c40c8cc949baf46a83e36cf9903f6bc97f9f5bcbe3253,false_alert_rate,2026091900|2026091901|2026091902|2026091903|2026091904|2026091905|2026091906|2026091907|2026091908|2026091909|2026091910|2026091911|2026091912|2026091913|2026091914|2026091915|2026091916|2026091917|2026091918|2026091919,20,20,0,0.0,78.5,77.0
control_n500,none,control,control,500,0.0,0.02,quality,age,current_min,False,509c56e4630c19b10684cda4fdeed3d2d60e7dc3,05b7bab4beef95cc077c40c8cc949baf46a83e36cf9903f6bc97f9f5bcbe3253,false_alert_rate,2026091900|2026091901|2026091902|2026091903|2026091904|2026091905|2026091906|2026091907|2026091908|2026091909|2026091910|2026091911|2026091912|2026091913|2026091914|2026091915|2026091916|2026091917|2026091918|2026091919,20,20,0,0.0,18.0,18.0
control_n500,none,control,control,500,0.0,0.02,quality,age,current_missing_fraction,False,509c56e4630c19b10684cda4fdeed3d2d60e7dc3,05b7bab4beef95cc077c40c8cc949baf46a83e36cf9903f6bc97f9f5bcbe3253,false_alert_rate,2026091900|2026091901|2026091902|2026091903|2026091904|2026091905|2026091906|2026091907|2026091908|2026091909|2026091910|2026091911|2026091912|2026091913|2026091914|2026091915|2026091916|2026091917|2026091918|2026091919,20,20,0,0.0,0.0,0.0
control_n500,none,control,control,500,0.0,0.02,quality,age,missing_increase_pp,False,509c56e4630c19b10684cda4fdeed3d2d60e7dc3,05b7bab4beef95cc077c40c8cc949baf46a83e36cf9903f6bc97f9f5bcbe3253,false_alert_rate,2026091900|2026091901|2026091902|2026091903|2026091904|2026091905|2026091906|2026091907|2026091908|2026091909|2026091910|2026091911|2026091912|2026091913|2026091914|2026091915|2026091916|2026091917|2026091918|2026091919,20,20,0,0.0,0.0,0.0
control_n500,none,control,control,500,0.0,0.02,quality,age,reference_infinite_count,False,509c56e4630c19b10684cda4fdeed3d2d60e7dc3,05b7bab4beef95cc077c40c8cc949baf46a83e36cf9903f6bc97f9f5bcbe3253,false_alert_rate,2026091900|2026091901|2026091902|2026091903|2026091904|2026091905|2026091906|2026091907|2026091908|2026091909|2026091910|2026091911|2026091912|2026091913|2026091914|2026091915|2026091916|2026091917|2026091918|2026091919,20,20,0,0.0,0.0,0.0
control_n500,none,control,control,500,0.0,0.02,quality,age,reference_max,False,509c56e4630c19b10684cda4fdeed3d2d60e7dc3,05b7bab4beef95cc077c40c8cc949baf46a83e36cf9903f6bc97f9f5bcbe3253,false_alert_rate,2026091900|2026091901|2026091902|2026091903|2026091904|2026091905|2026091906|2026091907|2026091908|2026091909|2026091910|2026091911|2026091912|2026091913|2026091914|2026091915|2026091916|2026091917|2026091918|2026091919,20,20,0,0.0,86.6,86.5
control_n500,none,control,control,500,0.0,0.02,quality,age,reference_min,False,509c56e4630c19b10684cda4fdeed3d2d60e7dc3,05b7bab4beef95cc077c40c8cc949baf46a83e36cf9903f6bc97f9f5bcbe3253,false_alert_rate,2026091900|2026091901|2026091902|2026091903|2026091904|2026091905|2026091906|2026091907|2026091908|2026091909|2026091910|2026091911|2026091912|2026091913|2026091914|2026091915|2026091916|2026091917|2026091918|2026091919,20,20,0,0.0,18.0,18.0
control_n500,none,control,control,500,0.0,0.02,quality,age,reference_missing_fraction,False,509c56e4630c19b10684cda4fdeed3d2d60e7dc3,05b7bab4beef95cc077c40c8cc949baf46a83e36cf9903f6bc97f9f5bcbe3253,false_alert_rate,2026091900|2026091901|2026091902|2026091903|2026091904|2026091905|2026091906|2026091907|2026091908|2026091909|2026091910|2026091911|2026091912|2026091913|2026091914|2026091915|2026091916|2026091917|2026091918|2026091919,20,20,0,0.0,0.0,0.0
control_n500,none,control,control,500,0.0,0.02,quality,income,current_infinite_count,False,509c56e4630c19b10684cda4fdeed3d2d60e7dc3,05b7bab4beef95cc077c40c8cc949baf46a83e36cf9903f6bc97f9f5bcbe3253,false_alert_rate,2026091900|2026091901|2026091902|2026091903|2026091904|2026091905|2026091906|2026091907|2026091908|2026091909|2026091910|2026091911|2026091912|2026091913|2026091914|2026091915|2026091916|2026091917|2026091918|2026091919,20,20,0,0.0,0.0,0.0
control_n500,none,control,control,500,0.0,0.02,quality,income,current_max,False,509c56e4630c19b10684cda4fdeed3d2d60e7dc3,05b7bab4beef95cc077c40c8cc949baf46a83e36cf9903f6bc97f9f5bcbe3253,false_alert_rate,2026091900|2026091901|2026091902|2026091903|2026091904|2026091905|2026091906|2026091907|2026091908|2026091909|2026091910|2026091911|2026091912|2026091913|2026091914|2026091915|2026091916|2026091917|2026091918|2026091919,20,20,0,0.0,511800.5295,498932.28500000003
control_n500,none,control,control,500,0.0,0.02,quality,income,current_min,False,509c56e4630c19b10684cda4fdeed3d2d60e7dc3,05b7bab4beef95cc077c40c8cc949baf46a83e36cf9903f6bc97f9f5bcbe3253,false_alert_rate,2026091900|2026091901|2026091902|2026091903|2026091904|2026091905|2026091906|2026091907|2026091908|2026091909|2026091910|2026091911|2026091912|2026091913|2026091914|2026091915|2026091916|2026091917|2026091918|2026091919,20,20,0,0.0,15150.136000000002,15449.15
control_n500,none,control,control,500,0.0,0.02,quality,income,current_missing_fraction,False,509c56e4630c19b10684cda4fdeed3d2d60e7dc3,05b7bab4beef95cc077c40c8cc949baf46a83e36cf9903f6bc97f9f5bcbe3253,false_alert_rate,2026091900|2026091901|2026091902|2026091903|2026091904|2026091905|2026091906|2026091907|2026091908|2026091909|2026091910|2026091911|2026091912|2026091913|2026091914|2026091915|2026091916|2026091917|2026091918|2026091919,20,20,0,0.0,0.020000000000000004,0.02
control_n500,none,control,control,500,0.0,0.02,quality,income,missing_increase_pp,False,509c56e4630c19b10684cda4fdeed3d2d60e7dc3,05b7bab4beef95cc077c40c8cc949baf46a83e36cf9903f6bc97f9f5bcbe3253,false_alert_rate,2026091900|2026091901|2026091902|2026091903|2026091904|2026091905|2026091906|2026091907|2026091908|2026091909|2026091910|2026091911|2026091912|2026091913|2026091914|2026091915|2026091916|2026091917|2026091918|2026091919,20,20,0,0.0,0.0,0.0
control_n500,none,control,control,500,0.0,0.02,quality,income,reference_infinite_count,False,509c56e4630c19b10684cda4fdeed3d2d60e7dc3,05b7bab4beef95cc077c40c8cc949baf46a83e36cf9903f6bc97f9f5bcbe3253,false_alert_rate,2026091900|2026091901|2026091902|2026091903|2026091904|2026091905|2026091906|2026091907|2026091908|2026091909|2026091910|2026091911|2026091912|2026091913|2026091914|2026091915|2026091916|2026091917|2026091918|2026091919,20,20,0,0.0,0.0,0.0
control_n500,none,control,control,500,0.0,0.02,quality,income,reference_max,False,509c56e4630c19b10684cda4fdeed3d2d60e7dc3,05b7bab4beef95cc077c40c8cc949baf46a83e36cf9903f6bc97f9f5bcbe3253,false_alert_rate,2026091900|2026091901|2026091902|2026091903|2026091904|2026091905|2026091906|2026091907|2026091908|2026091909|2026091910|2026091911|2026091912|2026091913|2026091914|2026091915|2026091916|2026091917|2026091918|2026091919,20,20,0,0.0,619557.1195,611724.875
control_n500,none,control,control,500,0.0,0.02,quality,income,reference_min,False,509c56e4630c19b10684cda4fdeed3d2d60e7dc3,05b7bab4beef95cc077c40c8cc949baf46a83e36cf9903f6bc97f9f5bcbe3253,false_alert_rate,2026091900|2026091901|2026091902|2026091903|2026091904|2026091905|2026091906|2026091907|2026091908|2026091909|2026091910|2026091911|2026091912|2026091913|2026091914|2026091915|2026091916|2026091917|2026091918|2026091919,20,20,0,0.0,10934.159000000001,11033.564999999999
control_n500,none,control,control,500,0.0,0.02,quality,income,reference_missing_fraction,False,509c56e4630c19b10684cda4fdeed3d2d60e7dc3,05b7bab4beef95cc077c40c8cc949baf46a83e36cf9903f6bc97f9f5bcbe3253,false_alert_rate,2026091900|2026091901|2026091902|2026091903|2026091904|2026091905|2026091906|2026091907|2026091908|2026091909|2026091910|2026091911|2026091912|2026091913|2026091914|2026091915|2026091916|2026091917|2026091918|2026091919,20,20,0,0.0,0.020000000000000004,0.02
control_n500,none,control,control,500,0.0,0.02,quality,region,current_missing_fraction,False,509c56e4630c19b10684cda4fdeed3d2d60e7dc3,05b7bab4beef95cc077c40c8cc949baf46a83e36cf9903f6bc97f9f5bcbe3253,false_alert_rate,2026091900|2026091901|2026091902|2026091903|2026091904|2026091905|2026091906|2026091907|2026091908|2026091909|2026091910|2026091911|2026091912|2026091913|2026091914|2026091915|2026091916|2026091917|2026091918|2026091919,20,20,0,0.0,0.0,0.0
control_n500,none,control,control,500,0.0,0.02,quality,region,missing_increase_pp,False,509c56e4630c19b10684cda4fdeed3d2d60e7dc3,05b7bab4beef95cc077c40c8cc949baf46a83e36cf9903f6bc97f9f5bcbe3253,false_alert_rate,2026091900|2026091901|2026091902|2026091903|2026091904|2026091905|2026091906|2026091907|2026091908|2026091909|2026091910|2026091911|2026091912|2026091913|2026091914|2026091915|2026091916|2026091917|2026091918|2026091919,20,20,0,0.0,0.0,0.0
control_n500,none,control,control,500,0.0,0.02,quality,region,reference_missing_fraction,False,509c56e4630c19b10684cda4fdeed3d2d60e7dc3,05b7bab4beef95cc077c40c8cc949baf46a83e36cf9903f6bc97f9f5bcbe3253,false_alert_rate,2026091900|2026091901|2026091902|2026091903|2026091904|2026091905|2026091906|2026091907|2026091908|2026091909|2026091910|2026091911|2026091912|2026091913|2026091914|2026091915|2026091916|2026091917|2026091918|2026091919,20,20,0,0.0,0.0,0.0
control_n500,none,control,control,500,0.0,0.02,quality,,current_duplicate_fraction,False,509c56e4630c19b10684cda4fdeed3d2d60e7dc3,05b7bab4beef95cc077c40c8cc949baf46a83e36cf9903f6bc97f9f5bcbe3253,false_alert_rate,2026091900|2026091901|2026091902|2026091903|2026091904|2026091905|2026091906|2026091907|2026091908|2026091909|2026091910|2026091911|2026091912|2026091913|2026091914|2026091915|2026091916|2026091917|2026091918|2026091919,20,20,0,0.0,0.0005,0.0
control_n500,none,control,control,500,0.0,0.02,quality,,reference_duplicate_fraction,False,509c56e4630c19b10684cda4fdeed3d2d60e7dc3,05b7bab4beef95cc077c40c8cc949baf46a83e36cf9903f6bc97f9f5bcbe3253,false_alert_rate,2026091900|2026091901|2026091902|2026091903|2026091904|2026091905|2026091906|2026091907|2026091908|2026091909|2026091910|2026091911|2026091912|2026091913|2026091914|2026091915|2026091916|2026091917|2026091918|2026091919,20,20,0,0.0,0.004259999999999999,0.0042
missingness_medium_fraction0p08_n1200,missingness,missingness,medium,1200,0.0,0.08,adversarial,,roc_auc,True,509c56e4630c19b10684cda4fdeed3d2d60e7dc3,05b7bab4beef95cc077c40c8cc949baf46a83e36cf9903f6bc97f9f5bcbe3253,detection_rate,2026091900|2026091901|2026091902|2026091903|2026091904|2026091905|2026091906|2026091907|2026091908|2026091909|2026091910|2026091911|2026091912|2026091913|2026091914|2026091915|2026091916|2026091917|2026091918|2026091919,20,20,0,0.0,0.5242862416666666,0.5262880416666667
missingness_medium_fraction0p08_n1200,missingness,missingness,medium,1200,0.0,0.08,drift,age,js,False,509c56e4630c19b10684cda4fdeed3d2d60e7dc3,05b7bab4beef95cc077c40c8cc949baf46a83e36cf9903f6bc97f9f5bcbe3253,non_target_alert_rate,2026091900|2026091901|2026091902|2026091903|2026091904|2026091905|2026091906|2026091907|2026091908|2026091909|2026091910|2026091911|2026091912|2026091913|2026091914|2026091915|2026091916|2026091917|2026091918|2026091919,20,20,0,0.0,0.0015283154006461557,0.0014200185879160569
missingness_medium_fraction0p08_n1200,missingness,missingness,medium,1200,0.0,0.08,drift,age,ks,False,509c56e4630c19b10684cda4fdeed3d2d60e7dc3,05b7bab4beef95cc077c40c8cc949baf46a83e36cf9903f6bc97f9f5bcbe3253,non_target_alert_rate,2026091900|2026091901|2026091902|2026091903|2026091904|2026091905|2026091906|2026091907|2026091908|2026091909|2026091910|2026091911|2026091912|2026091913|2026091914|2026091915|2026091916|2026091917|2026091918|2026091919,20,20,0,0.0,0.023523333333333334,0.022650000000000003
missingness_medium_fraction0p08_n1200,missingness,missingness,medium,1200,0.0,0.08,drift,age,psi,False,509c56e4630c19b10684cda4fdeed3d2d60e7dc3,05b7bab4beef95cc077c40c8cc949baf46a83e36cf9903f6bc97f9f5bcbe3253,non_target_alert_rate,2026091900|2026091901|2026091902|2026091903|2026091904|2026091905|2026091906|2026091907|2026091908|2026091909|2026091910|2026091911|2026091912|2026091913|2026091914|2026091915|2026091916|2026091917|2026091918|2026091919,20,20,0,0.0,0.008483043368970305,0.007881196527792442
missingness_medium_fraction0p08_n1200,missingness,missingness,medium,1200,0.0,0.08,drift,age,wasserstein,False,509c56e4630c19b10684cda4fdeed3d2d60e7dc3,05b7bab4beef95cc077c40c8cc949baf46a83e36cf9903f6bc97f9f5bcbe3253,non_target_alert_rate,2026091900|2026091901|2026091902|2026091903|2026091904|2026091905|2026091906|2026091907|2026091908|2026091909|2026091910|2026091911|2026091912|2026091913|2026091914|2026091915|2026091916|2026091917|2026091918|2026091919,20,20,0,0.0,0.44882833333333344,0.43413333333333326
missingness_medium_fraction0p08_n1200,missingness,missingness,medium,1200,0.0,0.08,drift,income,js,False,509c56e4630c19b10684cda4fdeed3d2d60e7dc3,05b7bab4beef95cc077c40c8cc949baf46a83e36cf9903f6bc97f9f5bcbe3253,non_target_alert_rate,2026091900|2026091901|2026091902|2026091903|2026091904|2026091905|2026091906|2026091907|2026091908|2026091909|2026091910|2026091911|2026091912|2026091913|2026091914|2026091915|2026091916|2026091917|2026091918|2026091919,20,20,0,0.0,0.0014801058864288507,0.001278439820912401
missingness_medium_fraction0p08_n1200,missingness,missingness,medium,1200,0.0,0.08,drift,income,ks,False,509c56e4630c19b10684cda4fdeed3d2d60e7dc3,05b7bab4beef95cc077c40c8cc949baf46a83e36cf9903f6bc97f9f5bcbe3253,non_target_alert_rate,2026091900|2026091901|2026091902|2026091903|2026091904|2026091905|2026091906|2026091907|2026091908|2026091909|2026091910|2026091911|2026091912|2026091913|2026091914|2026091915|2026091916|2026091917|2026091918|2026091919,20,20,0,0.0,0.02790812629399586,0.02575310559006208
missingness_medium_fraction0p08_n1200,missingness,missingness,medium,1200,0.0,0.08,drift,income,psi,False,509c56e4630c19b10684cda4fdeed3d2d60e7dc3,05b7bab4beef95cc077c40c8cc949baf46a83e36cf9903f6bc97f9f5bcbe3253,non_target_alert_rate,2026091900|2026091901|2026091902|2026091903|2026091904|2026091905|2026091906|2026091907|2026091908|2026091909|2026091910|2026091911|2026091912|2026091913|2026091914|2026091915|2026091916|2026091917|2026091918|2026091919,20,20,0,0.0,0.008215597391594132,0.007094589649475144
missingness_medium_fraction0p08_n1200,missingness,missingness,medium,1200,0.0,0.08,drift,income,wasserstein,False,509c56e4630c19b10684cda4fdeed3d2d60e7dc3,05b7bab4beef95cc077c40c8cc949baf46a83e36cf9903f6bc97f9f5bcbe3253,non_target_alert_rate,2026091900|2026091901|2026091902|2026091903|2026091904|2026091905|2026091906|2026091907|2026091908|2026091909|2026091910|2026091911|2026091912|2026091913|2026091914|2026091915|2026091916|2026091917|2026091918|2026091919,20,0,0,,2448.018765187444,2196.5173947500757
missingness_medium_fraction0p08_n1200,missingness,missingness,medium,1200,0.0,0.08,drift,region,chi2,False,509c56e4630c19b10684cda4fdeed3d2d60e7dc3,05b7bab4beef95cc077c40c8cc949baf46a83e36cf9903f6bc97f9f5bcbe3253,non_target_alert_rate,2026091900|2026091901|2026091902|2026091903|2026091904|2026091905|2026091906|2026091907|2026091908|2026091909|2026091910|2026091911|2026091912|2026091913|2026091914|2026091915|2026091916|2026091917|2026091918|2026091919,20,20,0,0.0,3.415127384537976,2.3712465448600386
missingness_medium_fraction0p08_n1200,missingness,missingness,medium,1200,0.0,0.08,drift,region,js,False,509c56e4630c19b10684cda4fdeed3d2d60e7dc3,05b7bab4beef95cc077c40c8cc949baf46a83e36cf9903f6bc97f9f5bcbe3253,non_target_alert_rate,2026091900|2026091901|2026091902|2026091903|2026091904|2026091905|2026091906|2026091907|2026091908|2026091909|2026091910|2026091911|2026091912|2026091913|2026091914|2026091915|2026091916|2026091917|2026091918|2026091919,20,20,0,0.0,0.0006424373381341464,0.0004462545320750036
missingness_medium_fraction0p08_n1200,missingness,missingness,medium,1200,0.0,0.08,drift,region,psi,False,509c56e4630c19b10684cda4fdeed3d2d60e7dc3,05b7bab4beef95cc077c40c8cc949baf46a83e36cf9903f6bc97f9f5bcbe3253,non_target_alert_rate,2026091900|2026091901|2026091902|2026091903|2026091904|2026091905|2026091906|2026091907|2026091908|2026091909|2026091910|2026091911|2026091912|2026091913|2026091914|2026091915|2026091916|2026091917|2026091918|2026091919,20,20,0,0.0,0.0035640467574493836,0.002474975675458798
missingness_medium_fraction0p08_n1200,missingness,missingness,medium,1200,0.0,0.08,quality,age,current_infinite_count,False,509c56e4630c19b10684cda4fdeed3d2d60e7dc3,05b7bab4beef95cc077c40c8cc949baf46a83e36cf9903f6bc97f9f5bcbe3253,non_target_alert_rate,2026091900|2026091901|2026091902|2026091903|2026091904|2026091905|2026091906|2026091907|2026091908|2026091909|2026091910|2026091911|2026091912|2026091913|2026091914|2026091915|2026091916|2026091917|2026091918|2026091919,20,20,0,0.0,0.0,0.0
missingness_medium_fraction0p08_n1200,missingness,missingness,medium,1200,0.0,0.08,quality,age,current_max,False,509c56e4630c19b10684cda4fdeed3d2d60e7dc3,05b7bab4beef95cc077c40c8cc949baf46a83e36cf9903f6bc97f9f5bcbe3253,non_target_alert_rate,2026091900|2026091901|2026091902|2026091903|2026091904|2026091905|2026091906|2026091907|2026091908|2026091909|2026091910|2026091911|2026091912|2026091913|2026091914|2026091915|2026091916|2026091917|2026091918|2026091919,20,20,0,0.0,80.9,80.5
missingness_medium_fraction0p08_n1200,missingness,missingness,medium,1200,0.0,0.08,quality,age,current_min,False,509c56e4630c19b10684cda4fdeed3d2d60e7dc3,05b7bab4beef95cc077c40c8cc949baf46a83e36cf9903f6bc97f9f5bcbe3253,non_target_alert_rate,2026091900|2026091901|2026091902|2026091903|2026091904|2026091905|2026091906|2026091907|2026091908|2026091909|2026091910|2026091911|2026091912|2026091913|2026091914|2026091915|2026091916|2026091917|2026091918|2026091919,20,20,0,0.0,18.0,18.0
missingness_medium_fraction0p08_n1200,missingness,missingness,medium,1200,0.0,0.08,quality,age,current_missing_fraction,False,509c56e4630c19b10684cda4fdeed3d2d60e7dc3,05b7bab4beef95cc077c40c8cc949baf46a83e36cf9903f6bc97f9f5bcbe3253,non_target_alert_rate,2026091900|2026091901|2026091902|2026091903|2026091904|2026091905|2026091906|2026091907|2026091908|2026091909|2026091910|2026091911|2026091912|2026091913|2026091914|2026091915|2026091916|2026091917|2026091918|2026091919,20,20,0,0.0,0.0,0.0
missingness_medium_fraction0p08_n1200,missingness,missingness,medium,1200,0.0,0.08,quality,age,missing_increase_pp,False,509c56e4630c19b10684cda4fdeed3d2d60e7dc3,05b7bab4beef95cc077c40c8cc949baf46a83e36cf9903f6bc97f9f5bcbe3253,non_target_alert_rate,2026091900|2026091901|2026091902|2026091903|2026091904|2026091905|2026091906|2026091907|2026091908|2026091909|2026091910|2026091911|2026091912|2026091913|2026091914|2026091915|2026091916|2026091917|2026091918|2026091919,20,20,0,0.0,0.0,0.0
missingness_medium_fraction0p08_n1200,missingness,missingness,medium,1200,0.0,0.08,quality,age,reference_infinite_count,False,509c56e4630c19b10684cda4fdeed3d2d60e7dc3,05b7bab4beef95cc077c40c8cc949baf46a83e36cf9903f6bc97f9f5bcbe3253,non_target_alert_rate,2026091900|2026091901|2026091902|2026091903|2026091904|2026091905|2026091906|2026091907|2026091908|2026091909|2026091910|2026091911|2026091912|2026091913|2026091914|2026091915|2026091916|2026091917|2026091918|2026091919,20,20,0,0.0,0.0,0.0
missingness_medium_fraction0p08_n1200,missingness,missingness,medium,1200,0.0,0.08,quality,age,reference_max,False,509c56e4630c19b10684cda4fdeed3d2d60e7dc3,05b7bab4beef95cc077c40c8cc949baf46a83e36cf9903f6bc97f9f5bcbe3253,non_target_alert_rate,2026091900|2026091901|2026091902|2026091903|2026091904|2026091905|2026091906|2026091907|2026091908|2026091909|2026091910|2026091911|2026091912|2026091913|2026091914|2026091915|2026091916|2026091917|2026091918|2026091919,20,20,0,0.0,86.6,86.5
missingness_medium_fraction0p08_n1200,missingness,missingness,medium,1200,0.0,0.08,quality,age,reference_min,False,509c56e4630c19b10684cda4fdeed3d2d60e7dc3,05b7bab4beef95cc077c40c8cc949baf46a83e36cf9903f6bc97f9f5bcbe3253,non_target_alert_rate,2026091900|2026091901|2026091902|2026091903|2026091904|2026091905|2026091906|2026091907|2026091908|2026091909|2026091910|2026091911|2026091912|2026091913|2026091914|2026091915|2026091916|2026091917|2026091918|2026091919,20,20,0,0.0,18.0,18.0
missingness_medium_fraction0p08_n1200,missingness,missingness,medium,1200,0.0,0.08,quality,age,reference_missing_fraction,False,509c56e4630c19b10684cda4fdeed3d2d60e7dc3,05b7bab4beef95cc077c40c8cc949baf46a83e36cf9903f6bc97f9f5bcbe3253,non_target_alert_rate,2026091900|2026091901|2026091902|2026091903|2026091904|2026091905|2026091906|2026091907|2026091908|2026091909|2026091910|2026091911|2026091912|2026091913|2026091914|2026091915|2026091916|2026091917|2026091918|2026091919,20,20,0,0.0,0.0,0.0
missingness_medium_fraction0p08_n1200,missingness,missingness,medium,1200,0.0,0.08,quality,income,current_infinite_count,False,509c56e4630c19b10684cda4fdeed3d2d60e7dc3,05b7bab4beef95cc077c40c8cc949baf46a83e36cf9903f6bc97f9f5bcbe3253,non_target_alert_rate,2026091900|2026091901|2026091902|2026091903|2026091904|2026091905|2026091906|2026091907|2026091908|2026091909|2026091910|2026091911|2026091912|2026091913|2026091914|2026091915|2026091916|2026091917|2026091918|2026091919,20,20,0,0.0,0.0,0.0
missingness_medium_fraction0p08_n1200,missingness,missingness,medium,1200,0.0,0.08,quality,income,current_max,False,509c56e4630c19b10684cda4fdeed3d2d60e7dc3,05b7bab4beef95cc077c40c8cc949baf46a83e36cf9903f6bc97f9f5bcbe3253,non_target_alert_rate,2026091900|2026091901|2026091902|2026091903|2026091904|2026091905|2026091906|2026091907|2026091908|2026091909|2026091910|2026091911|2026091912|2026091913|2026091914|2026091915|2026091916|2026091917|2026091918|2026091919,20,20,0,0.0,532104.1989999998,507981.175
missingness_medium_fraction0p08_n1200,missingness,missingness,medium,1200,0.0,0.08,quality,income,current_min,False,509c56e4630c19b10684cda4fdeed3d2d60e7dc3,05b7bab4beef95cc077c40c8cc949baf46a83e36cf9903f6bc97f9f5bcbe3253,non_target_alert_rate,2026091900|2026091901|2026091902|2026091903|2026091904|2026091905|2026091906|2026091907|2026091908|2026091909|2026091910|2026091911|2026091912|2026091913|2026091914|2026091915|2026091916|2026091917|2026091918|2026091919,20,20,0,0.0,13409.340000000002,13755.87
missingness_medium_fraction0p08_n1200,missingness,missingness,medium,1200,0.0,0.08,quality,income,current_missing_fraction,True,509c56e4630c19b10684cda4fdeed3d2d60e7dc3,05b7bab4beef95cc077c40c8cc949baf46a83e36cf9903f6bc97f9f5bcbe3253,detection_rate,2026091900|2026091901|2026091902|2026091903|2026091904|2026091905|2026091906|2026091907|2026091908|2026091909|2026091910|2026091911|2026091912|2026091913|2026091914|2026091915|2026091916|2026091917|2026091918|2026091919,20,20,0,0.0,0.08000000000000002,0.08
missingness_medium_fraction0p08_n1200,missingness,missingness,medium,1200,0.0,0.08,quality,income,missing_increase_pp,True,509c56e4630c19b10684cda4fdeed3d2d60e7dc3,05b7bab4beef95cc077c40c8cc949baf46a83e36cf9903f6bc97f9f5bcbe3253,detection_rate,2026091900|2026091901|2026091902|2026091903|2026091904|2026091905|2026091906|2026091907|2026091908|2026091909|2026091910|2026091911|2026091912|2026091913|2026091914|2026091915|2026091916|2026091917|2026091918|2026091919,20,20,20,1.0,6.0,6.0
missingness_medium_fraction0p08_n1200,missingness,missingness,medium,1200,0.0,0.08,quality,income,reference_infinite_count,False,509c56e4630c19b10684cda4fdeed3d2d60e7dc3,05b7bab4beef95cc077c40c8cc949baf46a83e36cf9903f6bc97f9f5bcbe3253,non_target_alert_rate,2026091900|2026091901|2026091902|2026091903|2026091904|2026091905|2026091906|2026091907|2026091908|2026091909|2026091910|2026091911|2026091912|2026091913|2026091914|2026091915|2026091916|2026091917|2026091918|2026091919,20,20,0,0.0,0.0,0.0
missingness_medium_fraction0p08_n1200,missingness,missingness,medium,1200,0.0,0.08,quality,income,reference_max,False,509c56e4630c19b10684cda4fdeed3d2d60e7dc3,05b7bab4beef95cc077c40c8cc949baf46a83e36cf9903f6bc97f9f5bcbe3253,non_target_alert_rate,2026091900|2026091901|2026091902|2026091903|2026091904|2026091905|2026091906|2026091907|2026091908|2026091909|2026091910|2026091911|2026091912|2026091913|2026091914|2026091915|2026091916|2026091917|2026091918|2026091919,20,20,0,0.0,619557.1195,611724.875
missingness_medium_fraction0p08_n1200,missingness,missingness,medium,1200,0.0,0.08,quality,income,reference_min,False,509c56e4630c19b10684cda4fdeed3d2d60e7dc3,05b7bab4beef95cc077c40c8cc949baf46a83e36cf9903f6bc97f9f5bcbe3253,non_target_alert_rate,2026091900|2026091901|2026091902|2026091903|2026091904|2026091905|2026091906|2026091907|2026091908|2026091909|2026091910|2026091911|2026091912|2026091913|2026091914|2026091915|2026091916|2026091917|2026091918|2026091919,20,20,0,0.0,10934.159000000001,11033.564999999999
missingness_medium_fraction0p08_n1200,missingness,missingness,medium,1200,0.0,0.08,quality,income,reference_missing_fraction,False,509c56e4630c19b10684cda4fdeed3d2d60e7dc3,05b7bab4beef95cc077c40c8cc949baf46a83e36cf9903f6bc97f9f5bcbe3253,non_target_alert_rate,2026091900|2026091901|2026091902|2026091903|2026091904|2026091905|2026091906|2026091907|2026091908|2026091909|2026091910|2026091911|2026091912|2026091913|2026091914|2026091915|2026091916|2026091917|2026091918|2026091919,20,20,0,0.0,0.020000000000000004,0.02
missingness_medium_fraction0p08_n1200,missingness,missingness,medium,1200,0.0,0.08,quality,region,current_missing_fraction,False,509c56e4630c19b10684cda4fdeed3d2d60e7dc3,05b7bab4beef95cc077c40c8cc949baf46a83e36cf9903f6bc97f9f5bcbe3253,non_target_alert_rate,2026091900|2026091901|2026091902|2026091903|2026091904|2026091905|2026091906|2026091907|2026091908|2026091909|2026091910|2026091911|2026091912|2026091913|2026091914|2026091915|2026091916|2026091917|2026091918|2026091919,20,20,0,0.0,0.0,0.0
missingness_medium_fraction0p08_n1200,missingness,missingness,medium,1200,0.0,0.08,quality,region,missing_increase_pp,False,509c56e4630c19b10684cda4fdeed3d2d60e7dc3,05b7bab4beef95cc077c40c8cc949baf46a83e36cf9903f6bc97f9f5bcbe3253,non_target_alert_rate,2026091900|2026091901|2026091902|2026091903|2026091904|2026091905|2026091906|2026091907|2026091908|2026091909|2026091910|2026091911|2026091912|2026091913|2026091914|2026091915|2026091916|2026091917|2026091918|2026091919,20,20,0,0.0,0.0,0.0
missingness_medium_fraction0p08_n1200,missingness,missingness,medium,1200,0.0,0.08,quality,region,reference_missing_fraction,False,509c56e4630c19b10684cda4fdeed3d2d60e7dc3,05b7bab4beef95cc077c40c8cc949baf46a83e36cf9903f6bc97f9f5bcbe3253,non_target_alert_rate,2026091900|2026091901|2026091902|2026091903|2026091904|2026091905|2026091906|2026091907|2026091908|2026091909|2026091910|2026091911|2026091912|2026091913|2026091914|2026091915|2026091916|2026091917|2026091918|2026091919,20,20,0,0.0,0.0,0.0
missingness_medium_fraction0p08_n1200,missingness,missingness,medium,1200,0.0,0.08,quality,,current_duplicate_fraction,False,509c56e4630c19b10684cda4fdeed3d2d60e7dc3,05b7bab4beef95cc077c40c8cc949baf46a83e36cf9903f6bc97f9f5bcbe3253,non_target_alert_rate,2026091900|2026091901|2026091902|2026091903|2026091904|2026091905|2026091906|2026091907|2026091908|2026091909|2026091910|2026091911|2026091912|2026091913|2026091914|2026091915|2026091916|2026091917|2026091918|2026091919,20,20,19,0.95,0.014791666666666667,0.014583333333333334
missingness_medium_fraction0p08_n1200,missingness,missingness,medium,1200,0.0,0.08,quality,,reference_duplicate_fraction,False,509c56e4630c19b10684cda4fdeed3d2d60e7dc3,05b7bab4beef95cc077c40c8cc949baf46a83e36cf9903f6bc97f9f5bcbe3253,non_target_alert_rate,2026091900|2026091901|2026091902|2026091903|2026091904|2026091905|2026091906|2026091907|2026091908|2026091909|2026091910|2026091911|2026091912|2026091913|2026091914|2026091915|2026091916|2026091917|2026091918|2026091919,20,20,0,0.0,0.004259999999999999,0.0042
missingness_medium_fraction0p08_n3000,missingness,missingness,medium,3000,0.0,0.08,adversarial,,roc_auc,True,509c56e4630c19b10684cda4fdeed3d2d60e7dc3,05b7bab4beef95cc077c40c8cc949baf46a83e36cf9903f6bc97f9f5bcbe3253,detection_rate,2026091900|2026091901|2026091902|2026091903|2026091904|2026091905|2026091906|2026091907|2026091908|2026091909|2026091910|2026091911|2026091912|2026091913|2026091914|2026091915|2026091916|2026091917|2026091918|2026091919,20,20,0,0.0,0.52702315,0.52689665
missingness_medium_fraction0p08_n3000,missingness,missingness,medium,3000,0.0,0.08,drift,age,js,False,509c56e4630c19b10684cda4fdeed3d2d60e7dc3,05b7bab4beef95cc077c40c8cc949baf46a83e36cf9903f6bc97f9f5bcbe3253,non_target_alert_rate,2026091900|2026091901|2026091902|2026091903|2026091904|2026091905|2026091906|2026091907|2026091908|2026091909|2026091910|2026091911|2026091912|2026091913|2026091914|2026091915|2026091916|2026091917|2026091918|2026091919,20,20,0,0.0,0.000828077560848835,0.0007868214199912456
missingness_medium_fraction0p08_n3000,missingness,missingness,medium,3000,0.0,0.08,drift,age,ks,False,509c56e4630c19b10684cda4fdeed3d2d60e7dc3,05b7bab4beef95cc077c40c8cc949baf46a83e36cf9903f6bc97f9f5bcbe3253,non_target_alert_rate,2026091900|2026091901|2026091902|2026091903|2026091904|2026091905|2026091906|2026091907|2026091908|2026091909|2026091910|2026091911|2026091912|2026091913|2026091914|2026091915|2026091916|2026091917|2026091918|2026091919,20,20,0,0.0,0.016439999999999996,0.01563333333333329
missingness_medium_fraction0p08_n3000,missingness,missingness,medium,3000,0.0,0.08,drift,age,psi,False,509c56e4630c19b10684cda4fdeed3d2d60e7dc3,05b7bab4beef95cc077c40c8cc949baf46a83e36cf9903f6bc97f9f5bcbe3253,non_target_alert_rate,2026091900|2026091901|2026091902|2026091903|2026091904|2026091905|2026091906|2026091907|2026091908|2026091909|2026091910|2026091911|2026091912|2026091913|2026091914|2026091915|2026091916|2026091917|2026091918|2026091919,20,20,0,0.0,0.004594795767509158,0.004364898121808758
missingness_medium_fraction0p08_n3000,missingness,missingness,medium,3000,0.0,0.08,drift,age,wasserstein,False,509c56e4630c19b10684cda4fdeed3d2d60e7dc3,05b7bab4beef95cc077c40c8cc949baf46a83e36cf9903f6bc97f9f5bcbe3253,non_target_alert_rate,2026091900|2026091901|2026091902|2026091903|2026091904|2026091905|2026091906|2026091907|2026091908|2026091909|2026091910|2026091911|2026091912|2026091913|2026091914|2026091915|2026091916|2026091917|2026091918|2026091919,20,20,0,0.0,0.33586333333333335,0.2929333333333333
missingness_medium_fraction0p08_n3000,missingness,missingness,medium,3000,0.0,0.08,drift,income,js,False,509c56e4630c19b10684cda4fdeed3d2d60e7dc3,05b7bab4beef95cc077c40c8cc949baf46a83e36cf9903f6bc97f9f5bcbe3253,non_target_alert_rate,2026091900|2026091901|2026091902|2026091903|2026091904|2026091905|2026091906|2026091907|2026091908|2026091909|2026091910|2026091911|2026091912|2026091913|2026091914|2026091915|2026091916|2026091917|2026091918|2026091919,20,20,0,0.0,0.0008661749304722856,0.0006995816456773841
missingness_medium_fraction0p08_n3000,missingness,missingness,medium,3000,0.0,0.08,drift,income,ks,False,509c56e4630c19b10684cda4fdeed3d2d60e7dc3,05b7bab4beef95cc077c40c8cc949baf46a83e36cf9903f6bc97f9f5bcbe3253,non_target_alert_rate,2026091900|2026091901|2026091902|2026091903|2026091904|2026091905|2026091906|2026091907|2026091908|2026091909|2026091910|2026091911|2026091912|2026091913|2026091914|2026091915|2026091916|2026091917|2026091918|2026091919,20,20,1,0.05,0.021553608399881692,0.019620674356699203
missingness_medium_fraction0p08_n3000,missingness,missingness,medium,3000,0.0,0.08,drift,income,psi,False,509c56e4630c19b10684cda4fdeed3d2d60e7dc3,05b7bab4beef95cc077c40c8cc949baf46a83e36cf9903f6bc97f9f5bcbe3253,non_target_alert_rate,2026091900|2026091901|2026091902|2026091903|2026091904|2026091905|2026091906|2026091907|2026091908|2026091909|2026091910|2026091911|2026091912|2026091913|2026091914|2026091915|2026091916|2026091917|2026091918|2026091919,20,20,0,0.0,0.004806736861830684,0.003880549548131864
missingness_medium_fraction0p08_n3000,missingness,missingness,medium,3000,0.0,0.08,drift,income,wasserstein,False,509c56e4630c19b10684cda4fdeed3d2d60e7dc3,05b7bab4beef95cc077c40c8cc949baf46a83e36cf9903f6bc97f9f5bcbe3253,non_target_alert_rate,2026091900|2026091901|2026091902|2026091903|2026091904|2026091905|2026091906|2026091907|2026091908|2026091909|2026091910|2026091911|2026091912|2026091913|2026091914|2026091915|2026091916|2026091917|2026091918|2026091919,20,0,0,,2038.6071626774628,1811.6964412969596
missingness_medium_fraction0p08_n3000,missingness,missingness,medium,3000,0.0,0.08,drift,region,chi2,False,509c56e4630c19b10684cda4fdeed3d2d60e7dc3,05b7bab4beef95cc077c40c8cc949baf46a83e36cf9903f6bc97f9f5bcbe3253,non_target_alert_rate,2026091900|2026091901|2026091902|2026091903|2026091904|2026091905|2026091906|2026091907|2026091908|2026091909|2026091910|2026091911|2026091912|2026091913|2026091914|2026091915|2026091916|2026091917|2026091918|2026091919,20,20,0,0.0,3.5921559063188924,3.8250271666249747
missingness_medium_fraction0p08_n3000,missingness,missingness,medium,3000,0.0,0.08,drift,region,js,False,509c56e4630c19b10684cda4fdeed3d2d60e7dc3,05b7bab4beef95cc077c40c8cc949baf46a83e36cf9903f6bc97f9f5bcbe3253,non_target_alert_rate,2026091900|2026091901|2026091902|2026091903|2026091904|2026091905|2026091906|2026091907|2026091908|2026091909|2026091910|2026091911|2026091912|2026091913|2026091914|2026091915|2026091916|2026091917|2026091918|2026091919,20,20,0,0.0,0.0003454298659140701,0.0003686092678177425
missingness_medium_fraction0p08_n3000,missingness,missingness,medium,3000,0.0,0.08,drift,region,psi,False,509c56e4630c19b10684cda4fdeed3d2d60e7dc3,05b7bab4beef95cc077c40c8cc949baf46a83e36cf9903f6bc97f9f5bcbe3253,non_target_alert_rate,2026091900|2026091901|2026091902|2026091903|2026091904|2026091905|2026091906|2026091907|2026091908|2026091909|2026091910|2026091911|2026091912|2026091913|2026091914|2026091915|2026091916|2026091917|2026091918|2026091919,20,20,0,0.0,0.0019158925039105775,0.002044319644251615
missingness_medium_fraction0p08_n3000,missingness,missingness,medium,3000,0.0,0.08,quality,age,current_infinite_count,False,509c56e4630c19b10684cda4fdeed3d2d60e7dc3,05b7bab4beef95cc077c40c8cc949baf46a83e36cf9903f6bc97f9f5bcbe3253,non_target_alert_rate,2026091900|2026091901|2026091902|2026091903|2026091904|2026091905|2026091906|2026091907|2026091908|2026091909|2026091910|2026091911|2026091912|2026091913|2026091914|2026091915|2026091916|2026091917|2026091918|2026091919,20,20,0,0.0,0.0,0.0
missingness_medium_fraction0p08_n3000,missingness,missingness,medium,3000,0.0,0.08,quality,age,current_max,False,509c56e4630c19b10684cda4fdeed3d2d60e7dc3,05b7bab4beef95cc077c40c8cc949baf46a83e36cf9903f6bc97f9f5bcbe3253,non_target_alert_rate,2026091900|2026091901|2026091902|2026091903|2026091904|2026091905|2026091906|2026091907|2026091908|2026091909|2026091910|2026091911|2026091912|2026091913|2026091914|2026091915|2026091916|2026091917|2026091918|2026091919,20,20,0,0.0,84.95,83.5
missingness_medium_fraction0p08_n3000,missingness,missingness,medium,3000,0.0,0.08,quality,age,current_min,False,509c56e4630c19b10684cda4fdeed3d2d60e7dc3,05b7bab4beef95cc077c40c8cc949baf46a83e36cf9903f6bc97f9f5bcbe3253,non_target_alert_rate,2026091900|2026091901|2026091902|2026091903|2026091904|2026091905|2026091906|2026091907|2026091908|2026091909|2026091910|2026091911|2026091912|2026091913|2026091914|2026091915|2026091916|2026091917|2026091918|2026091919,20,20,0,0.0,18.0,18.0
missingness_medium_fraction0p08_n3000,missingness,missingness,medium,3000,0.0,0.08,quality,age,current_missing_fraction,False,509c56e4630c19b10684cda4fdeed3d2d60e7dc3,05b7bab4beef95cc077c40c8cc949baf46a83e36cf9903f6bc97f9f5bcbe3253,non_target_alert_rate,2026091900|2026091901|2026091902|2026091903|2026091904|2026091905|2026091906|2026091907|2026091908|2026091909|2026091910|2026091911|2026091912|2026091913|2026091914|2026091915|2026091916|2026091917|2026091918|2026091919,20,20,0,0.0,0.0,0.0
missingness_medium_fraction0p08_n3000,missingness,missingness,medium,3000,0.0,0.08,quality,age,missing_increase_pp,False,509c56e4630c19b10684cda4fdeed3d2d60e7dc3,05b7bab4beef95cc077c40c8cc949baf46a83e36cf9903f6bc97f9f5bcbe3253,non_target_alert_rate,2026091900|2026091901|2026091902|2026091903|2026091904|2026091905|2026091906|2026091907|2026091908|2026091909|2026091910|2026091911|2026091912|2026091913|2026091914|2026091915|2026091916|2026091917|2026091918|2026091919,20,20,0,0.0,0.0,0.0
missingness_medium_fraction0p08_n3000,missingness,missingness,medium,3000,0.0,0.08,quality,age,reference_infinite_count,False,509c56e4630c19b10684cda4fdeed3d2d60e7dc3,05b7bab4beef95cc077c40c8cc949baf46a83e36cf9903f6bc97f9f5bcbe3253,non_target_alert_rate,2026091900|2026091901|2026091902|2026091903|2026091904|2026091905|2026091906|2026091907|2026091908|2026091909|2026091910|2026091911|2026091912|2026091913|2026091914|2026091915|2026091916|2026091917|2026091918|2026091919,20,20,0,0.0,0.0,0.0
missingness_medium_fraction0p08_n3000,missingness,missingness,medium,3000,0.0,0.08,quality,age,reference_max,False,509c56e4630c19b10684cda4fdeed3d2d60e7dc3,05b7bab4beef95cc077c40c8cc949baf46a83e36cf9903f6bc97f9f5bcbe3253,non_target_alert_rate,2026091900|2026091901|2026091902|2026091903|2026091904|2026091905|2026091906|2026091907|2026091908|2026091909|2026091910|2026091911|2026091912|2026091913|2026091914|2026091915|2026091916|2026091917|2026091918|2026091919,20,20,0,0.0,86.6,86.5
missingness_medium_fraction0p08_n3000,missingness,missingness,medium,3000,0.0,0.08,quality,age,reference_min,False,509c56e4630c19b10684cda4fdeed3d2d60e7dc3,05b7bab4beef95cc077c40c8cc949baf46a83e36cf9903f6bc97f9f5bcbe3253,non_target_alert_rate,2026091900|2026091901|2026091902|2026091903|2026091904|2026091905|2026091906|2026091907|2026091908|2026091909|2026091910|2026091911|2026091912|2026091913|2026091914|2026091915|2026091916|2026091917|2026091918|2026091919,20,20,0,0.0,18.0,18.0
missingness_medium_fraction0p08_n3000,missingness,missingness,medium,3000,0.0,0.08,quality,age,reference_missing_fraction,False,509c56e4630c19b10684cda4fdeed3d2d60e7dc3,05b7bab4beef95cc077c40c8cc949baf46a83e36cf9903f6bc97f9f5bcbe3253,non_target_alert_rate,2026091900|2026091901|2026091902|2026091903|2026091904|2026091905|2026091906|2026091907|2026091908|2026091909|2026091910|2026091911|2026091912|2026091913|2026091914|2026091915|2026091916|2026091917|2026091918|2026091919,20,20,0,0.0,0.0,0.0
missingness_medium_fraction0p08_n3000,missingness,missingness,medium,3000,0.0,0.08,quality,income,current_infinite_count,False,509c56e4630c19b10684cda4fdeed3d2d60e7dc3,05b7bab4beef95cc077c40c8cc949baf46a83e36cf9903f6bc97f9f5bcbe3253,non_target_alert_rate,2026091900|2026091901|2026091902|2026091903|2026091904|2026091905|2026091906|2026091907|2026091908|2026091909|2026091910|2026091911|2026091912|2026091913|2026091914|2026091915|2026091916|2026091917|2026091918|2026091919,20,20,0,0.0,0.0,0.0
missingness_medium_fraction0p08_n3000,missingness,missingness,medium,3000,0.0,0.08,quality,income,current_max,False,509c56e4630c19b10684cda4fdeed3d2d60e7dc3,05b7bab4beef95cc077c40c8cc949baf46a83e36cf9903f6bc97f9f5bcbe3253,non_target_alert_rate,2026091900|2026091901|2026091902|2026091903|2026091904|2026091905|2026091906|2026091907|2026091908|2026091909|2026091910|2026091911|2026091912|2026091913|2026091914|2026091915|2026091916|2026091917|2026091918|2026091919,20,20,0,0.0,564139.8759999999,568908.515
missingness_medium_fraction0p08_n3000,missingness,missingness,medium,3000,0.0,0.08,quality,income,current_min,False,509c56e4630c19b10684cda4fdeed3d2d60e7dc3,05b7bab4beef95cc077c40c8cc949baf46a83e36cf9903f6bc97f9f5bcbe3253,non_target_alert_rate,2026091900|2026091901|2026091902|2026091903|2026091904|2026091905|2026091906|2026091907|2026091908|2026091909|2026091910|2026091911|2026091912|2026091913|2026091914|2026091915|2026091916|2026091917|2026091918|2026091919,20,20,0,0.0,12188.2975,12446.635
missingness_medium_fraction0p08_n3000,missingness,missingness,medium,3000,0.0,0.08,quality,income,current_missing_fraction,True,509c56e4630c19b10684cda4fdeed3d2d60e7dc3,05b7bab4beef95cc077c40c8cc949baf46a83e36cf9903f6bc97f9f5bcbe3253,detection_rate,2026091900|2026091901|2026091902|2026091903|2026091904|2026091905|2026091906|2026091907|2026091908|2026091909|2026091910|2026091911|2026091912|2026091913|2026091914|2026091915|2026091916|2026091917|2026091918|2026091919,20,20,0,0.0,0.08000000000000002,0.08
missingness_medium_fraction0p08_n3000,missingness,missingness,medium,3000,0.0,0.08,quality,income,missing_increase_pp,True,509c56e4630c19b10684cda4fdeed3d2d60e7dc3,05b7bab4beef95cc077c40c8cc949baf46a83e36cf9903f6bc97f9f5bcbe3253,detection_rate,2026091900|2026091901|2026091902|2026091903|2026091904|2026091905|2026091906|2026091907|2026091908|2026091909|2026091910|2026091911|2026091912|2026091913|2026091914|2026091915|2026091916|2026091917|2026091918|2026091919,20,20,20,1.0,6.0,6.0
missingness_medium_fraction0p08_n3000,missingness,missingness,medium,3000,0.0,0.08,quality,income,reference_infinite_count,False,509c56e4630c19b10684cda4fdeed3d2d60e7dc3,05b7bab4beef95cc077c40c8cc949baf46a83e36cf9903f6bc97f9f5bcbe3253,non_target_alert_rate,2026091900|2026091901|2026091902|2026091903|2026091904|2026091905|2026091906|2026091907|2026091908|2026091909|2026091910|2026091911|2026091912|2026091913|2026091914|2026091915|2026091916|2026091917|2026091918|2026091919,20,20,0,0.0,0.0,0.0
missingness_medium_fraction0p08_n3000,missingness,missingness,medium,3000,0.0,0.08,quality,income,reference_max,False,509c56e4630c19b10684cda4fdeed3d2d60e7dc3,05b7bab4beef95cc077c40c8cc949baf46a83e36cf9903f6bc97f9f5bcbe3253,non_target_alert_rate,2026091900|2026091901|2026091902|2026091903|2026091904|2026091905|2026091906|2026091907|2026091908|2026091909|2026091910|2026091911|2026091912|2026091913|2026091914|2026091915|2026091916|2026091917|2026091918|2026091919,20,20,0,0.0,619557.1195,611724.875
missingness_medium_fraction0p08_n3000,missingness,missingness,medium,3000,0.0,0.08,quality,income,reference_min,False,509c56e4630c19b10684cda4fdeed3d2d60e7dc3,05b7bab4beef95cc077c40c8cc949baf46a83e36cf9903f6bc97f9f5bcbe3253,non_target_alert_rate,2026091900|2026091901|2026091902|2026091903|2026091904|2026091905|2026091906|2026091907|2026091908|2026091909|2026091910|2026091911|2026091912|2026091913|2026091914|2026091915|2026091916|2026091917|2026091918|2026091919,20,20,0,0.0,10934.159000000001,11033.564999999999
missingness_medium_fraction0p08_n3000,missingness,missingness,medium,3000,0.0,0.08,quality,income,reference_missing_fraction,False,509c56e4630c19b10684cda4fdeed3d2d60e7dc3,05b7bab4beef95cc077c40c8cc949baf46a83e36cf9903f6bc97f9f5bcbe3253,non_target_alert_rate,2026091900|2026091901|2026091902|2026091903|2026091904|2026091905|2026091906|2026091907|2026091908|2026091909|2026091910|2026091911|2026091912|2026091913|2026091914|2026091915|2026091916|2026091917|2026091918|2026091919,20,20,0,0.0,0.020000000000000004,0.02
missingness_medium_fraction0p08_n3000,missingness,missingness,medium,3000,0.0,0.08,quality,region,current_missing_fraction,False,509c56e4630c19b10684cda4fdeed3d2d60e7dc3,05b7bab4beef95cc077c40c8cc949baf46a83e36cf9903f6bc97f9f5bcbe3253,non_target_alert_rate,2026091900|2026091901|2026091902|2026091903|2026091904|2026091905|2026091906|2026091907|2026091908|2026091909|2026091910|2026091911|2026091912|2026091913|2026091914|2026091915|2026091916|2026091917|2026091918|2026091919,20,20,0,0.0,0.0,0.0
missingness_medium_fraction0p08_n3000,missingness,missingness,medium,3000,0.0,0.08,quality,region,missing_increase_pp,False,509c56e4630c19b10684cda4fdeed3d2d60e7dc3,05b7bab4beef95cc077c40c8cc949baf46a83e36cf9903f6bc97f9f5bcbe3253,non_target_alert_rate,2026091900|2026091901|2026091902|2026091903|2026091904|2026091905|2026091906|2026091907|2026091908|2026091909|2026091910|2026091911|2026091912|2026091913|2026091914|2026091915|2026091916|2026091917|2026091918|2026091919,20,20,0,0.0,0.0,0.0
missingness_medium_fraction0p08_n3000,missingness,missingness,medium,3000,0.0,0.08,quality,region,reference_missing_fraction,False,509c56e4630c19b10684cda4fdeed3d2d60e7dc3,05b7bab4beef95cc077c40c8cc949baf46a83e36cf9903f6bc97f9f5bcbe3253,non_target_alert_rate,2026091900|2026091901|2026091902|2026091903|2026091904|2026091905|2026091906|2026091907|2026091908|2026091909|2026091910|2026091911|2026091912|2026091913|2026091914|2026091915|2026091916|2026091917|2026091918|2026091919,20,20,0,0.0,0.0,0.0
missingness_medium_fraction0p08_n3000,missingness,missingness,medium,3000,0.0,0.08,quality,,current_duplicate_fraction,False,509c56e4630c19b10684cda4fdeed3d2d60e7dc3,05b7bab4beef95cc077c40c8cc949baf46a83e36cf9903f6bc97f9f5bcbe3253,non_target_alert_rate,2026091900|2026091901|2026091902|2026091903|2026091904|2026091905|2026091906|2026091907|2026091908|2026091909|2026091910|2026091911|2026091912|2026091913|2026091914|2026091915|2026091916|2026091917|2026091918|2026091919,20,20,20,1.0,0.032683333333333335,0.03233333333333333
missingness_medium_fraction0p08_n3000,missingness,missingness,medium,3000,0.0,0.08,quality,,reference_duplicate_fraction,False,509c56e4630c19b10684cda4fdeed3d2d60e7dc3,05b7bab4beef95cc077c40c8cc949baf46a83e36cf9903f6bc97f9f5bcbe3253,non_target_alert_rate,2026091900|2026091901|2026091902|2026091903|2026091904|2026091905|2026091906|2026091907|2026091908|2026091909|2026091910|2026091911|2026091912|2026091913|2026091914|2026091915|2026091916|2026091917|2026091918|2026091919,20,20,0,0.0,0.004259999999999999,0.0042
missingness_medium_fraction0p08_n500,missingness,missingness,medium,500,0.0,0.08,adversarial,,roc_auc,True,509c56e4630c19b10684cda4fdeed3d2d60e7dc3,05b7bab4beef95cc077c40c8cc949baf46a83e36cf9903f6bc97f9f5bcbe3253,detection_rate,2026091900|2026091901|2026091902|2026091903|2026091904|2026091905|2026091906|2026091907|2026091908|2026091909|2026091910|2026091911|2026091912|2026091913|2026091914|2026091915|2026091916|2026091917|2026091918|2026091919,20,20,0,0.0,0.5140786499999999,0.512645
missingness_medium_fraction0p08_n500,missingness,missingness,medium,500,0.0,0.08,drift,age,js,False,509c56e4630c19b10684cda4fdeed3d2d60e7dc3,05b7bab4beef95cc077c40c8cc949baf46a83e36cf9903f6bc97f9f5bcbe3253,non_target_alert_rate,2026091900|2026091901|2026091902|2026091903|2026091904|2026091905|2026091906|2026091907|2026091908|2026091909|2026091910|2026091911|2026091912|2026091913|2026091914|2026091915|2026091916|2026091917|2026091918|2026091919,20,20,0,0.0,0.0034443352479745426,0.003030591434741451
missingness_medium_fraction0p08_n500,missingness,missingness,medium,500,0.0,0.08,drift,age,ks,False,509c56e4630c19b10684cda4fdeed3d2d60e7dc3,05b7bab4beef95cc077c40c8cc949baf46a83e36cf9903f6bc97f9f5bcbe3253,non_target_alert_rate,2026091900|2026091901|2026091902|2026091903|2026091904|2026091905|2026091906|2026091907|2026091908|2026091909|2026091910|2026091911|2026091912|2026091913|2026091914|2026091915|2026091916|2026091917|2026091918|2026091919,20,20,0,0.0,0.03266,0.03390000000000001
missingness_medium_fraction0p08_n500,missingness,missingness,medium,500,0.0,0.08,drift,age,psi,False,509c56e4630c19b10684cda4fdeed3d2d60e7dc3,05b7bab4beef95cc077c40c8cc949baf46a83e36cf9903f6bc97f9f5bcbe3253,non_target_alert_rate,2026091900|2026091901|2026091902|2026091903|2026091904|2026091905|2026091906|2026091907|2026091908|2026091909|2026091910|2026091911|2026091912|2026091913|2026091914|2026091915|2026091916|2026091917|2026091918|2026091919,20,20,0,0.0,0.019146684544178443,0.016826852551802024
missingness_medium_fraction0p08_n500,missingness,missingness,medium,500,0.0,0.08,drift,age,wasserstein,False,509c56e4630c19b10684cda4fdeed3d2d60e7dc3,05b7bab4beef95cc077c40c8cc949baf46a83e36cf9903f6bc97f9f5bcbe3253,non_target_alert_rate,2026091900|2026091901|2026091902|2026091903|2026091904|2026091905|2026091906|2026091907|2026091908|2026091909|2026091910|2026091911|2026091912|2026091913|2026091914|2026091915|2026091916|2026091917|2026091918|2026091919,20,20,0,0.0,0.60104,0.5980000000000001
missingness_medium_fraction0p08_n500,missingness,missingness,medium,500,0.0,0.08,drift,income,js,False,509c56e4630c19b10684cda4fdeed3d2d60e7dc3,05b7bab4beef95cc077c40c8cc949baf46a83e36cf9903f6bc97f9f5bcbe3253,non_target_alert_rate,2026091900|2026091901|2026091902|2026091903|2026091904|2026091905|2026091906|2026091907|2026091908|2026091909|2026091910|2026091911|2026091912|2026091913|2026091914|2026091915|2026091916|2026091917|2026091918|2026091919,20,20,0,0.0,0.002789724573097858,0.0026165058880569785
missingness_medium_fraction0p08_n500,missingness,missingness,medium,500,0.0,0.08,drift,income,ks,False,509c56e4630c19b10684cda4fdeed3d2d60e7dc3,05b7bab4beef95cc077c40c8cc949baf46a83e36cf9903f6bc97f9f5bcbe3253,non_target_alert_rate,2026091900|2026091901|2026091902|2026091903|2026091904|2026091905|2026091906|2026091907|2026091908|2026091909|2026091910|2026091911|2026091912|2026091913|2026091914|2026091915|2026091916|2026091917|2026091918|2026091919,20,20,1,0.05,0.03702129547471163,0.03257763975155278
missingness_medium_fraction0p08_n500,missingness,missingness,medium,500,0.0,0.08,drift,income,psi,False,509c56e4630c19b10684cda4fdeed3d2d60e7dc3,05b7bab4beef95cc077c40c8cc949baf46a83e36cf9903f6bc97f9f5bcbe3253,non_target_alert_rate,2026091900|2026091901|2026091902|2026091903|2026091904|2026091905|2026091906|2026091907|2026091908|2026091909|2026091910|2026091911|2026091912|2026091913|2026091914|2026091915|2026091916|2026091917|2026091918|2026091919,20,20,0,0.0,0.015503094469841605,0.014533231570140283
missingness_medium_fraction0p08_n500,missingness,missingness,medium,500,0.0,0.08,drift,income,wasserstein,False,509c56e4630c19b10684cda4fdeed3d2d60e7dc3,05b7bab4beef95cc077c40c8cc949baf46a83e36cf9903f6bc97f9f5bcbe3253,non_target_alert_rate,2026091900|2026091901|2026091902|2026091903|2026091904|2026091905|2026091906|2026091907|2026091908|2026091909|2026091910|2026091911|2026091912|2026091913|2026091914|2026091915|2026091916|2026091917|2026091918|2026091919,20,0,0,,3318.2767629015057,3313.0188775066495
missingness_medium_fraction0p08_n500,missingness,missingness,medium,500,0.0,0.08,drift,region,chi2,False,509c56e4630c19b10684cda4fdeed3d2d60e7dc3,05b7bab4beef95cc077c40c8cc949baf46a83e36cf9903f6bc97f9f5bcbe3253,non_target_alert_rate,2026091900|2026091901|2026091902|2026091903|2026091904|2026091905|2026091906|2026091907|2026091908|2026091909|2026091910|2026091911|2026091912|2026091913|2026091914|2026091915|2026091916|2026091917|2026091918|2026091919,20,20,0,0.0,3.305730494459765,2.9736838097361407
missingness_medium_fraction0p08_n500,missingness,missingness,medium,500,0.0,0.08,drift,region,js,False,509c56e4630c19b10684cda4fdeed3d2d60e7dc3,05b7bab4beef95cc077c40c8cc949baf46a83e36cf9903f6bc97f9f5bcbe3253,non_target_alert_rate,2026091900|2026091901|2026091902|2026091903|2026091904|2026091905|2026091906|2026091907|2026091908|2026091909|2026091910|2026091911|2026091912|2026091913|2026091914|2026091915|2026091916|2026091917|2026091918|2026091919,20,20,0,0.0,0.0013211464980250223,0.0011756629666075898
missingness_medium_fraction0p08_n500,missingness,missingness,medium,500,0.0,0.08,drift,region,psi,False,509c56e4630c19b10684cda4fdeed3d2d60e7dc3,05b7bab4beef95cc077c40c8cc949baf46a83e36cf9903f6bc97f9f5bcbe3253,non_target_alert_rate,2026091900|2026091901|2026091902|2026091903|2026091904|2026091905|2026091906|2026091907|2026091908|2026091909|2026091910|2026091911|2026091912|2026091913|2026091914|2026091915|2026091916|2026091917|2026091918|2026091919,20,20,0,0.0,0.007331876028945081,0.00652210825749337
missingness_medium_fraction0p08_n500,missingness,missingness,medium,500,0.0,0.08,quality,age,current_infinite_count,False,509c56e4630c19b10684cda4fdeed3d2d60e7dc3,05b7bab4beef95cc077c40c8cc949baf46a83e36cf9903f6bc97f9f5bcbe3253,non_target_alert_rate,2026091900|2026091901|2026091902|2026091903|2026091904|2026091905|2026091906|2026091907|2026091908|2026091909|2026091910|2026091911|2026091912|2026091913|2026091914|2026091915|2026091916|2026091917|2026091918|2026091919,20,20,0,0.0,0.0,0.0
missingness_medium_fraction0p08_n500,missingness,missingness,medium,500,0.0,0.08,quality,age,current_max,False,509c56e4630c19b10684cda4fdeed3d2d60e7dc3,05b7bab4beef95cc077c40c8cc949baf46a83e36cf9903f6bc97f9f5bcbe3253,non_target_alert_rate,2026091900|2026091901|2026091902|2026091903|2026091904|2026091905|2026091906|2026091907|2026091908|2026091909|2026091910|2026091911|2026091912|2026091913|2026091914|2026091915|2026091916|2026091917|2026091918|2026091919,20,20,0,0.0,78.5,77.0
missingness_medium_fraction0p08_n500,missingness,missingness,medium,500,0.0,0.08,quality,age,current_min,False,509c56e4630c19b10684cda4fdeed3d2d60e7dc3,05b7bab4beef95cc077c40c8cc949baf46a83e36cf9903f6bc97f9f5bcbe3253,non_target_alert_rate,2026091900|2026091901|2026091902|2026091903|2026091904|2026091905|2026091906|2026091907|2026091908|2026091909|2026091910|2026091911|2026091912|2026091913|2026091914|2026091915|2026091916|2026091917|2026091918|2026091919,20,20,0,0.0,18.0,18.0
missingness_medium_fraction0p08_n500,missingness,missingness,medium,500,0.0,0.08,quality,age,current_missing_fraction,False,509c56e4630c19b10684cda4fdeed3d2d60e7dc3,05b7bab4beef95cc077c40c8cc949baf46a83e36cf9903f6bc97f9f5bcbe3253,non_target_alert_rate,2026091900|2026091901|2026091902|2026091903|2026091904|2026091905|2026091906|2026091907|2026091908|2026091909|2026091910|2026091911|2026091912|2026091913|2026091914|2026091915|2026091916|2026091917|2026091918|2026091919,20,20,0,0.0,0.0,0.0
missingness_medium_fraction0p08_n500,missingness,missingness,medium,500,0.0,0.08,quality,age,missing_increase_pp,False,509c56e4630c19b10684cda4fdeed3d2d60e7dc3,05b7bab4beef95cc077c40c8cc949baf46a83e36cf9903f6bc97f9f5bcbe3253,non_target_alert_rate,2026091900|2026091901|2026091902|2026091903|2026091904|2026091905|2026091906|2026091907|2026091908|2026091909|2026091910|2026091911|2026091912|2026091913|2026091914|2026091915|2026091916|2026091917|2026091918|2026091919,20,20,0,0.0,0.0,0.0
missingness_medium_fraction0p08_n500,missingness,missingness,medium,500,0.0,0.08,quality,age,reference_infinite_count,False,509c56e4630c19b10684cda4fdeed3d2d60e7dc3,05b7bab4beef95cc077c40c8cc949baf46a83e36cf9903f6bc97f9f5bcbe3253,non_target_alert_rate,2026091900|2026091901|2026091902|2026091903|2026091904|2026091905|2026091906|2026091907|2026091908|2026091909|2026091910|2026091911|2026091912|2026091913|2026091914|2026091915|2026091916|2026091917|2026091918|2026091919,20,20,0,0.0,0.0,0.0
missingness_medium_fraction0p08_n500,missingness,missingness,medium,500,0.0,0.08,quality,age,reference_max,False,509c56e4630c19b10684cda4fdeed3d2d60e7dc3,05b7bab4beef95cc077c40c8cc949baf46a83e36cf9903f6bc97f9f5bcbe3253,non_target_alert_rate,2026091900|2026091901|2026091902|2026091903|2026091904|2026091905|2026091906|2026091907|2026091908|2026091909|2026091910|2026091911|2026091912|2026091913|2026091914|2026091915|2026091916|2026091917|2026091918|2026091919,20,20,0,0.0,86.6,86.5
missingness_medium_fraction0p08_n500,missingness,missingness,medium,500,0.0,0.08,quality,age,reference_min,False,509c56e4630c19b10684cda4fdeed3d2d60e7dc3,05b7bab4beef95cc077c40c8cc949baf46a83e36cf9903f6bc97f9f5bcbe3253,non_target_alert_rate,2026091900|2026091901|2026091902|2026091903|2026091904|2026091905|2026091906|2026091907|2026091908|2026091909|2026091910|2026091911|2026091912|2026091913|2026091914|2026091915|2026091916|2026091917|2026091918|2026091919,20,20,0,0.0,18.0,18.0
missingness_medium_fraction0p08_n500,missingness,missingness,medium,500,0.0,0.08,quality,age,reference_missing_fraction,False,509c56e4630c19b10684cda4fdeed3d2d60e7dc3,05b7bab4beef95cc077c40c8cc949baf46a83e36cf9903f6bc97f9f5bcbe3253,non_target_alert_rate,2026091900|2026091901|2026091902|2026091903|2026091904|2026091905|2026091906|2026091907|2026091908|2026091909|2026091910|2026091911|2026091912|2026091913|2026091914|2026091915|2026091916|2026091917|2026091918|2026091919,20,20,0,0.0,0.0,0.0
missingness_medium_fraction0p08_n500,missingness,missingness,medium,500,0.0,0.08,quality,income,current_infinite_count,False,509c56e4630c19b10684cda4fdeed3d2d60e7dc3,05b7bab4beef95cc077c40c8cc949baf46a83e36cf9903f6bc97f9f5bcbe3253,non_target_alert_rate,2026091900|2026091901|2026091902|2026091903|2026091904|2026091905|2026091906|2026091907|2026091908|2026091909|2026091910|2026091911|2026091912|2026091913|2026091914|2026091915|2026091916|2026091917|2026091918|2026091919,20,20,0,0.0,0.0,0.0
missingness_medium_fraction0p08_n500,missingness,missingness,medium,500,0.0,0.08,quality,income,current_max,False,509c56e4630c19b10684cda4fdeed3d2d60e7dc3,05b7bab4beef95cc077c40c8cc949baf46a83e36cf9903f6bc97f9f5bcbe3253,non_target_alert_rate,2026091900|2026091901|2026091902|2026091903|2026091904|2026091905|2026091906|2026091907|2026091908|2026091909|2026091910|2026091911|2026091912|2026091913|2026091914|2026091915|2026091916|2026091917|2026091918|2026091919,20,20,0,0.0,511800.5295,498932.28500000003
missingness_medium_fraction0p08_n500,missingness,missingness,medium,500,0.0,0.08,quality,income,current_min,False,509c56e4630c19b10684cda4fdeed3d2d60e7dc3,05b7bab4beef95cc077c40c8cc949baf46a83e36cf9903f6bc97f9f5bcbe3253,non_target_alert_rate,2026091900|2026091901|2026091902|2026091903|2026091904|2026091905|2026091906|2026091907|2026091908|2026091909|2026091910|2026091911|2026091912|2026091913|2026091914|2026091915|2026091916|2026091917|2026091918|2026091919,20,20,0,0.0,15287.247,15569.015
missingness_medium_fraction0p08_n500,missingness,missingness,medium,500,0.0,0.08,quality,income,current_missing_fraction,True,509c56e4630c19b10684cda4fdeed3d2d60e7dc3,05b7bab4beef95cc077c40c8cc949baf46a83e36cf9903f6bc97f9f5bcbe3253,detection_rate,2026091900|2026091901|2026091902|2026091903|2026091904|2026091905|2026091906|2026091907|2026091908|2026091909|2026091910|2026091911|2026091912|2026091913|2026091914|2026091915|2026091916|2026091917|2026091918|2026091919,20,20,0,0.0,0.08000000000000002,0.08
missingness_medium_fraction0p08_n500,missingness,missingness,medium,500,0.0,0.08,quality,income,missing_increase_pp,True,509c56e4630c19b10684cda4fdeed3d2d60e7dc3,05b7bab4beef95cc077c40c8cc949baf46a83e36cf9903f6bc97f9f5bcbe3253,detection_rate,2026091900|2026091901|2026091902|2026091903|2026091904|2026091905|2026091906|2026091907|2026091908|2026091909|2026091910|2026091911|2026091912|2026091913|2026091914|2026091915|2026091916|2026091917|2026091918|2026091919,20,20,20,1.0,6.0,6.0
missingness_medium_fraction0p08_n500,missingness,missingness,medium,500,0.0,0.08,quality,income,reference_infinite_count,False,509c56e4630c19b10684cda4fdeed3d2d60e7dc3,05b7bab4beef95cc077c40c8cc949baf46a83e36cf9903f6bc97f9f5bcbe3253,non_target_alert_rate,2026091900|2026091901|2026091902|2026091903|2026091904|2026091905|2026091906|2026091907|2026091908|2026091909|2026091910|2026091911|2026091912|2026091913|2026091914|2026091915|2026091916|2026091917|2026091918|2026091919,20,20,0,0.0,0.0,0.0
missingness_medium_fraction0p08_n500,missingness,missingness,medium,500,0.0,0.08,quality,income,reference_max,False,509c56e4630c19b10684cda4fdeed3d2d60e7dc3,05b7bab4beef95cc077c40c8cc949baf46a83e36cf9903f6bc97f9f5bcbe3253,non_target_alert_rate,2026091900|2026091901|2026091902|2026091903|2026091904|2026091905|2026091906|2026091907|2026091908|2026091909|2026091910|2026091911|2026091912|2026091913|2026091914|2026091915|2026091916|2026091917|2026091918|2026091919,20,20,0,0.0,619557.1195,611724.875
missingness_medium_fraction0p08_n500,missingness,missingness,medium,500,0.0,0.08,quality,income,reference_min,False,509c56e4630c19b10684cda4fdeed3d2d60e7dc3,05b7bab4beef95cc077c40c8cc949baf46a83e36cf9903f6bc97f9f5bcbe3253,non_target_alert_rate,2026091900|2026091901|2026091902|2026091903|2026091904|2026091905|2026091906|2026091907|2026091908|2026091909|2026091910|2026091911|2026091912|2026091913|2026091914|2026091915|2026091916|2026091917|2026091918|2026091919,20,20,0,0.0,10934.159000000001,11033.564999999999
missingness_medium_fraction0p08_n500,missingness,missingness,medium,500,0.0,0.08,quality,income,reference_missing_fraction,False,509c56e4630c19b10684cda4fdeed3d2d60e7dc3,05b7bab4beef95cc077c40c8cc949baf46a83e36cf9903f6bc97f9f5bcbe3253,non_target_alert_rate,2026091900|2026091901|2026091902|2026091903|2026091904|2026091905|2026091906|2026091907|2026091908|2026091909|2026091910|2026091911|2026091912|2026091913|2026091914|2026091915|2026091916|2026091917|2026091918|2026091919,20,20,0,0.0,0.020000000000000004,0.02
missingness_medium_fraction0p08_n500,missingness,missingness,medium,500,0.0,0.08,quality,region,current_missing_fraction,False,509c56e4630c19b10684cda4fdeed3d2d60e7dc3,05b7bab4beef95cc077c40c8cc949baf46a83e36cf9903f6bc97f9f5bcbe3253,non_target_alert_rate,2026091900|2026091901|2026091902|2026091903|2026091904|2026091905|2026091906|2026091907|2026091908|2026091909|2026091910|2026091911|2026091912|2026091913|2026091914|2026091915|2026091916|2026091917|2026091918|2026091919,20,20,0,0.0,0.0,0.0
missingness_medium_fraction0p08_n500,missingness,missingness,medium,500,0.0,0.08,quality,region,missing_increase_pp,False,509c56e4630c19b10684cda4fdeed3d2d60e7dc3,05b7bab4beef95cc077c40c8cc949baf46a83e36cf9903f6bc97f9f5bcbe3253,non_target_alert_rate,2026091900|2026091901|2026091902|2026091903|2026091904|2026091905|2026091906|2026091907|2026091908|2026091909|2026091910|2026091911|2026091912|2026091913|2026091914|2026091915|2026091916|2026091917|2026091918|2026091919,20,20,0,0.0,0.0,0.0
missingness_medium_fraction0p08_n500,missingness,missingness,medium,500,0.0,0.08,quality,region,reference_missing_fraction,False,509c56e4630c19b10684cda4fdeed3d2d60e7dc3,05b7bab4beef95cc077c40c8cc949baf46a83e36cf9903f6bc97f9f5bcbe3253,non_target_alert_rate,2026091900|2026091901|2026091902|2026091903|2026091904|2026091905|2026091906|2026091907|2026091908|2026091909|2026091910|2026091911|2026091912|2026091913|2026091914|2026091915|2026091916|2026091917|2026091918|2026091919,20,20,0,0.0,0.0,0.0
missingness_medium_fraction0p08_n500,missingness,missingness,medium,500,0.0,0.08,quality,,current_duplicate_fraction,False,509c56e4630c19b10684cda4fdeed3d2d60e7dc3,05b7bab4beef95cc077c40c8cc949baf46a83e36cf9903f6bc97f9f5bcbe3253,non_target_alert_rate,2026091900|2026091901|2026091902|2026091903|2026091904|2026091905|2026091906|2026091907|2026091908|2026091909|2026091910|2026091911|2026091912|2026091913|2026091914|2026091915|2026091916|2026091917|2026091918|2026091919,20,20,3,0.15,0.007700000000000001,0.008
missingness_medium_fraction0p08_n500,missingness,missingness,medium,500,0.0,0.08,quality,,reference_duplicate_fraction,False,509c56e4630c19b10684cda4fdeed3d2d60e7dc3,05b7bab4beef95cc077c40c8cc949baf46a83e36cf9903f6bc97f9f5bcbe3253,non_target_alert_rate,2026091900|2026091901|2026091902|2026091903|2026091904|2026091905|2026091906|2026091907|2026091908|2026091909|2026091910|2026091911|2026091912|2026091913|2026091914|2026091915|2026091916|2026091917|2026091918|2026091919,20,20,0,0.0,0.004259999999999999,0.0042
missingness_strong_fraction0p15_n1200,missingness,missingness,strong,1200,0.0,0.15,adversarial,,roc_auc,True,509c56e4630c19b10684cda4fdeed3d2d60e7dc3,05b7bab4beef95cc077c40c8cc949baf46a83e36cf9903f6bc97f9f5bcbe3253,detection_rate,2026091900|2026091901|2026091902|2026091903|2026091904|2026091905|2026091906|2026091907|2026091908|2026091909|2026091910|2026091911|2026091912|2026091913|2026091914|2026091915|2026091916|2026091917|2026091918|2026091919,20,20,0,0.0,0.5610099875000001,0.5605131666666666
missingness_strong_fraction0p15_n1200,missingness,missingness,strong,1200,0.0,0.15,drift,age,js,False,509c56e4630c19b10684cda4fdeed3d2d60e7dc3,05b7bab4beef95cc077c40c8cc949baf46a83e36cf9903f6bc97f9f5bcbe3253,non_target_alert_rate,2026091900|2026091901|2026091902|2026091903|2026091904|2026091905|2026091906|2026091907|2026091908|2026091909|2026091910|2026091911|2026091912|2026091913|2026091914|2026091915|2026091916|2026091917|2026091918|2026091919,20,20,0,0.0,0.0015283154006461557,0.0014200185879160569
missingness_strong_fraction0p15_n1200,missingness,missingness,strong,1200,0.0,0.15,drift,age,ks,False,509c56e4630c19b10684cda4fdeed3d2d60e7dc3,05b7bab4beef95cc077c40c8cc949baf46a83e36cf9903f6bc97f9f5bcbe3253,non_target_alert_rate,2026091900|2026091901|2026091902|2026091903|2026091904|2026091905|2026091906|2026091907|2026091908|2026091909|2026091910|2026091911|2026091912|2026091913|2026091914|2026091915|2026091916|2026091917|2026091918|2026091919,20,20,0,0.0,0.023523333333333334,0.022650000000000003
missingness_strong_fraction0p15_n1200,missingness,missingness,strong,1200,0.0,0.15,drift,age,psi,False,509c56e4630c19b10684cda4fdeed3d2d60e7dc3,05b7bab4beef95cc077c40c8cc949baf46a83e36cf9903f6bc97f9f5bcbe3253,non_target_alert_rate,2026091900|2026091901|2026091902|2026091903|2026091904|2026091905|2026091906|2026091907|2026091908|2026091909|2026091910|2026091911|2026091912|2026091913|2026091914|2026091915|2026091916|2026091917|2026091918|2026091919,20,20,0,0.0,0.008483043368970305,0.007881196527792442
missingness_strong_fraction0p15_n1200,missingness,missingness,strong,1200,0.0,0.15,drift,age,wasserstein,False,509c56e4630c19b10684cda4fdeed3d2d60e7dc3,05b7bab4beef95cc077c40c8cc949baf46a83e36cf9903f6bc97f9f5bcbe3253,non_target_alert_rate,2026091900|2026091901|2026091902|2026091903|2026091904|2026091905|2026091906|2026091907|2026091908|2026091909|2026091910|2026091911|2026091912|2026091913|2026091914|2026091915|2026091916|2026091917|2026091918|2026091919,20,20,0,0.0,0.44882833333333344,0.43413333333333326
missingness_strong_fraction0p15_n1200,missingness,missingness,strong,1200,0.0,0.15,drift,income,js,False,509c56e4630c19b10684cda4fdeed3d2d60e7dc3,05b7bab4beef95cc077c40c8cc949baf46a83e36cf9903f6bc97f9f5bcbe3253,non_target_alert_rate,2026091900|2026091901|2026091902|2026091903|2026091904|2026091905|2026091906|2026091907|2026091908|2026091909|2026091910|2026091911|2026091912|2026091913|2026091914|2026091915|2026091916|2026091917|2026091918|2026091919,20,20,0,0.0,0.001554125348294069,0.00137897290743667
missingness_strong_fraction0p15_n1200,missingness,missingness,strong,1200,0.0,0.15,drift,income,ks,False,509c56e4630c19b10684cda4fdeed3d2d60e7dc3,05b7bab4beef95cc077c40c8cc949baf46a83e36cf9903f6bc97f9f5bcbe3253,non_target_alert_rate,2026091900|2026091901|2026091902|2026091903|2026091904|2026091905|2026091906|2026091907|2026091908|2026091909|2026091910|2026091911|2026091912|2026091913|2026091914|2026091915|2026091916|2026091917|2026091918|2026091919,20,20,0,0.0,0.028299319727891147,0.026170468187274892
missingness_strong_fraction0p15_n1200,missingness,missingness,strong,1200,0.0,0.15,drift,income,psi,False,509c56e4630c19b10684cda4fdeed3d2d60e7dc3,05b7bab4beef95cc077c40c8cc949baf46a83e36cf9903f6bc97f9f5bcbe3253,non_target_alert_rate,2026091900|2026091901|2026091902|2026091903|2026091904|2026091905|2026091906|2026091907|2026091908|2026091909|2026091910|2026091911|2026091912|2026091913|2026091914|2026091915|2026091916|2026091917|2026091918|2026091919,20,20,0,0.0,0.008627339225896018,0.007652077396943405
missingness_strong_fraction0p15_n1200,missingness,missingness,strong,1200,0.0,0.15,drift,income,wasserstein,False,509c56e4630c19b10684cda4fdeed3d2d60e7dc3,05b7bab4beef95cc077c40c8cc949baf46a83e36cf9903f6bc97f9f5bcbe3253,non_target_alert_rate,2026091900|2026091901|2026091902|2026091903|2026091904|2026091905|2026091906|2026091907|2026091908|2026091909|2026091910|2026091911|2026091912|2026091913|2026091914|2026091915|2026091916|2026091917|2026091918|2026091919,20,0,0,,2524.2188275990393,2187.6552114645856
missingness_strong_fraction0p15_n1200,missingness,missingness,strong,1200,0.0,0.15,drift,region,chi2,False,509c56e4630c19b10684cda4fdeed3d2d60e7dc3,05b7bab4beef95cc077c40c8cc949baf46a83e36cf9903f6bc97f9f5bcbe3253,non_target_alert_rate,2026091900|2026091901|2026091902|2026091903|2026091904|2026091905|2026091906|2026091907|2026091908|2026091909|2026091910|2026091911|2026091912|2026091913|2026091914|2026091915|2026091916|2026091917|2026091918|2026091919,20,20,0,0.0,3.415127384537976,2.3712465448600386
missingness_strong_fraction0p15_n1200,missingness,missingness,strong,1200,0.0,0.15,drift,region,js,False,509c56e4630c19b10684cda4fdeed3d2d60e7dc3,05b7bab4beef95cc077c40c8cc949baf46a83e36cf9903f6bc97f9f5bcbe3253,non_target_alert_rate,2026091900|2026091901|2026091902|2026091903|2026091904|2026091905|2026091906|2026091907|2026091908|2026091909|2026091910|2026091911|2026091912|2026091913|2026091914|2026091915|2026091916|2026091917|2026091918|2026091919,20,20,0,0.0,0.0006424373381341464,0.0004462545320750036
missingness_strong_fraction0p15_n1200,missingness,missingness,strong,1200,0.0,0.15,drift,region,psi,False,509c56e4630c19b10684cda4fdeed3d2d60e7dc3,05b7bab4beef95cc077c40c8cc949baf46a83e36cf9903f6bc97f9f5bcbe3253,non_target_alert_rate,2026091900|2026091901|2026091902|2026091903|2026091904|2026091905|2026091906|2026091907|2026091908|2026091909|2026091910|2026091911|2026091912|2026091913|2026091914|2026091915|2026091916|2026091917|2026091918|2026091919,20,20,0,0.0,0.0035640467574493836,0.002474975675458798
missingness_strong_fraction0p15_n1200,missingness,missingness,strong,1200,0.0,0.15,quality,age,current_infinite_count,False,509c56e4630c19b10684cda4fdeed3d2d60e7dc3,05b7bab4beef95cc077c40c8cc949baf46a83e36cf9903f6bc97f9f5bcbe3253,non_target_alert_rate,2026091900|2026091901|2026091902|2026091903|2026091904|2026091905|2026091906|2026091907|2026091908|2026091909|2026091910|2026091911|2026091912|2026091913|2026091914|2026091915|2026091916|2026091917|2026091918|2026091919,20,20,0,0.0,0.0,0.0
missingness_strong_fraction0p15_n1200,missingness,missingness,strong,1200,0.0,0.15,quality,age,current_max,False,509c56e4630c19b10684cda4fdeed3d2d60e7dc3,05b7bab4beef95cc077c40c8cc949baf46a83e36cf9903f6bc97f9f5bcbe3253,non_target_alert_rate,2026091900|2026091901|2026091902|2026091903|2026091904|2026091905|2026091906|2026091907|2026091908|2026091909|2026091910|2026091911|2026091912|2026091913|2026091914|2026091915|2026091916|2026091917|2026091918|2026091919,20,20,0,0.0,80.9,80.5
missingness_strong_fraction0p15_n1200,missingness,missingness,strong,1200,0.0,0.15,quality,age,current_min,False,509c56e4630c19b10684cda4fdeed3d2d60e7dc3,05b7bab4beef95cc077c40c8cc949baf46a83e36cf9903f6bc97f9f5bcbe3253,non_target_alert_rate,2026091900|2026091901|2026091902|2026091903|2026091904|2026091905|2026091906|2026091907|2026091908|2026091909|2026091910|2026091911|2026091912|2026091913|2026091914|2026091915|2026091916|2026091917|2026091918|2026091919,20,20,0,0.0,18.0,18.0
missingness_strong_fraction0p15_n1200,missingness,missingness,strong,1200,0.0,0.15,quality,age,current_missing_fraction,False,509c56e4630c19b10684cda4fdeed3d2d60e7dc3,05b7bab4beef95cc077c40c8cc949baf46a83e36cf9903f6bc97f9f5bcbe3253,non_target_alert_rate,2026091900|2026091901|2026091902|2026091903|2026091904|2026091905|2026091906|2026091907|2026091908|2026091909|2026091910|2026091911|2026091912|2026091913|2026091914|2026091915|2026091916|2026091917|2026091918|2026091919,20,20,0,0.0,0.0,0.0
missingness_strong_fraction0p15_n1200,missingness,missingness,strong,1200,0.0,0.15,quality,age,missing_increase_pp,False,509c56e4630c19b10684cda4fdeed3d2d60e7dc3,05b7bab4beef95cc077c40c8cc949baf46a83e36cf9903f6bc97f9f5bcbe3253,non_target_alert_rate,2026091900|2026091901|2026091902|2026091903|2026091904|2026091905|2026091906|2026091907|2026091908|2026091909|2026091910|2026091911|2026091912|2026091913|2026091914|2026091915|2026091916|2026091917|2026091918|2026091919,20,20,0,0.0,0.0,0.0
missingness_strong_fraction0p15_n1200,missingness,missingness,strong,1200,0.0,0.15,quality,age,reference_infinite_count,False,509c56e4630c19b10684cda4fdeed3d2d60e7dc3,05b7bab4beef95cc077c40c8cc949baf46a83e36cf9903f6bc97f9f5bcbe3253,non_target_alert_rate,2026091900|2026091901|2026091902|2026091903|2026091904|2026091905|2026091906|2026091907|2026091908|2026091909|2026091910|2026091911|2026091912|2026091913|2026091914|2026091915|2026091916|2026091917|2026091918|2026091919,20,20,0,0.0,0.0,0.0
missingness_strong_fraction0p15_n1200,missingness,missingness,strong,1200,0.0,0.15,quality,age,reference_max,False,509c56e4630c19b10684cda4fdeed3d2d60e7dc3,05b7bab4beef95cc077c40c8cc949baf46a83e36cf9903f6bc97f9f5bcbe3253,non_target_alert_rate,2026091900|2026091901|2026091902|2026091903|2026091904|2026091905|2026091906|2026091907|2026091908|2026091909|2026091910|2026091911|2026091912|2026091913|2026091914|2026091915|2026091916|2026091917|2026091918|2026091919,20,20,0,0.0,86.6,86.5
missingness_strong_fraction0p15_n1200,missingness,missingness,strong,1200,0.0,0.15,quality,age,reference_min,False,509c56e4630c19b10684cda4fdeed3d2d60e7dc3,05b7bab4beef95cc077c40c8cc949baf46a83e36cf9903f6bc97f9f5bcbe3253,non_target_alert_rate,2026091900|2026091901|2026091902|2026091903|2026091904|2026091905|2026091906|2026091907|2026091908|2026091909|2026091910|2026091911|2026091912|2026091913|2026091914|2026091915|2026091916|2026091917|2026091918|2026091919,20,20,0,0.0,18.0,18.0
missingness_strong_fraction0p15_n1200,missingness,missingness,strong,1200,0.0,0.15,quality,age,reference_missing_fraction,False,509c56e4630c19b10684cda4fdeed3d2d60e7dc3,05b7bab4beef95cc077c40c8cc949baf46a83e36cf9903f6bc97f9f5bcbe3253,non_target_alert_rate,2026091900|2026091901|2026091902|2026091903|2026091904|2026091905|2026091906|2026091907|2026091908|2026091909|2026091910|2026091911|2026091912|2026091913|2026091914|2026091915|2026091916|2026091917|2026091918|2026091919,20,20,0,0.0,0.0,0.0
missingness_strong_fraction0p15_n1200,missingness,missingness,strong,1200,0.0,0.15,quality,income,current_infinite_count,False,509c56e4630c19b10684cda4fdeed3d2d60e7dc3,05b7bab4beef95cc077c40c8cc949baf46a83e36cf9903f6bc97f9f5bcbe3253,non_target_alert_rate,2026091900|2026091901|2026091902|2026091903|2026091904|2026091905|2026091906|2026091907|2026091908|2026091909|2026091910|2026091911|2026091912|2026091913|2026091914|2026091915|2026091916|2026091917|2026091918|2026091919,20,20,0,0.0,0.0,0.0
missingness_strong_fraction0p15_n1200,missingness,missingness,strong,1200,0.0,0.15,quality,income,current_max,False,509c56e4630c19b10684cda4fdeed3d2d60e7dc3,05b7bab4beef95cc077c40c8cc949baf46a83e36cf9903f6bc97f9f5bcbe3253,non_target_alert_rate,2026091900|2026091901|2026091902|2026091903|2026091904|2026091905|2026091906|2026091907|2026091908|2026091909|2026091910|2026091911|2026091912|2026091913|2026091914|2026091915|2026091916|2026091917|2026091918|2026091919,20,20,0,0.0,523895.2759999998,499876.87
missingness_strong_fraction0p15_n1200,missingness,missingness,strong,1200,0.0,0.15,quality,income,current_min,False,509c56e4630c19b10684cda4fdeed3d2d60e7dc3,05b7bab4beef95cc077c40c8cc949baf46a83e36cf9903f6bc97f9f5bcbe3253,non_target_alert_rate,2026091900|2026091901|2026091902|2026091903|2026091904|2026091905|2026091906|2026091907|2026091908|2026091909|2026091910|2026091911|2026091912|2026091913|2026091914|2026091915|2026091916|2026091917|2026091918|2026091919,20,20,0,0.0,13648.3465,13898.85
missingness_strong_fraction0p15_n1200,missingness,missingness,strong,1200,0.0,0.15,quality,income,current_missing_fraction,True,509c56e4630c19b10684cda4fdeed3d2d60e7dc3,05b7bab4beef95cc077c40c8cc949baf46a83e36cf9903f6bc97f9f5bcbe3253,detection_rate,2026091900|2026091901|2026091902|2026091903|2026091904|2026091905|2026091906|2026091907|2026091908|2026091909|2026091910|2026091911|2026091912|2026091913|2026091914|2026091915|2026091916|2026091917|2026091918|2026091919,20,20,20,1.0,0.14999999999999997,0.15
missingness_strong_fraction0p15_n1200,missingness,missingness,strong,1200,0.0,0.15,quality,income,missing_increase_pp,True,509c56e4630c19b10684cda4fdeed3d2d60e7dc3,05b7bab4beef95cc077c40c8cc949baf46a83e36cf9903f6bc97f9f5bcbe3253,detection_rate,2026091900|2026091901|2026091902|2026091903|2026091904|2026091905|2026091906|2026091907|2026091908|2026091909|2026091910|2026091911|2026091912|2026091913|2026091914|2026091915|2026091916|2026091917|2026091918|2026091919,20,20,20,1.0,13.0,13.0
missingness_strong_fraction0p15_n1200,missingness,missingness,strong,1200,0.0,0.15,quality,income,reference_infinite_count,False,509c56e4630c19b10684cda4fdeed3d2d60e7dc3,05b7bab4beef95cc077c40c8cc949baf46a83e36cf9903f6bc97f9f5bcbe3253,non_target_alert_rate,2026091900|2026091901|2026091902|2026091903|2026091904|2026091905|2026091906|2026091907|2026091908|2026091909|2026091910|2026091911|2026091912|2026091913|2026091914|2026091915|2026091916|2026091917|2026091918|2026091919,20,20,0,0.0,0.0,0.0
missingness_strong_fraction0p15_n1200,missingness,missingness,strong,1200,0.0,0.15,quality,income,reference_max,False,509c56e4630c19b10684cda4fdeed3d2d60e7dc3,05b7bab4beef95cc077c40c8cc949baf46a83e36cf9903f6bc97f9f5bcbe3253,non_target_alert_rate,2026091900|2026091901|2026091902|2026091903|2026091904|2026091905|2026091906|2026091907|2026091908|2026091909|2026091910|2026091911|2026091912|2026091913|2026091914|2026091915|2026091916|2026091917|2026091918|2026091919,20,20,0,0.0,619557.1195,611724.875
missingness_strong_fraction0p15_n1200,missingness,missingness,strong,1200,0.0,0.15,quality,income,reference_min,False,509c56e4630c19b10684cda4fdeed3d2d60e7dc3,05b7bab4beef95cc077c40c8cc949baf46a83e36cf9903f6bc97f9f5bcbe3253,non_target_alert_rate,2026091900|2026091901|2026091902|2026091903|2026091904|2026091905|2026091906|2026091907|2026091908|2026091909|2026091910|2026091911|2026091912|2026091913|2026091914|2026091915|2026091916|2026091917|2026091918|2026091919,20,20,0,0.0,10934.159000000001,11033.564999999999
missingness_strong_fraction0p15_n1200,missingness,missingness,strong,1200,0.0,0.15,quality,income,reference_missing_fraction,False,509c56e4630c19b10684cda4fdeed3d2d60e7dc3,05b7bab4beef95cc077c40c8cc949baf46a83e36cf9903f6bc97f9f5bcbe3253,non_target_alert_rate,2026091900|2026091901|2026091902|2026091903|2026091904|2026091905|2026091906|2026091907|2026091908|2026091909|2026091910|2026091911|2026091912|2026091913|2026091914|2026091915|2026091916|2026091917|2026091918|2026091919,20,20,0,0.0,0.020000000000000004,0.02
missingness_strong_fraction0p15_n1200,missingness,missingness,strong,1200,0.0,0.15,quality,region,current_missing_fraction,False,509c56e4630c19b10684cda4fdeed3d2d60e7dc3,05b7bab4beef95cc077c40c8cc949baf46a83e36cf9903f6bc97f9f5bcbe3253,non_target_alert_rate,2026091900|2026091901|2026091902|2026091903|2026091904|2026091905|2026091906|2026091907|2026091908|2026091909|2026091910|2026091911|2026091912|2026091913|2026091914|2026091915|2026091916|2026091917|2026091918|2026091919,20,20,0,0.0,0.0,0.0
missingness_strong_fraction0p15_n1200,missingness,missingness,strong,1200,0.0,0.15,quality,region,missing_increase_pp,False,509c56e4630c19b10684cda4fdeed3d2d60e7dc3,05b7bab4beef95cc077c40c8cc949baf46a83e36cf9903f6bc97f9f5bcbe3253,non_target_alert_rate,2026091900|2026091901|2026091902|2026091903|2026091904|2026091905|2026091906|2026091907|2026091908|2026091909|2026091910|2026091911|2026091912|2026091913|2026091914|2026091915|2026091916|2026091917|2026091918|2026091919,20,20,0,0.0,0.0,0.0
missingness_strong_fraction0p15_n1200,missingness,missingness,strong,1200,0.0,0.15,quality,region,reference_missing_fraction,False,509c56e4630c19b10684cda4fdeed3d2d60e7dc3,05b7bab4beef95cc077c40c8cc949baf46a83e36cf9903f6bc97f9f5bcbe3253,non_target_alert_rate,2026091900|2026091901|2026091902|2026091903|2026091904|2026091905|2026091906|2026091907|2026091908|2026091909|2026091910|2026091911|2026091912|2026091913|2026091914|2026091915|2026091916|2026091917|2026091918|2026091919,20,20,0,0.0,0.0,0.0
missingness_strong_fraction0p15_n1200,missingness,missingness,strong,1200,0.0,0.15,quality,,current_duplicate_fraction,False,509c56e4630c19b10684cda4fdeed3d2d60e7dc3,05b7bab4beef95cc077c40c8cc949baf46a83e36cf9903f6bc97f9f5bcbe3253,non_target_alert_rate,2026091900|2026091901|2026091902|2026091903|2026091904|2026091905|2026091906|2026091907|2026091908|2026091909|2026091910|2026091911|2026091912|2026091913|2026091914|2026091915|2026091916|2026091917|2026091918|2026091919,20,20,20,1.0,0.049,0.049166666666666664
missingness_strong_fraction0p15_n1200,missingness,missingness,strong,1200,0.0,0.15,quality,,reference_duplicate_fraction,False,509c56e4630c19b10684cda4fdeed3d2d60e7dc3,05b7bab4beef95cc077c40c8cc949baf46a83e36cf9903f6bc97f9f5bcbe3253,non_target_alert_rate,2026091900|2026091901|2026091902|2026091903|2026091904|2026091905|2026091906|2026091907|2026091908|2026091909|2026091910|2026091911|2026091912|2026091913|2026091914|2026091915|2026091916|2026091917|2026091918|2026091919,20,20,0,0.0,0.004259999999999999,0.0042
missingness_strong_fraction0p15_n3000,missingness,missingness,strong,3000,0.0,0.15,adversarial,,roc_auc,True,509c56e4630c19b10684cda4fdeed3d2d60e7dc3,05b7bab4beef95cc077c40c8cc949baf46a83e36cf9903f6bc97f9f5bcbe3253,detection_rate,2026091900|2026091901|2026091902|2026091903|2026091904|2026091905|2026091906|2026091907|2026091908|2026091909|2026091910|2026091911|2026091912|2026091913|2026091914|2026091915|2026091916|2026091917|2026091918|2026091919,20,20,0,0.0,0.564595235,0.5643307333333333
missingness_strong_fraction0p15_n3000,missingness,missingness,strong,3000,0.0,0.15,drift,age,js,False,509c56e4630c19b10684cda4fdeed3d2d60e7dc3,05b7bab4beef95cc077c40c8cc949baf46a83e36cf9903f6bc97f9f5bcbe3253,non_target_alert_rate,2026091900|2026091901|2026091902|2026091903|2026091904|2026091905|2026091906|2026091907|2026091908|2026091909|2026091910|2026091911|2026091912|2026091913|2026091914|2026091915|2026091916|2026091917|2026091918|2026091919,20,20,0,0.0,0.000828077560848835,0.0007868214199912456
missingness_strong_fraction0p15_n3000,missingness,missingness,strong,3000,0.0,0.15,drift,age,ks,False,509c56e4630c19b10684cda4fdeed3d2d60e7dc3,05b7bab4beef95cc077c40c8cc949baf46a83e36cf9903f6bc97f9f5bcbe3253,non_target_alert_rate,2026091900|2026091901|2026091902|2026091903|2026091904|2026091905|2026091906|2026091907|2026091908|2026091909|2026091910|2026091911|2026091912|2026091913|2026091914|2026091915|2026091916|2026091917|2026091918|2026091919,20,20,0,0.0,0.016439999999999996,0.01563333333333329
missingness_strong_fraction0p15_n3000,missingness,missingness,strong,3000,0.0,0.15,drift,age,psi,False,509c56e4630c19b10684cda4fdeed3d2d60e7dc3,05b7bab4beef95cc077c40c8cc949baf46a83e36cf9903f6bc97f9f5bcbe3253,non_target_alert_rate,2026091900|2026091901|2026091902|2026091903|2026091904|2026091905|2026091906|2026091907|2026091908|2026091909|2026091910|2026091911|2026091912|2026091913|2026091914|2026091915|2026091916|2026091917|2026091918|2026091919,20,20,0,0.0,0.004594795767509158,0.004364898121808758
missingness_strong_fraction0p15_n3000,missingness,missingness,strong,3000,0.0,0.15,drift,age,wasserstein,False,509c56e4630c19b10684cda4fdeed3d2d60e7dc3,05b7bab4beef95cc077c40c8cc949baf46a83e36cf9903f6bc97f9f5bcbe3253,non_target_alert_rate,2026091900|2026091901|2026091902|2026091903|2026091904|2026091905|2026091906|2026091907|2026091908|2026091909|2026091910|2026091911|2026091912|2026091913|2026091914|2026091915|2026091916|2026091917|2026091918|2026091919,20,20,0,0.0,0.33586333333333335,0.2929333333333333
missingness_strong_fraction0p15_n3000,missingness,missingness,strong,3000,0.0,0.15,drift,income,js,False,509c56e4630c19b10684cda4fdeed3d2d60e7dc3,05b7bab4beef95cc077c40c8cc949baf46a83e36cf9903f6bc97f9f5bcbe3253,non_target_alert_rate,2026091900|2026091901|2026091902|2026091903|2026091904|2026091905|2026091906|2026091907|2026091908|2026091909|2026091910|2026091911|2026091912|2026091913|2026091914|2026091915|2026091916|2026091917|2026091918|2026091919,20,20,0,0.0,0.0009032252451986883,0.0008462409862180232
missingness_strong_fraction0p15_n3000,missingness,missingness,strong,3000,0.0,0.15,drift,income,ks,False,509c56e4630c19b10684cda4fdeed3d2d60e7dc3,05b7bab4beef95cc077c40c8cc949baf46a83e36cf9903f6bc97f9f5bcbe3253,non_target_alert_rate,2026091900|2026091901|2026091902|2026091903|2026091904|2026091905|2026091906|2026091907|2026091908|2026091909|2026091910|2026091911|2026091912|2026091913|2026091914|2026091915|2026091916|2026091917|2026091918|2026091919,20,20,1,0.05,0.022451180472188866,0.020172068827530983
missingness_strong_fraction0p15_n3000,missingness,missingness,strong,3000,0.0,0.15,drift,income,psi,False,509c56e4630c19b10684cda4fdeed3d2d60e7dc3,05b7bab4beef95cc077c40c8cc949baf46a83e36cf9903f6bc97f9f5bcbe3253,non_target_alert_rate,2026091900|2026091901|2026091902|2026091903|2026091904|2026091905|2026091906|2026091907|2026091908|2026091909|2026091910|2026091911|2026091912|2026091913|2026091914|2026091915|2026091916|2026091917|2026091918|2026091919,20,20,0,0.0,0.005012783645721308,0.004695315429007125
missingness_strong_fraction0p15_n3000,missingness,missingness,strong,3000,0.0,0.15,drift,income,wasserstein,False,509c56e4630c19b10684cda4fdeed3d2d60e7dc3,05b7bab4beef95cc077c40c8cc949baf46a83e36cf9903f6bc97f9f5bcbe3253,non_target_alert_rate,2026091900|2026091901|2026091902|2026091903|2026091904|2026091905|2026091906|2026091907|2026091908|2026091909|2026091910|2026091911|2026091912|2026091913|2026091914|2026091915|2026091916|2026091917|2026091918|2026091919,20,0,0,,2079.4501281712683,1713.4503131252463
missingness_strong_fraction0p15_n3000,missingness,missingness,strong,3000,0.0,0.15,drift,region,chi2,False,509c56e4630c19b10684cda4fdeed3d2d60e7dc3,05b7bab4beef95cc077c40c8cc949baf46a83e36cf9903f6bc97f9f5bcbe3253,non_target_alert_rate,2026091900|2026091901|2026091902|2026091903|2026091904|2026091905|2026091906|2026091907|2026091908|2026091909|2026091910|2026091911|2026091912|2026091913|2026091914|2026091915|2026091916|2026091917|2026091918|2026091919,20,20,0,0.0,3.5921559063188924,3.8250271666249747
missingness_strong_fraction0p15_n3000,missingness,missingness,strong,3000,0.0,0.15,drift,region,js,False,509c56e4630c19b10684cda4fdeed3d2d60e7dc3,05b7bab4beef95cc077c40c8cc949baf46a83e36cf9903f6bc97f9f5bcbe3253,non_target_alert_rate,2026091900|2026091901|2026091902|2026091903|2026091904|2026091905|2026091906|2026091907|2026091908|2026091909|2026091910|2026091911|2026091912|2026091913|2026091914|2026091915|2026091916|2026091917|2026091918|2026091919,20,20,0,0.0,0.0003454298659140701,0.0003686092678177425
missingness_strong_fraction0p15_n3000,missingness,missingness,strong,3000,0.0,0.15,drift,region,psi,False,509c56e4630c19b10684cda4fdeed3d2d60e7dc3,05b7bab4beef95cc077c40c8cc949baf46a83e36cf9903f6bc97f9f5bcbe3253,non_target_alert_rate,2026091900|2026091901|2026091902|2026091903|2026091904|2026091905|2026091906|2026091907|2026091908|2026091909|2026091910|2026091911|2026091912|2026091913|2026091914|2026091915|2026091916|2026091917|2026091918|2026091919,20,20,0,0.0,0.0019158925039105775,0.002044319644251615
missingness_strong_fraction0p15_n3000,missingness,missingness,strong,3000,0.0,0.15,quality,age,current_infinite_count,False,509c56e4630c19b10684cda4fdeed3d2d60e7dc3,05b7bab4beef95cc077c40c8cc949baf46a83e36cf9903f6bc97f9f5bcbe3253,non_target_alert_rate,2026091900|2026091901|2026091902|2026091903|2026091904|2026091905|2026091906|2026091907|2026091908|2026091909|2026091910|2026091911|2026091912|2026091913|2026091914|2026091915|2026091916|2026091917|2026091918|2026091919,20,20,0,0.0,0.0,0.0
missingness_strong_fraction0p15_n3000,missingness,missingness,strong,3000,0.0,0.15,quality,age,current_max,False,509c56e4630c19b10684cda4fdeed3d2d60e7dc3,05b7bab4beef95cc077c40c8cc949baf46a83e36cf9903f6bc97f9f5bcbe3253,non_target_alert_rate,2026091900|2026091901|2026091902|2026091903|2026091904|2026091905|2026091906|2026091907|2026091908|2026091909|2026091910|2026091911|2026091912|2026091913|2026091914|2026091915|2026091916|2026091917|2026091918|2026091919,20,20,0,0.0,84.95,83.5
missingness_strong_fraction0p15_n3000,missingness,missingness,strong,3000,0.0,0.15,quality,age,current_min,False,509c56e4630c19b10684cda4fdeed3d2d60e7dc3,05b7bab4beef95cc077c40c8cc949baf46a83e36cf9903f6bc97f9f5bcbe3253,non_target_alert_rate,2026091900|2026091901|2026091902|2026091903|2026091904|2026091905|2026091906|2026091907|2026091908|2026091909|2026091910|2026091911|2026091912|2026091913|2026091914|2026091915|2026091916|2026091917|2026091918|2026091919,20,20,0,0.0,18.0,18.0
missingness_strong_fraction0p15_n3000,missingness,missingness,strong,3000,0.0,0.15,quality,age,current_missing_fraction,False,509c56e4630c19b10684cda4fdeed3d2d60e7dc3,05b7bab4beef95cc077c40c8cc949baf46a83e36cf9903f6bc97f9f5bcbe3253,non_target_alert_rate,2026091900|2026091901|2026091902|2026091903|2026091904|2026091905|2026091906|2026091907|2026091908|2026091909|2026091910|2026091911|2026091912|2026091913|2026091914|2026091915|2026091916|2026091917|2026091918|2026091919,20,20,0,0.0,0.0,0.0
missingness_strong_fraction0p15_n3000,missingness,missingness,strong,3000,0.0,0.15,quality,age,missing_increase_pp,False,509c56e4630c19b10684cda4fdeed3d2d60e7dc3,05b7bab4beef95cc077c40c8cc949baf46a83e36cf9903f6bc97f9f5bcbe3253,non_target_alert_rate,2026091900|2026091901|2026091902|2026091903|2026091904|2026091905|2026091906|2026091907|2026091908|2026091909|2026091910|2026091911|2026091912|2026091913|2026091914|2026091915|2026091916|2026091917|2026091918|2026091919,20,20,0,0.0,0.0,0.0
missingness_strong_fraction0p15_n3000,missingness,missingness,strong,3000,0.0,0.15,quality,age,reference_infinite_count,False,509c56e4630c19b10684cda4fdeed3d2d60e7dc3,05b7bab4beef95cc077c40c8cc949baf46a83e36cf9903f6bc97f9f5bcbe3253,non_target_alert_rate,2026091900|2026091901|2026091902|2026091903|2026091904|2026091905|2026091906|2026091907|2026091908|2026091909|2026091910|2026091911|2026091912|2026091913|2026091914|2026091915|2026091916|2026091917|2026091918|2026091919,20,20,0,0.0,0.0,0.0
missingness_strong_fraction0p15_n3000,missingness,missingness,strong,3000,0.0,0.15,quality,age,reference_max,False,509c56e4630c19b10684cda4fdeed3d2d60e7dc3,05b7bab4beef95cc077c40c8cc949baf46a83e36cf9903f6bc97f9f5bcbe3253,non_target_alert_rate,2026091900|2026091901|2026091902|2026091903|2026091904|2026091905|2026091906|2026091907|2026091908|2026091909|2026091910|2026091911|2026091912|2026091913|2026091914|2026091915|2026091916|2026091917|2026091918|2026091919,20,20,0,0.0,86.6,86.5
missingness_strong_fraction0p15_n3000,missingness,missingness,strong,3000,0.0,0.15,quality,age,reference_min,False,509c56e4630c19b10684cda4fdeed3d2d60e7dc3,05b7bab4beef95cc077c40c8cc949baf46a83e36cf9903f6bc97f9f5bcbe3253,non_target_alert_rate,2026091900|2026091901|2026091902|2026091903|2026091904|2026091905|2026091906|2026091907|2026091908|2026091909|2026091910|2026091911|2026091912|2026091913|2026091914|2026091915|2026091916|2026091917|2026091918|2026091919,20,20,0,0.0,18.0,18.0
missingness_strong_fraction0p15_n3000,missingness,missingness,strong,3000,0.0,0.15,quality,age,reference_missing_fraction,False,509c56e4630c19b10684cda4fdeed3d2d60e7dc3,05b7bab4beef95cc077c40c8cc949baf46a83e36cf9903f6bc97f9f5bcbe3253,non_target_alert_rate,2026091900|2026091901|2026091902|2026091903|2026091904|2026091905|2026091906|2026091907|2026091908|2026091909|2026091910|2026091911|2026091912|2026091913|2026091914|2026091915|2026091916|2026091917|2026091918|2026091919,20,20,0,0.0,0.0,0.0
missingness_strong_fraction0p15_n3000,missingness,missingness,strong,3000,0.0,0.15,quality,income,current_infinite_count,False,509c56e4630c19b10684cda4fdeed3d2d60e7dc3,05b7bab4beef95cc077c40c8cc949baf46a83e36cf9903f6bc97f9f5bcbe3253,non_target_alert_rate,2026091900|2026091901|2026091902|2026091903|2026091904|2026091905|2026091906|2026091907|2026091908|2026091909|2026091910|2026091911|2026091912|2026091913|2026091914|2026091915|2026091916|2026091917|2026091918|2026091919,20,20,0,0.0,0.0,0.0
missingness_strong_fraction0p15_n3000,missingness,missingness,strong,3000,0.0,0.15,quality,income,current_max,False,509c56e4630c19b10684cda4fdeed3d2d60e7dc3,05b7bab4beef95cc077c40c8cc949baf46a83e36cf9903f6bc97f9f5bcbe3253,non_target_alert_rate,2026091900|2026091901|2026091902|2026091903|2026091904|2026091905|2026091906|2026091907|2026091908|2026091909|2026091910|2026091911|2026091912|2026091913|2026091914|2026091915|2026091916|2026091917|2026091918|2026091919,20,20,0,0.0,562878.2685,556292.44
missingness_strong_fraction0p15_n3000,missingness,missingness,strong,3000,0.0,0.15,quality,income,current_min,False,509c56e4630c19b10684cda4fdeed3d2d60e7dc3,05b7bab4beef95cc077c40c8cc949baf46a83e36cf9903f6bc97f9f5bcbe3253,non_target_alert_rate,2026091900|2026091901|2026091902|2026091903|2026091904|2026091905|2026091906|2026091907|2026091908|2026091909|2026091910|2026091911|2026091912|2026091913|2026091914|2026091915|2026091916|2026091917|2026091918|2026091919,20,20,0,0.0,12339.719000000001,12674.295
missingness_strong_fraction0p15_n3000,missingness,missingness,strong,3000,0.0,0.15,quality,income,current_missing_fraction,True,509c56e4630c19b10684cda4fdeed3d2d60e7dc3,05b7bab4beef95cc077c40c8cc949baf46a83e36cf9903f6bc97f9f5bcbe3253,detection_rate,2026091900|2026091901|2026091902|2026091903|2026091904|2026091905|2026091906|2026091907|2026091908|2026091909|2026091910|2026091911|2026091912|2026091913|2026091914|2026091915|2026091916|2026091917|2026091918|2026091919,20,20,20,1.0,0.14999999999999997,0.15
missingness_strong_fraction0p15_n3000,missingness,missingness,strong,3000,0.0,0.15,quality,income,missing_increase_pp,True,509c56e4630c19b10684cda4fdeed3d2d60e7dc3,05b7bab4beef95cc077c40c8cc949baf46a83e36cf9903f6bc97f9f5bcbe3253,detection_rate,2026091900|2026091901|2026091902|2026091903|2026091904|2026091905|2026091906|2026091907|2026091908|2026091909|2026091910|2026091911|2026091912|2026091913|2026091914|2026091915|2026091916|2026091917|2026091918|2026091919,20,20,20,1.0,13.0,13.0
missingness_strong_fraction0p15_n3000,missingness,missingness,strong,3000,0.0,0.15,quality,income,reference_infinite_count,False,509c56e4630c19b10684cda4fdeed3d2d60e7dc3,05b7bab4beef95cc077c40c8cc949baf46a83e36cf9903f6bc97f9f5bcbe3253,non_target_alert_rate,2026091900|2026091901|2026091902|2026091903|2026091904|2026091905|2026091906|2026091907|2026091908|2026091909|2026091910|2026091911|2026091912|2026091913|2026091914|2026091915|2026091916|2026091917|2026091918|2026091919,20,20,0,0.0,0.0,0.0
missingness_strong_fraction0p15_n3000,missingness,missingness,strong,3000,0.0,0.15,quality,income,reference_max,False,509c56e4630c19b10684cda4fdeed3d2d60e7dc3,05b7bab4beef95cc077c40c8cc949baf46a83e36cf9903f6bc97f9f5bcbe3253,non_target_alert_rate,2026091900|2026091901|2026091902|2026091903|2026091904|2026091905|2026091906|2026091907|2026091908|2026091909|2026091910|2026091911|2026091912|2026091913|2026091914|2026091915|2026091916|2026091917|2026091918|2026091919,20,20,0,0.0,619557.1195,611724.875
missingness_strong_fraction0p15_n3000,missingness,missingness,strong,3000,0.0,0.15,quality,income,reference_min,False,509c56e4630c19b10684cda4fdeed3d2d60e7dc3,05b7bab4beef95cc077c40c8cc949baf46a83e36cf9903f6bc97f9f5bcbe3253,non_target_alert_rate,2026091900|2026091901|2026091902|2026091903|2026091904|2026091905|2026091906|2026091907|2026091908|2026091909|2026091910|2026091911|2026091912|2026091913|2026091914|2026091915|2026091916|2026091917|2026091918|2026091919,20,20,0,0.0,10934.159000000001,11033.564999999999
missingness_strong_fraction0p15_n3000,missingness,missingness,strong,3000,0.0,0.15,quality,income,reference_missing_fraction,False,509c56e4630c19b10684cda4fdeed3d2d60e7dc3,05b7bab4beef95cc077c40c8cc949baf46a83e36cf9903f6bc97f9f5bcbe3253,non_target_alert_rate,2026091900|2026091901|2026091902|2026091903|2026091904|2026091905|2026091906|2026091907|2026091908|2026091909|2026091910|2026091911|2026091912|2026091913|2026091914|2026091915|2026091916|2026091917|2026091918|2026091919,20,20,0,0.0,0.020000000000000004,0.02
missingness_strong_fraction0p15_n3000,missingness,missingness,strong,3000,0.0,0.15,quality,region,current_missing_fraction,False,509c56e4630c19b10684cda4fdeed3d2d60e7dc3,05b7bab4beef95cc077c40c8cc949baf46a83e36cf9903f6bc97f9f5bcbe3253,non_target_alert_rate,2026091900|2026091901|2026091902|2026091903|2026091904|2026091905|2026091906|2026091907|2026091908|2026091909|2026091910|2026091911|2026091912|2026091913|2026091914|2026091915|2026091916|2026091917|2026091918|2026091919,20,20,0,0.0,0.0,0.0
missingness_strong_fraction0p15_n3000,missingness,missingness,strong,3000,0.0,0.15,quality,region,missing_increase_pp,False,509c56e4630c19b10684cda4fdeed3d2d60e7dc3,05b7bab4beef95cc077c40c8cc949baf46a83e36cf9903f6bc97f9f5bcbe3253,non_target_alert_rate,2026091900|2026091901|2026091902|2026091903|2026091904|2026091905|2026091906|2026091907|2026091908|2026091909|2026091910|2026091911|2026091912|2026091913|2026091914|2026091915|2026091916|2026091917|2026091918|2026091919,20,20,0,0.0,0.0,0.0
missingness_strong_fraction0p15_n3000,missingness,missingness,strong,3000,0.0,0.15,quality,region,reference_missing_fraction,False,509c56e4630c19b10684cda4fdeed3d2d60e7dc3,05b7bab4beef95cc077c40c8cc949baf46a83e36cf9903f6bc97f9f5bcbe3253,non_target_alert_rate,2026091900|2026091901|2026091902|2026091903|2026091904|2026091905|2026091906|2026091907|2026091908|2026091909|2026091910|2026091911|2026091912|2026091913|2026091914|2026091915|2026091916|2026091917|2026091918|2026091919,20,20,0,0.0,0.0,0.0
missingness_strong_fraction0p15_n3000,missingness,missingness,strong,3000,0.0,0.15,quality,,current_duplicate_fraction,False,509c56e4630c19b10684cda4fdeed3d2d60e7dc3,05b7bab4beef95cc077c40c8cc949baf46a83e36cf9903f6bc97f9f5bcbe3253,non_target_alert_rate,2026091900|2026091901|2026091902|2026091903|2026091904|2026091905|2026091906|2026091907|2026091908|2026091909|2026091910|2026091911|2026091912|2026091913|2026091914|2026091915|2026091916|2026091917|2026091918|2026091919,20,20,20,1.0,0.08561666666666666,0.08566666666666667
missingness_strong_fraction0p15_n3000,missingness,missingness,strong,3000,0.0,0.15,quality,,reference_duplicate_fraction,False,509c56e4630c19b10684cda4fdeed3d2d60e7dc3,05b7bab4beef95cc077c40c8cc949baf46a83e36cf9903f6bc97f9f5bcbe3253,non_target_alert_rate,2026091900|2026091901|2026091902|2026091903|2026091904|2026091905|2026091906|2026091907|2026091908|2026091909|2026091910|2026091911|2026091912|2026091913|2026091914|2026091915|2026091916|2026091917|2026091918|2026091919,20,20,0,0.0,0.004259999999999999,0.0042
missingness_strong_fraction0p15_n500,missingness,missingness,strong,500,0.0,0.15,adversarial,,roc_auc,True,509c56e4630c19b10684cda4fdeed3d2d60e7dc3,05b7bab4beef95cc077c40c8cc949baf46a83e36cf9903f6bc97f9f5bcbe3253,detection_rate,2026091900|2026091901|2026091902|2026091903|2026091904|2026091905|2026091906|2026091907|2026091908|2026091909|2026091910|2026091911|2026091912|2026091913|2026091914|2026091915|2026091916|2026091917|2026091918|2026091919,20,20,0,0.0,0.55629822,0.5524977
missingness_strong_fraction0p15_n500,missingness,missingness,strong,500,0.0,0.15,drift,age,js,False,509c56e4630c19b10684cda4fdeed3d2d60e7dc3,05b7bab4beef95cc077c40c8cc949baf46a83e36cf9903f6bc97f9f5bcbe3253,non_target_alert_rate,2026091900|2026091901|2026091902|2026091903|2026091904|2026091905|2026091906|2026091907|2026091908|2026091909|2026091910|2026091911|2026091912|2026091913|2026091914|2026091915|2026091916|2026091917|2026091918|2026091919,20,20,0,0.0,0.0034443352479745426,0.003030591434741451
missingness_strong_fraction0p15_n500,missingness,missingness,strong,500,0.0,0.15,drift,age,ks,False,509c56e4630c19b10684cda4fdeed3d2d60e7dc3,05b7bab4beef95cc077c40c8cc949baf46a83e36cf9903f6bc97f9f5bcbe3253,non_target_alert_rate,2026091900|2026091901|2026091902|2026091903|2026091904|2026091905|2026091906|2026091907|2026091908|2026091909|2026091910|2026091911|2026091912|2026091913|2026091914|2026091915|2026091916|2026091917|2026091918|2026091919,20,20,0,0.0,0.03266,0.03390000000000001
missingness_strong_fraction0p15_n500,missingness,missingness,strong,500,0.0,0.15,drift,age,psi,False,509c56e4630c19b10684cda4fdeed3d2d60e7dc3,05b7bab4beef95cc077c40c8cc949baf46a83e36cf9903f6bc97f9f5bcbe3253,non_target_alert_rate,2026091900|2026091901|2026091902|2026091903|2026091904|2026091905|2026091906|2026091907|2026091908|2026091909|2026091910|2026091911|2026091912|2026091913|2026091914|2026091915|2026091916|2026091917|2026091918|2026091919,20,20,0,0.0,0.019146684544178443,0.016826852551802024
missingness_strong_fraction0p15_n500,missingness,missingness,strong,500,0.0,0.15,drift,age,wasserstein,False,509c56e4630c19b10684cda4fdeed3d2d60e7dc3,05b7bab4beef95cc077c40c8cc949baf46a83e36cf9903f6bc97f9f5bcbe3253,non_target_alert_rate,2026091900|2026091901|2026091902|2026091903|2026091904|2026091905|2026091906|2026091907|2026091908|2026091909|2026091910|2026091911|2026091912|2026091913|2026091914|2026091915|2026091916|2026091917|2026091918|2026091919,20,20,0,0.0,0.60104,0.5980000000000001
missingness_strong_fraction0p15_n500,missingness,missingness,strong,500,0.0,0.15,drift,income,js,False,509c56e4630c19b10684cda4fdeed3d2d60e7dc3,05b7bab4beef95cc077c40c8cc949baf46a83e36cf9903f6bc97f9f5bcbe3253,non_target_alert_rate,2026091900|2026091901|2026091902|2026091903|2026091904|2026091905|2026091906|2026091907|2026091908|2026091909|2026091910|2026091911|2026091912|2026091913|2026091914|2026091915|2026091916|2026091917|2026091918|2026091919,20,20,0,0.0,0.0032494712231057273,0.0026352820735645746
missingness_strong_fraction0p15_n500,missingness,missingness,strong,500,0.0,0.15,drift,income,ks,False,509c56e4630c19b10684cda4fdeed3d2d60e7dc3,05b7bab4beef95cc077c40c8cc949baf46a83e36cf9903f6bc97f9f5bcbe3253,non_target_alert_rate,2026091900|2026091901|2026091902|2026091903|2026091904|2026091905|2026091906|2026091907|2026091908|2026091909|2026091910|2026091911|2026091912|2026091913|2026091914|2026091915|2026091916|2026091917|2026091918|2026091919,20,20,0,0.0,0.03843997599039617,0.0352701080432172
missingness_strong_fraction0p15_n500,missingness,missingness,strong,500,0.0,0.15,drift,income,psi,False,509c56e4630c19b10684cda4fdeed3d2d60e7dc3,05b7bab4beef95cc077c40c8cc949baf46a83e36cf9903f6bc97f9f5bcbe3253,non_target_alert_rate,2026091900|2026091901|2026091902|2026091903|2026091904|2026091905|2026091906|2026091907|2026091908|2026091909|2026091910|2026091911|2026091912|2026091913|2026091914|2026091915|2026091916|2026091917|2026091918|2026091919,20,20,0,0.0,0.018060873899338487,0.014635177677608895
missingness_strong_fraction0p15_n500,missingness,missingness,strong,500,0.0,0.15,drift,income,wasserstein,False,509c56e4630c19b10684cda4fdeed3d2d60e7dc3,05b7bab4beef95cc077c40c8cc949baf46a83e36cf9903f6bc97f9f5bcbe3253,non_target_alert_rate,2026091900|2026091901|2026091902|2026091903|2026091904|2026091905|2026091906|2026091907|2026091908|2026091909|2026091910|2026091911|2026091912|2026091913|2026091914|2026091915|2026091916|2026091917|2026091918|2026091919,20,0,0,,3467.4658239135633,3138.1159031812685
missingness_strong_fraction0p15_n500,missingness,missingness,strong,500,0.0,0.15,drift,region,chi2,False,509c56e4630c19b10684cda4fdeed3d2d60e7dc3,05b7bab4beef95cc077c40c8cc949baf46a83e36cf9903f6bc97f9f5bcbe3253,non_target_alert_rate,2026091900|2026091901|2026091902|2026091903|2026091904|2026091905|2026091906|2026091907|2026091908|2026091909|2026091910|2026091911|2026091912|2026091913|2026091914|2026091915|2026091916|2026091917|2026091918|2026091919,20,20,0,0.0,3.305730494459765,2.9736838097361407
missingness_strong_fraction0p15_n500,missingness,missingness,strong,500,0.0,0.15,drift,region,js,False,509c56e4630c19b10684cda4fdeed3d2d60e7dc3,05b7bab4beef95cc077c40c8cc949baf46a83e36cf9903f6bc97f9f5bcbe3253,non_target_alert_rate,2026091900|2026091901|2026091902|2026091903|2026091904|2026091905|2026091906|2026091907|2026091908|2026091909|2026091910|2026091911|2026091912|2026091913|2026091914|2026091915|2026091916|2026091917|2026091918|2026091919,20,20,0,0.0,0.0013211464980250223,0.0011756629666075898
missingness_strong_fraction0p15_n500,missingness,missingness,strong,500,0.0,0.15,drift,region,psi,False,509c56e4630c19b10684cda4fdeed3d2d60e7dc3,05b7bab4beef95cc077c40c8cc949baf46a83e36cf9903f6bc97f9f5bcbe3253,non_target_alert_rate,2026091900|2026091901|2026091902|2026091903|2026091904|2026091905|2026091906|2026091907|2026091908|2026091909|2026091910|2026091911|2026091912|2026091913|2026091914|2026091915|2026091916|2026091917|2026091918|2026091919,20,20,0,0.0,0.007331876028945081,0.00652210825749337
missingness_strong_fraction0p15_n500,missingness,missingness,strong,500,0.0,0.15,quality,age,current_infinite_count,False,509c56e4630c19b10684cda4fdeed3d2d60e7dc3,05b7bab4beef95cc077c40c8cc949baf46a83e36cf9903f6bc97f9f5bcbe3253,non_target_alert_rate,2026091900|2026091901|2026091902|2026091903|2026091904|2026091905|2026091906|2026091907|2026091908|2026091909|2026091910|2026091911|2026091912|2026091913|2026091914|2026091915|2026091916|2026091917|2026091918|2026091919,20,20,0,0.0,0.0,0.0
missingness_strong_fraction0p15_n500,missingness,missingness,strong,500,0.0,0.15,quality,age,current_max,False,509c56e4630c19b10684cda4fdeed3d2d60e7dc3,05b7bab4beef95cc077c40c8cc949baf46a83e36cf9903f6bc97f9f5bcbe3253,non_target_alert_rate,2026091900|2026091901|2026091902|2026091903|2026091904|2026091905|2026091906|2026091907|2026091908|2026091909|2026091910|2026091911|2026091912|2026091913|2026091914|2026091915|2026091916|2026091917|2026091918|2026091919,20,20,0,0.0,78.5,77.0
missingness_strong_fraction0p15_n500,missingness,missingness,strong,500,0.0,0.15,quality,age,current_min,False,509c56e4630c19b10684cda4fdeed3d2d60e7dc3,05b7bab4beef95cc077c40c8cc949baf46a83e36cf9903f6bc97f9f5bcbe3253,non_target_alert_rate,2026091900|2026091901|2026091902|2026091903|2026091904|2026091905|2026091906|2026091907|2026091908|2026091909|2026091910|2026091911|2026091912|2026091913|2026091914|2026091915|2026091916|2026091917|2026091918|2026091919,20,20,0,0.0,18.0,18.0
missingness_strong_fraction0p15_n500,missingness,missingness,strong,500,0.0,0.15,quality,age,current_missing_fraction,False,509c56e4630c19b10684cda4fdeed3d2d60e7dc3,05b7bab4beef95cc077c40c8cc949baf46a83e36cf9903f6bc97f9f5bcbe3253,non_target_alert_rate,2026091900|2026091901|2026091902|2026091903|2026091904|2026091905|2026091906|2026091907|2026091908|2026091909|2026091910|2026091911|2026091912|2026091913|2026091914|2026091915|2026091916|2026091917|2026091918|2026091919,20,20,0,0.0,0.0,0.0
missingness_strong_fraction0p15_n500,missingness,missingness,strong,500,0.0,0.15,quality,age,missing_increase_pp,False,509c56e4630c19b10684cda4fdeed3d2d60e7dc3,05b7bab4beef95cc077c40c8cc949baf46a83e36cf9903f6bc97f9f5bcbe3253,non_target_alert_rate,2026091900|2026091901|2026091902|2026091903|2026091904|2026091905|2026091906|2026091907|2026091908|2026091909|2026091910|2026091911|2026091912|2026091913|2026091914|2026091915|2026091916|2026091917|2026091918|2026091919,20,20,0,0.0,0.0,0.0
missingness_strong_fraction0p15_n500,missingness,missingness,strong,500,0.0,0.15,quality,age,reference_infinite_count,False,509c56e4630c19b10684cda4fdeed3d2d60e7dc3,05b7bab4beef95cc077c40c8cc949baf46a83e36cf9903f6bc97f9f5bcbe3253,non_target_alert_rate,2026091900|2026091901|2026091902|2026091903|2026091904|2026091905|2026091906|2026091907|2026091908|2026091909|2026091910|2026091911|2026091912|2026091913|2026091914|2026091915|2026091916|2026091917|2026091918|2026091919,20,20,0,0.0,0.0,0.0
missingness_strong_fraction0p15_n500,missingness,missingness,strong,500,0.0,0.15,quality,age,reference_max,False,509c56e4630c19b10684cda4fdeed3d2d60e7dc3,05b7bab4beef95cc077c40c8cc949baf46a83e36cf9903f6bc97f9f5bcbe3253,non_target_alert_rate,2026091900|2026091901|2026091902|2026091903|2026091904|2026091905|2026091906|2026091907|2026091908|2026091909|2026091910|2026091911|2026091912|2026091913|2026091914|2026091915|2026091916|2026091917|2026091918|2026091919,20,20,0,0.0,86.6,86.5
missingness_strong_fraction0p15_n500,missingness,missingness,strong,500,0.0,0.15,quality,age,reference_min,False,509c56e4630c19b10684cda4fdeed3d2d60e7dc3,05b7bab4beef95cc077c40c8cc949baf46a83e36cf9903f6bc97f9f5bcbe3253,non_target_alert_rate,2026091900|2026091901|2026091902|2026091903|2026091904|2026091905|2026091906|2026091907|2026091908|2026091909|2026091910|2026091911|2026091912|2026091913|2026091914|2026091915|2026091916|2026091917|2026091918|2026091919,20,20,0,0.0,18.0,18.0
missingness_strong_fraction0p15_n500,missingness,missingness,strong,500,0.0,0.15,quality,age,reference_missing_fraction,False,509c56e4630c19b10684cda4fdeed3d2d60e7dc3,05b7bab4beef95cc077c40c8cc949baf46a83e36cf9903f6bc97f9f5bcbe3253,non_target_alert_rate,2026091900|2026091901|2026091902|2026091903|2026091904|2026091905|2026091906|2026091907|2026091908|2026091909|2026091910|2026091911|2026091912|2026091913|2026091914|2026091915|2026091916|2026091917|2026091918|2026091919,20,20,0,0.0,0.0,0.0
missingness_strong_fraction0p15_n500,missingness,missingness,strong,500,0.0,0.15,quality,income,current_infinite_count,False,509c56e4630c19b10684cda4fdeed3d2d60e7dc3,05b7bab4beef95cc077c40c8cc949baf46a83e36cf9903f6bc97f9f5bcbe3253,non_target_alert_rate,2026091900|2026091901|2026091902|2026091903|2026091904|2026091905|2026091906|2026091907|2026091908|2026091909|2026091910|2026091911|2026091912|2026091913|2026091914|2026091915|2026091916|2026091917|2026091918|2026091919,20,20,0,0.0,0.0,0.0
missingness_strong_fraction0p15_n500,missingness,missingness,strong,500,0.0,0.15,quality,income,current_max,False,509c56e4630c19b10684cda4fdeed3d2d60e7dc3,05b7bab4beef95cc077c40c8cc949baf46a83e36cf9903f6bc97f9f5bcbe3253,non_target_alert_rate,2026091900|2026091901|2026091902|2026091903|2026091904|2026091905|2026091906|2026091907|2026091908|2026091909|2026091910|2026091911|2026091912|2026091913|2026091914|2026091915|2026091916|2026091917|2026091918|2026091919,20,20,0,0.0,501542.63999999996,497485.16000000003
missingness_strong_fraction0p15_n500,missingness,missingness,strong,500,0.0,0.15,quality,income,current_min,False,509c56e4630c19b10684cda4fdeed3d2d60e7dc3,05b7bab4beef95cc077c40c8cc949baf46a83e36cf9903f6bc97f9f5bcbe3253,non_target_alert_rate,2026091900|2026091901|2026091902|2026091903|2026091904|2026091905|2026091906|2026091907|2026091908|2026091909|2026091910|2026091911|2026091912|2026091913|2026091914|2026091915|2026091916|2026091917|2026091918|2026091919,20,20,0,0.0,15569.347999999998,15855.634999999998
missingness_strong_fraction0p15_n500,missingness,missingness,strong,500,0.0,0.15,quality,income,current_missing_fraction,True,509c56e4630c19b10684cda4fdeed3d2d60e7dc3,05b7bab4beef95cc077c40c8cc949baf46a83e36cf9903f6bc97f9f5bcbe3253,detection_rate,2026091900|2026091901|2026091902|2026091903|2026091904|2026091905|2026091906|2026091907|2026091908|2026091909|2026091910|2026091911|2026091912|2026091913|2026091914|2026091915|2026091916|2026091917|2026091918|2026091919,20,20,20,1.0,0.14999999999999997,0.15
missingness_strong_fraction0p15_n500,missingness,missingness,strong,500,0.0,0.15,quality,income,missing_increase_pp,True,509c56e4630c19b10684cda4fdeed3d2d60e7dc3,05b7bab4beef95cc077c40c8cc949baf46a83e36cf9903f6bc97f9f5bcbe3253,detection_rate,2026091900|2026091901|2026091902|2026091903|2026091904|2026091905|2026091906|2026091907|2026091908|2026091909|2026091910|2026091911|2026091912|2026091913|2026091914|2026091915|2026091916|2026091917|2026091918|2026091919,20,20,20,1.0,13.0,13.0
missingness_strong_fraction0p15_n500,missingness,missingness,strong,500,0.0,0.15,quality,income,reference_infinite_count,False,509c56e4630c19b10684cda4fdeed3d2d60e7dc3,05b7bab4beef95cc077c40c8cc949baf46a83e36cf9903f6bc97f9f5bcbe3253,non_target_alert_rate,2026091900|2026091901|2026091902|2026091903|2026091904|2026091905|2026091906|2026091907|2026091908|2026091909|2026091910|2026091911|2026091912|2026091913|2026091914|2026091915|2026091916|2026091917|2026091918|2026091919,20,20,0,0.0,0.0,0.0
missingness_strong_fraction0p15_n500,missingness,missingness,strong,500,0.0,0.15,quality,income,reference_max,False,509c56e4630c19b10684cda4fdeed3d2d60e7dc3,05b7bab4beef95cc077c40c8cc949baf46a83e36cf9903f6bc97f9f5bcbe3253,non_target_alert_rate,2026091900|2026091901|2026091902|2026091903|2026091904|2026091905|2026091906|2026091907|2026091908|2026091909|2026091910|2026091911|2026091912|2026091913|2026091914|2026091915|2026091916|2026091917|2026091918|2026091919,20,20,0,0.0,619557.1195,611724.875
missingness_strong_fraction0p15_n500,missingness,missingness,strong,500,0.0,0.15,quality,income,reference_min,False,509c56e4630c19b10684cda4fdeed3d2d60e7dc3,05b7bab4beef95cc077c40c8cc949baf46a83e36cf9903f6bc97f9f5bcbe3253,non_target_alert_rate,2026091900|2026091901|2026091902|2026091903|2026091904|2026091905|2026091906|2026091907|2026091908|2026091909|2026091910|2026091911|2026091912|2026091913|2026091914|2026091915|2026091916|2026091917|2026091918|2026091919,20,20,0,0.0,10934.159000000001,11033.564999999999
missingness_strong_fraction0p15_n500,missingness,missingness,strong,500,0.0,0.15,quality,income,reference_missing_fraction,False,509c56e4630c19b10684cda4fdeed3d2d60e7dc3,05b7bab4beef95cc077c40c8cc949baf46a83e36cf9903f6bc97f9f5bcbe3253,non_target_alert_rate,2026091900|2026091901|2026091902|2026091903|2026091904|2026091905|2026091906|2026091907|2026091908|2026091909|2026091910|2026091911|2026091912|2026091913|2026091914|2026091915|2026091916|2026091917|2026091918|2026091919,20,20,0,0.0,0.020000000000000004,0.02
missingness_strong_fraction0p15_n500,missingness,missingness,strong,500,0.0,0.15,quality,region,current_missing_fraction,False,509c56e4630c19b10684cda4fdeed3d2d60e7dc3,05b7bab4beef95cc077c40c8cc949baf46a83e36cf9903f6bc97f9f5bcbe3253,non_target_alert_rate,2026091900|2026091901|2026091902|2026091903|2026091904|2026091905|2026091906|2026091907|2026091908|2026091909|2026091910|2026091911|2026091912|2026091913|2026091914|2026091915|2026091916|2026091917|2026091918|2026091919,20,20,0,0.0,0.0,0.0
missingness_strong_fraction0p15_n500,missingness,missingness,strong,500,0.0,0.15,quality,region,missing_increase_pp,False,509c56e4630c19b10684cda4fdeed3d2d60e7dc3,05b7bab4beef95cc077c40c8cc949baf46a83e36cf9903f6bc97f9f5bcbe3253,non_target_alert_rate,2026091900|2026091901|2026091902|2026091903|2026091904|2026091905|2026091906|2026091907|2026091908|2026091909|2026091910|2026091911|2026091912|2026091913|2026091914|2026091915|2026091916|2026091917|2026091918|2026091919,20,20,0,0.0,0.0,0.0
missingness_strong_fraction0p15_n500,missingness,missingness,strong,500,0.0,0.15,quality,region,reference_missing_fraction,False,509c56e4630c19b10684cda4fdeed3d2d60e7dc3,05b7bab4beef95cc077c40c8cc949baf46a83e36cf9903f6bc97f9f5bcbe3253,non_target_alert_rate,2026091900|2026091901|2026091902|2026091903|2026091904|2026091905|2026091906|2026091907|2026091908|2026091909|2026091910|2026091911|2026091912|2026091913|2026091914|2026091915|2026091916|2026091917|2026091918|2026091919,20,20,0,0.0,0.0,0.0
missingness_strong_fraction0p15_n500,missingness,missingness,strong,500,0.0,0.15,quality,,current_duplicate_fraction,False,509c56e4630c19b10684cda4fdeed3d2d60e7dc3,05b7bab4beef95cc077c40c8cc949baf46a83e36cf9903f6bc97f9f5bcbe3253,non_target_alert_rate,2026091900|2026091901|2026091902|2026091903|2026091904|2026091905|2026091906|2026091907|2026091908|2026091909|2026091910|2026091911|2026091912|2026091913|2026091914|2026091915|2026091916|2026091917|2026091918|2026091919,20,20,20,1.0,0.024200000000000006,0.024
missingness_strong_fraction0p15_n500,missingness,missingness,strong,500,0.0,0.15,quality,,reference_duplicate_fraction,False,509c56e4630c19b10684cda4fdeed3d2d60e7dc3,05b7bab4beef95cc077c40c8cc949baf46a83e36cf9903f6bc97f9f5bcbe3253,non_target_alert_rate,2026091900|2026091901|2026091902|2026091903|2026091904|2026091905|2026091906|2026091907|2026091908|2026091909|2026091910|2026091911|2026091912|2026091913|2026091914|2026091915|2026091916|2026091917|2026091918|2026091919,20,20,0,0.0,0.004259999999999999,0.0042
missingness_weak_fraction0p04_n1200,missingness,missingness,weak,1200,0.0,0.04,adversarial,,roc_auc,True,509c56e4630c19b10684cda4fdeed3d2d60e7dc3,05b7bab4beef95cc077c40c8cc949baf46a83e36cf9903f6bc97f9f5bcbe3253,detection_rate,2026091900|2026091901|2026091902|2026091903|2026091904|2026091905|2026091906|2026091907|2026091908|2026091909|2026091910|2026091911|2026091912|2026091913|2026091914|2026091915|2026091916|2026091917|2026091918|2026091919,20,20,0,0.0,0.5025345666666667,0.5026438333333334
missingness_weak_fraction0p04_n1200,missingness,missingness,weak,1200,0.0,0.04,drift,age,js,False,509c56e4630c19b10684cda4fdeed3d2d60e7dc3,05b7bab4beef95cc077c40c8cc949baf46a83e36cf9903f6bc97f9f5bcbe3253,non_target_alert_rate,2026091900|2026091901|2026091902|2026091903|2026091904|2026091905|2026091906|2026091907|2026091908|2026091909|2026091910|2026091911|2026091912|2026091913|2026091914|2026091915|2026091916|2026091917|2026091918|2026091919,20,20,0,0.0,0.0015283154006461557,0.0014200185879160569
missingness_weak_fraction0p04_n1200,missingness,missingness,weak,1200,0.0,0.04,drift,age,ks,False,509c56e4630c19b10684cda4fdeed3d2d60e7dc3,05b7bab4beef95cc077c40c8cc949baf46a83e36cf9903f6bc97f9f5bcbe3253,non_target_alert_rate,2026091900|2026091901|2026091902|2026091903|2026091904|2026091905|2026091906|2026091907|2026091908|2026091909|2026091910|2026091911|2026091912|2026091913|2026091914|2026091915|2026091916|2026091917|2026091918|2026091919,20,20,0,0.0,0.023523333333333334,0.022650000000000003
missingness_weak_fraction0p04_n1200,missingness,missingness,weak,1200,0.0,0.04,drift,age,psi,False,509c56e4630c19b10684cda4fdeed3d2d60e7dc3,05b7bab4beef95cc077c40c8cc949baf46a83e36cf9903f6bc97f9f5bcbe3253,non_target_alert_rate,2026091900|2026091901|2026091902|2026091903|2026091904|2026091905|2026091906|2026091907|2026091908|2026091909|2026091910|2026091911|2026091912|2026091913|2026091914|2026091915|2026091916|2026091917|2026091918|2026091919,20,20,0,0.0,0.008483043368970305,0.007881196527792442
missingness_weak_fraction0p04_n1200,missingness,missingness,weak,1200,0.0,0.04,drift,age,wasserstein,False,509c56e4630c19b10684cda4fdeed3d2d60e7dc3,05b7bab4beef95cc077c40c8cc949baf46a83e36cf9903f6bc97f9f5bcbe3253,non_target_alert_rate,2026091900|2026091901|2026091902|2026091903|2026091904|2026091905|2026091906|2026091907|2026091908|2026091909|2026091910|2026091911|2026091912|2026091913|2026091914|2026091915|2026091916|2026091917|2026091918|2026091919,20,20,0,0.0,0.44882833333333344,0.43413333333333326
missingness_weak_fraction0p04_n1200,missingness,missingness,weak,1200,0.0,0.04,drift,income,js,False,509c56e4630c19b10684cda4fdeed3d2d60e7dc3,05b7bab4beef95cc077c40c8cc949baf46a83e36cf9903f6bc97f9f5bcbe3253,non_target_alert_rate,2026091900|2026091901|2026091902|2026091903|2026091904|2026091905|2026091906|2026091907|2026091908|2026091909|2026091910|2026091911|2026091912|2026091913|2026091914|2026091915|2026091916|2026091917|2026091918|2026091919,20,20,0,0.0,0.0014657244260604556,0.00134378247237369
missingness_weak_fraction0p04_n1200,missingness,missingness,weak,1200,0.0,0.04,drift,income,ks,False,509c56e4630c19b10684cda4fdeed3d2d60e7dc3,05b7bab4beef95cc077c40c8cc949baf46a83e36cf9903f6bc97f9f5bcbe3253,non_target_alert_rate,2026091900|2026091901|2026091902|2026091903|2026091904|2026091905|2026091906|2026091907|2026091908|2026091909|2026091910|2026091911|2026091912|2026091913|2026091914|2026091915|2026091916|2026091917|2026091918|2026091919,20,20,0,0.0,0.027743657879818584,0.0244501133786848
missingness_weak_fraction0p04_n1200,missingness,missingness,weak,1200,0.0,0.04,drift,income,psi,False,509c56e4630c19b10684cda4fdeed3d2d60e7dc3,05b7bab4beef95cc077c40c8cc949baf46a83e36cf9903f6bc97f9f5bcbe3253,non_target_alert_rate,2026091900|2026091901|2026091902|2026091903|2026091904|2026091905|2026091906|2026091907|2026091908|2026091909|2026091910|2026091911|2026091912|2026091913|2026091914|2026091915|2026091916|2026091917|2026091918|2026091919,20,20,0,0.0,0.008135730640189935,0.007456405414652806
missingness_weak_fraction0p04_n1200,missingness,missingness,weak,1200,0.0,0.04,drift,income,wasserstein,False,509c56e4630c19b10684cda4fdeed3d2d60e7dc3,05b7bab4beef95cc077c40c8cc949baf46a83e36cf9903f6bc97f9f5bcbe3253,non_target_alert_rate,2026091900|2026091901|2026091902|2026091903|2026091904|2026091905|2026091906|2026091907|2026091908|2026091909|2026091910|2026091911|2026091912|2026091913|2026091914|2026091915|2026091916|2026091917|2026091918|2026091919,20,0,0,,2476.731826172407,2319.2324512436253
missingness_weak_fraction0p04_n1200,missingness,missingness,weak,1200,0.0,0.04,drift,region,chi2,False,509c56e4630c19b10684cda4fdeed3d2d60e7dc3,05b7bab4beef95cc077c40c8cc949baf46a83e36cf9903f6bc97f9f5bcbe3253,non_target_alert_rate,2026091900|2026091901|2026091902|2026091903|2026091904|2026091905|2026091906|2026091907|2026091908|2026091909|2026091910|2026091911|2026091912|2026091913|2026091914|2026091915|2026091916|2026091917|2026091918|2026091919,20,20,0,0.0,3.415127384537976,2.3712465448600386
missingness_weak_fraction0p04_n1200,missingness,missingness,weak,1200,0.0,0.04,drift,region,js,False,509c56e4630c19b10684cda4fdeed3d2d60e7dc3,05b7bab4beef95cc077c40c8cc949baf46a83e36cf9903f6bc97f9f5bcbe3253,non_target_alert_rate,2026091900|2026091901|2026091902|2026091903|2026091904|2026091905|2026091906|2026091907|2026091908|2026091909|2026091910|2026091911|2026091912|2026091913|2026091914|2026091915|2026091916|2026091917|2026091918|2026091919,20,20,0,0.0,0.0006424373381341464,0.0004462545320750036
missingness_weak_fraction0p04_n1200,missingness,missingness,weak,1200,0.0,0.04,drift,region,psi,False,509c56e4630c19b10684cda4fdeed3d2d60e7dc3,05b7bab4beef95cc077c40c8cc949baf46a83e36cf9903f6bc97f9f5bcbe3253,non_target_alert_rate,2026091900|2026091901|2026091902|2026091903|2026091904|2026091905|2026091906|2026091907|2026091908|2026091909|2026091910|2026091911|2026091912|2026091913|2026091914|2026091915|2026091916|2026091917|2026091918|2026091919,20,20,0,0.0,0.0035640467574493836,0.002474975675458798
missingness_weak_fraction0p04_n1200,missingness,missingness,weak,1200,0.0,0.04,quality,age,current_infinite_count,False,509c56e4630c19b10684cda4fdeed3d2d60e7dc3,05b7bab4beef95cc077c40c8cc949baf46a83e36cf9903f6bc97f9f5bcbe3253,non_target_alert_rate,2026091900|2026091901|2026091902|2026091903|2026091904|2026091905|2026091906|2026091907|2026091908|2026091909|2026091910|2026091911|2026091912|2026091913|2026091914|2026091915|2026091916|2026091917|2026091918|2026091919,20,20,0,0.0,0.0,0.0
missingness_weak_fraction0p04_n1200,missingness,missingness,weak,1200,0.0,0.04,quality,age,current_max,False,509c56e4630c19b10684cda4fdeed3d2d60e7dc3,05b7bab4beef95cc077c40c8cc949baf46a83e36cf9903f6bc97f9f5bcbe3253,non_target_alert_rate,2026091900|2026091901|2026091902|2026091903|2026091904|2026091905|2026091906|2026091907|2026091908|2026091909|2026091910|2026091911|2026091912|2026091913|2026091914|2026091915|2026091916|2026091917|2026091918|2026091919,20,20,0,0.0,80.9,80.5
missingness_weak_fraction0p04_n1200,missingness,missingness,weak,1200,0.0,0.04,quality,age,current_min,False,509c56e4630c19b10684cda4fdeed3d2d60e7dc3,05b7bab4beef95cc077c40c8cc949baf46a83e36cf9903f6bc97f9f5bcbe3253,non_target_alert_rate,2026091900|2026091901|2026091902|2026091903|2026091904|2026091905|2026091906|2026091907|2026091908|2026091909|2026091910|2026091911|2026091912|2026091913|2026091914|2026091915|2026091916|2026091917|2026091918|2026091919,20,20,0,0.0,18.0,18.0
missingness_weak_fraction0p04_n1200,missingness,missingness,weak,1200,0.0,0.04,quality,age,current_missing_fraction,False,509c56e4630c19b10684cda4fdeed3d2d60e7dc3,05b7bab4beef95cc077c40c8cc949baf46a83e36cf9903f6bc97f9f5bcbe3253,non_target_alert_rate,2026091900|2026091901|2026091902|2026091903|2026091904|2026091905|2026091906|2026091907|2026091908|2026091909|2026091910|2026091911|2026091912|2026091913|2026091914|2026091915|2026091916|2026091917|2026091918|2026091919,20,20,0,0.0,0.0,0.0
missingness_weak_fraction0p04_n1200,missingness,missingness,weak,1200,0.0,0.04,quality,age,missing_increase_pp,False,509c56e4630c19b10684cda4fdeed3d2d60e7dc3,05b7bab4beef95cc077c40c8cc949baf46a83e36cf9903f6bc97f9f5bcbe3253,non_target_alert_rate,2026091900|2026091901|2026091902|2026091903|2026091904|2026091905|2026091906|2026091907|2026091908|2026091909|2026091910|2026091911|2026091912|2026091913|2026091914|2026091915|2026091916|2026091917|2026091918|2026091919,20,20,0,0.0,0.0,0.0
missingness_weak_fraction0p04_n1200,missingness,missingness,weak,1200,0.0,0.04,quality,age,reference_infinite_count,False,509c56e4630c19b10684cda4fdeed3d2d60e7dc3,05b7bab4beef95cc077c40c8cc949baf46a83e36cf9903f6bc97f9f5bcbe3253,non_target_alert_rate,2026091900|2026091901|2026091902|2026091903|2026091904|2026091905|2026091906|2026091907|2026091908|2026091909|2026091910|2026091911|2026091912|2026091913|2026091914|2026091915|2026091916|2026091917|2026091918|2026091919,20,20,0,0.0,0.0,0.0
missingness_weak_fraction0p04_n1200,missingness,missingness,weak,1200,0.0,0.04,quality,age,reference_max,False,509c56e4630c19b10684cda4fdeed3d2d60e7dc3,05b7bab4beef95cc077c40c8cc949baf46a83e36cf9903f6bc97f9f5bcbe3253,non_target_alert_rate,2026091900|2026091901|2026091902|2026091903|2026091904|2026091905|2026091906|2026091907|2026091908|2026091909|2026091910|2026091911|2026091912|2026091913|2026091914|2026091915|2026091916|2026091917|2026091918|2026091919,20,20,0,0.0,86.6,86.5
missingness_weak_fraction0p04_n1200,missingness,missingness,weak,1200,0.0,0.04,quality,age,reference_min,False,509c56e4630c19b10684cda4fdeed3d2d60e7dc3,05b7bab4beef95cc077c40c8cc949baf46a83e36cf9903f6bc97f9f5bcbe3253,non_target_alert_rate,2026091900|2026091901|2026091902|2026091903|2026091904|2026091905|2026091906|2026091907|2026091908|2026091909|2026091910|2026091911|2026091912|2026091913|2026091914|2026091915|2026091916|2026091917|2026091918|2026091919,20,20,0,0.0,18.0,18.0
missingness_weak_fraction0p04_n1200,missingness,missingness,weak,1200,0.0,0.04,quality,age,reference_missing_fraction,False,509c56e4630c19b10684cda4fdeed3d2d60e7dc3,05b7bab4beef95cc077c40c8cc949baf46a83e36cf9903f6bc97f9f5bcbe3253,non_target_alert_rate,2026091900|2026091901|2026091902|2026091903|2026091904|2026091905|2026091906|2026091907|2026091908|2026091909|2026091910|2026091911|2026091912|2026091913|2026091914|2026091915|2026091916|2026091917|2026091918|2026091919,20,20,0,0.0,0.0,0.0
missingness_weak_fraction0p04_n1200,missingness,missingness,weak,1200,0.0,0.04,quality,income,current_infinite_count,False,509c56e4630c19b10684cda4fdeed3d2d60e7dc3,05b7bab4beef95cc077c40c8cc949baf46a83e36cf9903f6bc97f9f5bcbe3253,non_target_alert_rate,2026091900|2026091901|2026091902|2026091903|2026091904|2026091905|2026091906|2026091907|2026091908|2026091909|2026091910|2026091911|2026091912|2026091913|2026091914|2026091915|2026091916|2026091917|2026091918|2026091919,20,20,0,0.0,0.0,0.0
missingness_weak_fraction0p04_n1200,missingness,missingness,weak,1200,0.0,0.04,quality,income,current_max,False,509c56e4630c19b10684cda4fdeed3d2d60e7dc3,05b7bab4beef95cc077c40c8cc949baf46a83e36cf9903f6bc97f9f5bcbe3253,non_target_alert_rate,2026091900|2026091901|2026091902|2026091903|2026091904|2026091905|2026091906|2026091907|2026091908|2026091909|2026091910|2026091911|2026091912|2026091913|2026091914|2026091915|2026091916|2026091917|2026091918|2026091919,20,20,0,0.0,532104.1989999998,507981.175
missingness_weak_fraction0p04_n1200,missingness,missingness,weak,1200,0.0,0.04,quality,income,current_min,False,509c56e4630c19b10684cda4fdeed3d2d60e7dc3,05b7bab4beef95cc077c40c8cc949baf46a83e36cf9903f6bc97f9f5bcbe3253,non_target_alert_rate,2026091900|2026091901|2026091902|2026091903|2026091904|2026091905|2026091906|2026091907|2026091908|2026091909|2026091910|2026091911|2026091912|2026091913|2026091914|2026091915|2026091916|2026091917|2026091918|2026091919,20,20,0,0.0,13373.402500000002,13755.87
missingness_weak_fraction0p04_n1200,missingness,missingness,weak,1200,0.0,0.04,quality,income,current_missing_fraction,True,509c56e4630c19b10684cda4fdeed3d2d60e7dc3,05b7bab4beef95cc077c40c8cc949baf46a83e36cf9903f6bc97f9f5bcbe3253,detection_rate,2026091900|2026091901|2026091902|2026091903|2026091904|2026091905|2026091906|2026091907|2026091908|2026091909|2026091910|2026091911|2026091912|2026091913|2026091914|2026091915|2026091916|2026091917|2026091918|2026091919,20,20,0,0.0,0.04000000000000001,0.04
missingness_weak_fraction0p04_n1200,missingness,missingness,weak,1200,0.0,0.04,quality,income,missing_increase_pp,True,509c56e4630c19b10684cda4fdeed3d2d60e7dc3,05b7bab4beef95cc077c40c8cc949baf46a83e36cf9903f6bc97f9f5bcbe3253,detection_rate,2026091900|2026091901|2026091902|2026091903|2026091904|2026091905|2026091906|2026091907|2026091908|2026091909|2026091910|2026091911|2026091912|2026091913|2026091914|2026091915|2026091916|2026091917|2026091918|2026091919,20,20,0,0.0,2.0,2.0
missingness_weak_fraction0p04_n1200,missingness,missingness,weak,1200,0.0,0.04,quality,income,reference_infinite_count,False,509c56e4630c19b10684cda4fdeed3d2d60e7dc3,05b7bab4beef95cc077c40c8cc949baf46a83e36cf9903f6bc97f9f5bcbe3253,non_target_alert_rate,2026091900|2026091901|2026091902|2026091903|2026091904|2026091905|2026091906|2026091907|2026091908|2026091909|2026091910|2026091911|2026091912|2026091913|2026091914|2026091915|2026091916|2026091917|2026091918|2026091919,20,20,0,0.0,0.0,0.0
missingness_weak_fraction0p04_n1200,missingness,missingness,weak,1200,0.0,0.04,quality,income,reference_max,False,509c56e4630c19b10684cda4fdeed3d2d60e7dc3,05b7bab4beef95cc077c40c8cc949baf46a83e36cf9903f6bc97f9f5bcbe3253,non_target_alert_rate,2026091900|2026091901|2026091902|2026091903|2026091904|2026091905|2026091906|2026091907|2026091908|2026091909|2026091910|2026091911|2026091912|2026091913|2026091914|2026091915|2026091916|2026091917|2026091918|2026091919,20,20,0,0.0,619557.1195,611724.875
missingness_weak_fraction0p04_n1200,missingness,missingness,weak,1200,0.0,0.04,quality,income,reference_min,False,509c56e4630c19b10684cda4fdeed3d2d60e7dc3,05b7bab4beef95cc077c40c8cc949baf46a83e36cf9903f6bc97f9f5bcbe3253,non_target_alert_rate,2026091900|2026091901|2026091902|2026091903|2026091904|2026091905|2026091906|2026091907|2026091908|2026091909|2026091910|2026091911|2026091912|2026091913|2026091914|2026091915|2026091916|2026091917|2026091918|2026091919,20,20,0,0.0,10934.159000000001,11033.564999999999
missingness_weak_fraction0p04_n1200,missingness,missingness,weak,1200,0.0,0.04,quality,income,reference_missing_fraction,False,509c56e4630c19b10684cda4fdeed3d2d60e7dc3,05b7bab4beef95cc077c40c8cc949baf46a83e36cf9903f6bc97f9f5bcbe3253,non_target_alert_rate,2026091900|2026091901|2026091902|2026091903|2026091904|2026091905|2026091906|2026091907|2026091908|2026091909|2026091910|2026091911|2026091912|2026091913|2026091914|2026091915|2026091916|2026091917|2026091918|2026091919,20,20,0,0.0,0.020000000000000004,0.02
missingness_weak_fraction0p04_n1200,missingness,missingness,weak,1200,0.0,0.04,quality,region,current_missing_fraction,False,509c56e4630c19b10684cda4fdeed3d2d60e7dc3,05b7bab4beef95cc077c40c8cc949baf46a83e36cf9903f6bc97f9f5bcbe3253,non_target_alert_rate,2026091900|2026091901|2026091902|2026091903|2026091904|2026091905|2026091906|2026091907|2026091908|2026091909|2026091910|2026091911|2026091912|2026091913|2026091914|2026091915|2026091916|2026091917|2026091918|2026091919,20,20,0,0.0,0.0,0.0
missingness_weak_fraction0p04_n1200,missingness,missingness,weak,1200,0.0,0.04,quality,region,missing_increase_pp,False,509c56e4630c19b10684cda4fdeed3d2d60e7dc3,05b7bab4beef95cc077c40c8cc949baf46a83e36cf9903f6bc97f9f5bcbe3253,non_target_alert_rate,2026091900|2026091901|2026091902|2026091903|2026091904|2026091905|2026091906|2026091907|2026091908|2026091909|2026091910|2026091911|2026091912|2026091913|2026091914|2026091915|2026091916|2026091917|2026091918|2026091919,20,20,0,0.0,0.0,0.0
missingness_weak_fraction0p04_n1200,missingness,missingness,weak,1200,0.0,0.04,quality,region,reference_missing_fraction,False,509c56e4630c19b10684cda4fdeed3d2d60e7dc3,05b7bab4beef95cc077c40c8cc949baf46a83e36cf9903f6bc97f9f5bcbe3253,non_target_alert_rate,2026091900|2026091901|2026091902|2026091903|2026091904|2026091905|2026091906|2026091907|2026091908|2026091909|2026091910|2026091911|2026091912|2026091913|2026091914|2026091915|2026091916|2026091917|2026091918|2026091919,20,20,0,0.0,0.0,0.0
missingness_weak_fraction0p04_n1200,missingness,missingness,weak,1200,0.0,0.04,quality,,current_duplicate_fraction,False,509c56e4630c19b10684cda4fdeed3d2d60e7dc3,05b7bab4beef95cc077c40c8cc949baf46a83e36cf9903f6bc97f9f5bcbe3253,non_target_alert_rate,2026091900|2026091901|2026091902|2026091903|2026091904|2026091905|2026091906|2026091907|2026091908|2026091909|2026091910|2026091911|2026091912|2026091913|2026091914|2026091915|2026091916|2026091917|2026091918|2026091919,20,20,0,0.0,0.004166666666666667,0.004166666666666667
missingness_weak_fraction0p04_n1200,missingness,missingness,weak,1200,0.0,0.04,quality,,reference_duplicate_fraction,False,509c56e4630c19b10684cda4fdeed3d2d60e7dc3,05b7bab4beef95cc077c40c8cc949baf46a83e36cf9903f6bc97f9f5bcbe3253,non_target_alert_rate,2026091900|2026091901|2026091902|2026091903|2026091904|2026091905|2026091906|2026091907|2026091908|2026091909|2026091910|2026091911|2026091912|2026091913|2026091914|2026091915|2026091916|2026091917|2026091918|2026091919,20,20,0,0.0,0.004259999999999999,0.0042
missingness_weak_fraction0p04_n3000,missingness,missingness,weak,3000,0.0,0.04,adversarial,,roc_auc,True,509c56e4630c19b10684cda4fdeed3d2d60e7dc3,05b7bab4beef95cc077c40c8cc949baf46a83e36cf9903f6bc97f9f5bcbe3253,detection_rate,2026091900|2026091901|2026091902|2026091903|2026091904|2026091905|2026091906|2026091907|2026091908|2026091909|2026091910|2026091911|2026091912|2026091913|2026091914|2026091915|2026091916|2026091917|2026091918|2026091919,20,20,0,0.0,0.5067204666666667,0.5070648166666667
missingness_weak_fraction0p04_n3000,missingness,missingness,weak,3000,0.0,0.04,drift,age,js,False,509c56e4630c19b10684cda4fdeed3d2d60e7dc3,05b7bab4beef95cc077c40c8cc949baf46a83e36cf9903f6bc97f9f5bcbe3253,non_target_alert_rate,2026091900|2026091901|2026091902|2026091903|2026091904|2026091905|2026091906|2026091907|2026091908|2026091909|2026091910|2026091911|2026091912|2026091913|2026091914|2026091915|2026091916|2026091917|2026091918|2026091919,20,20,0,0.0,0.000828077560848835,0.0007868214199912456
missingness_weak_fraction0p04_n3000,missingness,missingness,weak,3000,0.0,0.04,drift,age,ks,False,509c56e4630c19b10684cda4fdeed3d2d60e7dc3,05b7bab4beef95cc077c40c8cc949baf46a83e36cf9903f6bc97f9f5bcbe3253,non_target_alert_rate,2026091900|2026091901|2026091902|2026091903|2026091904|2026091905|2026091906|2026091907|2026091908|2026091909|2026091910|2026091911|2026091912|2026091913|2026091914|2026091915|2026091916|2026091917|2026091918|2026091919,20,20,0,0.0,0.016439999999999996,0.01563333333333329
missingness_weak_fraction0p04_n3000,missingness,missingness,weak,3000,0.0,0.04,drift,age,psi,False,509c56e4630c19b10684cda4fdeed3d2d60e7dc3,05b7bab4beef95cc077c40c8cc949baf46a83e36cf9903f6bc97f9f5bcbe3253,non_target_alert_rate,2026091900|2026091901|2026091902|2026091903|2026091904|2026091905|2026091906|2026091907|2026091908|2026091909|2026091910|2026091911|2026091912|2026091913|2026091914|2026091915|2026091916|2026091917|2026091918|2026091919,20,20,0,0.0,0.004594795767509158,0.004364898121808758
missingness_weak_fraction0p04_n3000,missingness,missingness,weak,3000,0.0,0.04,drift,age,wasserstein,False,509c56e4630c19b10684cda4fdeed3d2d60e7dc3,05b7bab4beef95cc077c40c8cc949baf46a83e36cf9903f6bc97f9f5bcbe3253,non_target_alert_rate,2026091900|2026091901|2026091902|2026091903|2026091904|2026091905|2026091906|2026091907|2026091908|2026091909|2026091910|2026091911|2026091912|2026091913|2026091914|2026091915|2026091916|2026091917|2026091918|2026091919,20,20,0,0.0,0.33586333333333335,0.2929333333333333
missingness_weak_fraction0p04_n3000,missingness,missingness,weak,3000,0.0,0.04,drift,income,js,False,509c56e4630c19b10684cda4fdeed3d2d60e7dc3,05b7bab4beef95cc077c40c8cc949baf46a83e36cf9903f6bc97f9f5bcbe3253,non_target_alert_rate,2026091900|2026091901|2026091902|2026091903|2026091904|2026091905|2026091906|2026091907|2026091908|2026091909|2026091910|2026091911|2026091912|2026091913|2026091914|2026091915|2026091916|2026091917|2026091918|2026091919,20,20,0,0.0,0.0008314869861739819,0.0007045594503475202
missingness_weak_fraction0p04_n3000,missingness,missingness,weak,3000,0.0,0.04,drift,income,ks,False,509c56e4630c19b10684cda4fdeed3d2d60e7dc3,05b7bab4beef95cc077c40c8cc949baf46a83e36cf9903f6bc97f9f5bcbe3253,non_target_alert_rate,2026091900|2026091901|2026091902|2026091903|2026091904|2026091905|2026091906|2026091907|2026091908|2026091909|2026091910|2026091911|2026091912|2026091913|2026091914|2026091915|2026091916|2026091917|2026091918|2026091919,20,20,1,0.05,0.020854379251700687,0.020240929705215426
missingness_weak_fraction0p04_n3000,missingness,missingness,weak,3000,0.0,0.04,drift,income,psi,False,509c56e4630c19b10684cda4fdeed3d2d60e7dc3,05b7bab4beef95cc077c40c8cc949baf46a83e36cf9903f6bc97f9f5bcbe3253,non_target_alert_rate,2026091900|2026091901|2026091902|2026091903|2026091904|2026091905|2026091906|2026091907|2026091908|2026091909|2026091910|2026091911|2026091912|2026091913|2026091914|2026091915|2026091916|2026091917|2026091918|2026091919,20,20,0,0.0,0.004614016811695895,0.003908199082840984
missingness_weak_fraction0p04_n3000,missingness,missingness,weak,3000,0.0,0.04,drift,income,wasserstein,False,509c56e4630c19b10684cda4fdeed3d2d60e7dc3,05b7bab4beef95cc077c40c8cc949baf46a83e36cf9903f6bc97f9f5bcbe3253,non_target_alert_rate,2026091900|2026091901|2026091902|2026091903|2026091904|2026091905|2026091906|2026091907|2026091908|2026091909|2026091910|2026091911|2026091912|2026091913|2026091914|2026091915|2026091916|2026091917|2026091918|2026091919,20,0,0,,1991.8700705073716,1775.5548469316905
missingness_weak_fraction0p04_n3000,missingness,missingness,weak,3000,0.0,0.04,drift,region,chi2,False,509c56e4630c19b10684cda4fdeed3d2d60e7dc3,05b7bab4beef95cc077c40c8cc949baf46a83e36cf9903f6bc97f9f5bcbe3253,non_target_alert_rate,2026091900|2026091901|2026091902|2026091903|2026091904|2026091905|2026091906|2026091907|2026091908|2026091909|2026091910|2026091911|2026091912|2026091913|2026091914|2026091915|2026091916|2026091917|2026091918|2026091919,20,20,0,0.0,3.5921559063188924,3.8250271666249747
missingness_weak_fraction0p04_n3000,missingness,missingness,weak,3000,0.0,0.04,drift,region,js,False,509c56e4630c19b10684cda4fdeed3d2d60e7dc3,05b7bab4beef95cc077c40c8cc949baf46a83e36cf9903f6bc97f9f5bcbe3253,non_target_alert_rate,2026091900|2026091901|2026091902|2026091903|2026091904|2026091905|2026091906|2026091907|2026091908|2026091909|2026091910|2026091911|2026091912|2026091913|2026091914|2026091915|2026091916|2026091917|2026091918|2026091919,20,20,0,0.0,0.0003454298659140701,0.0003686092678177425
missingness_weak_fraction0p04_n3000,missingness,missingness,weak,3000,0.0,0.04,drift,region,psi,False,509c56e4630c19b10684cda4fdeed3d2d60e7dc3,05b7bab4beef95cc077c40c8cc949baf46a83e36cf9903f6bc97f9f5bcbe3253,non_target_alert_rate,2026091900|2026091901|2026091902|2026091903|2026091904|2026091905|2026091906|2026091907|2026091908|2026091909|2026091910|2026091911|2026091912|2026091913|2026091914|2026091915|2026091916|2026091917|2026091918|2026091919,20,20,0,0.0,0.0019158925039105775,0.002044319644251615
missingness_weak_fraction0p04_n3000,missingness,missingness,weak,3000,0.0,0.04,quality,age,current_infinite_count,False,509c56e4630c19b10684cda4fdeed3d2d60e7dc3,05b7bab4beef95cc077c40c8cc949baf46a83e36cf9903f6bc97f9f5bcbe3253,non_target_alert_rate,2026091900|2026091901|2026091902|2026091903|2026091904|2026091905|2026091906|2026091907|2026091908|2026091909|2026091910|2026091911|2026091912|2026091913|2026091914|2026091915|2026091916|2026091917|2026091918|2026091919,20,20,0,0.0,0.0,0.0
missingness_weak_fraction0p04_n3000,missingness,missingness,weak,3000,0.0,0.04,quality,age,current_max,False,509c56e4630c19b10684cda4fdeed3d2d60e7dc3,05b7bab4beef95cc077c40c8cc949baf46a83e36cf9903f6bc97f9f5bcbe3253,non_target_alert_rate,2026091900|2026091901|2026091902|2026091903|2026091904|2026091905|2026091906|2026091907|2026091908|2026091909|2026091910|2026091911|2026091912|2026091913|2026091914|2026091915|2026091916|2026091917|2026091918|2026091919,20,20,0,0.0,84.95,83.5
missingness_weak_fraction0p04_n3000,missingness,missingness,weak,3000,0.0,0.04,quality,age,current_min,False,509c56e4630c19b10684cda4fdeed3d2d60e7dc3,05b7bab4beef95cc077c40c8cc949baf46a83e36cf9903f6bc97f9f5bcbe3253,non_target_alert_rate,2026091900|2026091901|2026091902|2026091903|2026091904|2026091905|2026091906|2026091907|2026091908|2026091909|2026091910|2026091911|2026091912|2026091913|2026091914|2026091915|2026091916|2026091917|2026091918|2026091919,20,20,0,0.0,18.0,18.0
missingness_weak_fraction0p04_n3000,missingness,missingness,weak,3000,0.0,0.04,quality,age,current_missing_fraction,False,509c56e4630c19b10684cda4fdeed3d2d60e7dc3,05b7bab4beef95cc077c40c8cc949baf46a83e36cf9903f6bc97f9f5bcbe3253,non_target_alert_rate,2026091900|2026091901|2026091902|2026091903|2026091904|2026091905|2026091906|2026091907|2026091908|2026091909|2026091910|2026091911|2026091912|2026091913|2026091914|2026091915|2026091916|2026091917|2026091918|2026091919,20,20,0,0.0,0.0,0.0
missingness_weak_fraction0p04_n3000,missingness,missingness,weak,3000,0.0,0.04,quality,age,missing_increase_pp,False,509c56e4630c19b10684cda4fdeed3d2d60e7dc3,05b7bab4beef95cc077c40c8cc949baf46a83e36cf9903f6bc97f9f5bcbe3253,non_target_alert_rate,2026091900|2026091901|2026091902|2026091903|2026091904|2026091905|2026091906|2026091907|2026091908|2026091909|2026091910|2026091911|2026091912|2026091913|2026091914|2026091915|2026091916|2026091917|2026091918|2026091919,20,20,0,0.0,0.0,0.0
missingness_weak_fraction0p04_n3000,missingness,missingness,weak,3000,0.0,0.04,quality,age,reference_infinite_count,False,509c56e4630c19b10684cda4fdeed3d2d60e7dc3,05b7bab4beef95cc077c40c8cc949baf46a83e36cf9903f6bc97f9f5bcbe3253,non_target_alert_rate,2026091900|2026091901|2026091902|2026091903|2026091904|2026091905|2026091906|2026091907|2026091908|2026091909|2026091910|2026091911|2026091912|2026091913|2026091914|2026091915|2026091916|2026091917|2026091918|2026091919,20,20,0,0.0,0.0,0.0
missingness_weak_fraction0p04_n3000,missingness,missingness,weak,3000,0.0,0.04,quality,age,reference_max,False,509c56e4630c19b10684cda4fdeed3d2d60e7dc3,05b7bab4beef95cc077c40c8cc949baf46a83e36cf9903f6bc97f9f5bcbe3253,non_target_alert_rate,2026091900|2026091901|2026091902|2026091903|2026091904|2026091905|2026091906|2026091907|2026091908|2026091909|2026091910|2026091911|2026091912|2026091913|2026091914|2026091915|2026091916|2026091917|2026091918|2026091919,20,20,0,0.0,86.6,86.5
missingness_weak_fraction0p04_n3000,missingness,missingness,weak,3000,0.0,0.04,quality,age,reference_min,False,509c56e4630c19b10684cda4fdeed3d2d60e7dc3,05b7bab4beef95cc077c40c8cc949baf46a83e36cf9903f6bc97f9f5bcbe3253,non_target_alert_rate,2026091900|2026091901|2026091902|2026091903|2026091904|2026091905|2026091906|2026091907|2026091908|2026091909|2026091910|2026091911|2026091912|2026091913|2026091914|2026091915|2026091916|2026091917|2026091918|2026091919,20,20,0,0.0,18.0,18.0
missingness_weak_fraction0p04_n3000,missingness,missingness,weak,3000,0.0,0.04,quality,age,reference_missing_fraction,False,509c56e4630c19b10684cda4fdeed3d2d60e7dc3,05b7bab4beef95cc077c40c8cc949baf46a83e36cf9903f6bc97f9f5bcbe3253,non_target_alert_rate,2026091900|2026091901|2026091902|2026091903|2026091904|2026091905|2026091906|2026091907|2026091908|2026091909|2026091910|2026091911|2026091912|2026091913|2026091914|2026091915|2026091916|2026091917|2026091918|2026091919,20,20,0,0.0,0.0,0.0
missingness_weak_fraction0p04_n3000,missingness,missingness,weak,3000,0.0,0.04,quality,income,current_infinite_count,False,509c56e4630c19b10684cda4fdeed3d2d60e7dc3,05b7bab4beef95cc077c40c8cc949baf46a83e36cf9903f6bc97f9f5bcbe3253,non_target_alert_rate,2026091900|2026091901|2026091902|2026091903|2026091904|2026091905|2026091906|2026091907|2026091908|2026091909|2026091910|2026091911|2026091912|2026091913|2026091914|2026091915|2026091916|2026091917|2026091918|2026091919,20,20,0,0.0,0.0,0.0
missingness_weak_fraction0p04_n3000,missingness,missingness,weak,3000,0.0,0.04,quality,income,current_max,False,509c56e4630c19b10684cda4fdeed3d2d60e7dc3,05b7bab4beef95cc077c40c8cc949baf46a83e36cf9903f6bc97f9f5bcbe3253,non_target_alert_rate,2026091900|2026091901|2026091902|2026091903|2026091904|2026091905|2026091906|2026091907|2026091908|2026091909|2026091910|2026091911|2026091912|2026091913|2026091914|2026091915|2026091916|2026091917|2026091918|2026091919,20,20,0,0.0,568274.0689999999,578353.25
missingness_weak_fraction0p04_n3000,missingness,missingness,weak,3000,0.0,0.04,quality,income,current_min,False,509c56e4630c19b10684cda4fdeed3d2d60e7dc3,05b7bab4beef95cc077c40c8cc949baf46a83e36cf9903f6bc97f9f5bcbe3253,non_target_alert_rate,2026091900|2026091901|2026091902|2026091903|2026091904|2026091905|2026091906|2026091907|2026091908|2026091909|2026091910|2026091911|2026091912|2026091913|2026091914|2026091915|2026091916|2026091917|2026091918|2026091919,20,20,0,0.0,12188.2975,12446.635
missingness_weak_fraction0p04_n3000,missingness,missingness,weak,3000,0.0,0.04,quality,income,current_missing_fraction,True,509c56e4630c19b10684cda4fdeed3d2d60e7dc3,05b7bab4beef95cc077c40c8cc949baf46a83e36cf9903f6bc97f9f5bcbe3253,detection_rate,2026091900|2026091901|2026091902|2026091903|2026091904|2026091905|2026091906|2026091907|2026091908|2026091909|2026091910|2026091911|2026091912|2026091913|2026091914|2026091915|2026091916|2026091917|2026091918|2026091919,20,20,0,0.0,0.04000000000000001,0.04
missingness_weak_fraction0p04_n3000,missingness,missingness,weak,3000,0.0,0.04,quality,income,missing_increase_pp,True,509c56e4630c19b10684cda4fdeed3d2d60e7dc3,05b7bab4beef95cc077c40c8cc949baf46a83e36cf9903f6bc97f9f5bcbe3253,detection_rate,2026091900|2026091901|2026091902|2026091903|2026091904|2026091905|2026091906|2026091907|2026091908|2026091909|2026091910|2026091911|2026091912|2026091913|2026091914|2026091915|2026091916|2026091917|2026091918|2026091919,20,20,0,0.0,2.0,2.0
missingness_weak_fraction0p04_n3000,missingness,missingness,weak,3000,0.0,0.04,quality,income,reference_infinite_count,False,509c56e4630c19b10684cda4fdeed3d2d60e7dc3,05b7bab4beef95cc077c40c8cc949baf46a83e36cf9903f6bc97f9f5bcbe3253,non_target_alert_rate,2026091900|2026091901|2026091902|2026091903|2026091904|2026091905|2026091906|2026091907|2026091908|2026091909|2026091910|2026091911|2026091912|2026091913|2026091914|2026091915|2026091916|2026091917|2026091918|2026091919,20,20,0,0.0,0.0,0.0
missingness_weak_fraction0p04_n3000,missingness,missingness,weak,3000,0.0,0.04,quality,income,reference_max,False,509c56e4630c19b10684cda4fdeed3d2d60e7dc3,05b7bab4beef95cc077c40c8cc949baf46a83e36cf9903f6bc97f9f5bcbe3253,non_target_alert_rate,2026091900|2026091901|2026091902|2026091903|2026091904|2026091905|2026091906|2026091907|2026091908|2026091909|2026091910|2026091911|2026091912|2026091913|2026091914|2026091915|2026091916|2026091917|2026091918|2026091919,20,20,0,0.0,619557.1195,611724.875
missingness_weak_fraction0p04_n3000,missingness,missingness,weak,3000,0.0,0.04,quality,income,reference_min,False,509c56e4630c19b10684cda4fdeed3d2d60e7dc3,05b7bab4beef95cc077c40c8cc949baf46a83e36cf9903f6bc97f9f5bcbe3253,non_target_alert_rate,2026091900|2026091901|2026091902|2026091903|2026091904|2026091905|2026091906|2026091907|2026091908|2026091909|2026091910|2026091911|2026091912|2026091913|2026091914|2026091915|2026091916|2026091917|2026091918|2026091919,20,20,0,0.0,10934.159000000001,11033.564999999999
missingness_weak_fraction0p04_n3000,missingness,missingness,weak,3000,0.0,0.04,quality,income,reference_missing_fraction,False,509c56e4630c19b10684cda4fdeed3d2d60e7dc3,05b7bab4beef95cc077c40c8cc949baf46a83e36cf9903f6bc97f9f5bcbe3253,non_target_alert_rate,2026091900|2026091901|2026091902|2026091903|2026091904|2026091905|2026091906|2026091907|2026091908|2026091909|2026091910|2026091911|2026091912|2026091913|2026091914|2026091915|2026091916|2026091917|2026091918|2026091919,20,20,0,0.0,0.020000000000000004,0.02
missingness_weak_fraction0p04_n3000,missingness,missingness,weak,3000,0.0,0.04,quality,region,current_missing_fraction,False,509c56e4630c19b10684cda4fdeed3d2d60e7dc3,05b7bab4beef95cc077c40c8cc949baf46a83e36cf9903f6bc97f9f5bcbe3253,non_target_alert_rate,2026091900|2026091901|2026091902|2026091903|2026091904|2026091905|2026091906|2026091907|2026091908|2026091909|2026091910|2026091911|2026091912|2026091913|2026091914|2026091915|2026091916|2026091917|2026091918|2026091919,20,20,0,0.0,0.0,0.0
missingness_weak_fraction0p04_n3000,missingness,missingness,weak,3000,0.0,0.04,quality,region,missing_increase_pp,False,509c56e4630c19b10684cda4fdeed3d2d60e7dc3,05b7bab4beef95cc077c40c8cc949baf46a83e36cf9903f6bc97f9f5bcbe3253,non_target_alert_rate,2026091900|2026091901|2026091902|2026091903|2026091904|2026091905|2026091906|2026091907|2026091908|2026091909|2026091910|2026091911|2026091912|2026091913|2026091914|2026091915|2026091916|2026091917|2026091918|2026091919,20,20,0,0.0,0.0,0.0
missingness_weak_fraction0p04_n3000,missingness,missingness,weak,3000,0.0,0.04,quality,region,reference_missing_fraction,False,509c56e4630c19b10684cda4fdeed3d2d60e7dc3,05b7bab4beef95cc077c40c8cc949baf46a83e36cf9903f6bc97f9f5bcbe3253,non_target_alert_rate,2026091900|2026091901|2026091902|2026091903|2026091904|2026091905|2026091906|2026091907|2026091908|2026091909|2026091910|2026091911|2026091912|2026091913|2026091914|2026091915|2026091916|2026091917|2026091918|2026091919,20,20,0,0.0,0.0,0.0
missingness_weak_fraction0p04_n3000,missingness,missingness,weak,3000,0.0,0.04,quality,,current_duplicate_fraction,False,509c56e4630c19b10684cda4fdeed3d2d60e7dc3,05b7bab4beef95cc077c40c8cc949baf46a83e36cf9903f6bc97f9f5bcbe3253,non_target_alert_rate,2026091900|2026091901|2026091902|2026091903|2026091904|2026091905|2026091906|2026091907|2026091908|2026091909|2026091910|2026091911|2026091912|2026091913|2026091914|2026091915|2026091916|2026091917|2026091918|2026091919,20,20,4,0.2,0.0096,0.009666666666666667
missingness_weak_fraction0p04_n3000,missingness,missingness,weak,3000,0.0,0.04,quality,,reference_duplicate_fraction,False,509c56e4630c19b10684cda4fdeed3d2d60e7dc3,05b7bab4beef95cc077c40c8cc949baf46a83e36cf9903f6bc97f9f5bcbe3253,non_target_alert_rate,2026091900|2026091901|2026091902|2026091903|2026091904|2026091905|2026091906|2026091907|2026091908|2026091909|2026091910|2026091911|2026091912|2026091913|2026091914|2026091915|2026091916|2026091917|2026091918|2026091919,20,20,0,0.0,0.004259999999999999,0.0042
missingness_weak_fraction0p04_n500,missingness,missingness,weak,500,0.0,0.04,adversarial,,roc_auc,True,509c56e4630c19b10684cda4fdeed3d2d60e7dc3,05b7bab4beef95cc077c40c8cc949baf46a83e36cf9903f6bc97f9f5bcbe3253,detection_rate,2026091900|2026091901|2026091902|2026091903|2026091904|2026091905|2026091906|2026091907|2026091908|2026091909|2026091910|2026091911|2026091912|2026091913|2026091914|2026091915|2026091916|2026091917|2026091918|2026091919,20,20,0,0.0,0.49501349999999994,0.4932951
missingness_weak_fraction0p04_n500,missingness,missingness,weak,500,0.0,0.04,drift,age,js,False,509c56e4630c19b10684cda4fdeed3d2d60e7dc3,05b7bab4beef95cc077c40c8cc949baf46a83e36cf9903f6bc97f9f5bcbe3253,non_target_alert_rate,2026091900|2026091901|2026091902|2026091903|2026091904|2026091905|2026091906|2026091907|2026091908|2026091909|2026091910|2026091911|2026091912|2026091913|2026091914|2026091915|2026091916|2026091917|2026091918|2026091919,20,20,0,0.0,0.0034443352479745426,0.003030591434741451
missingness_weak_fraction0p04_n500,missingness,missingness,weak,500,0.0,0.04,drift,age,ks,False,509c56e4630c19b10684cda4fdeed3d2d60e7dc3,05b7bab4beef95cc077c40c8cc949baf46a83e36cf9903f6bc97f9f5bcbe3253,non_target_alert_rate,2026091900|2026091901|2026091902|2026091903|2026091904|2026091905|2026091906|2026091907|2026091908|2026091909|2026091910|2026091911|2026091912|2026091913|2026091914|2026091915|2026091916|2026091917|2026091918|2026091919,20,20,0,0.0,0.03266,0.03390000000000001
missingness_weak_fraction0p04_n500,missingness,missingness,weak,500,0.0,0.04,drift,age,psi,False,509c56e4630c19b10684cda4fdeed3d2d60e7dc3,05b7bab4beef95cc077c40c8cc949baf46a83e36cf9903f6bc97f9f5bcbe3253,non_target_alert_rate,2026091900|2026091901|2026091902|2026091903|2026091904|2026091905|2026091906|2026091907|2026091908|2026091909|2026091910|2026091911|2026091912|2026091913|2026091914|2026091915|2026091916|2026091917|2026091918|2026091919,20,20,0,0.0,0.019146684544178443,0.016826852551802024
missingness_weak_fraction0p04_n500,missingness,missingness,weak,500,0.0,0.04,drift,age,wasserstein,False,509c56e4630c19b10684cda4fdeed3d2d60e7dc3,05b7bab4beef95cc077c40c8cc949baf46a83e36cf9903f6bc97f9f5bcbe3253,non_target_alert_rate,2026091900|2026091901|2026091902|2026091903|2026091904|2026091905|2026091906|2026091907|2026091908|2026091909|2026091910|2026091911|2026091912|2026091913|2026091914|2026091915|2026091916|2026091917|2026091918|2026091919,20,20,0,0.0,0.60104,0.5980000000000001
missingness_weak_fraction0p04_n500,missingness,missingness,weak,500,0.0,0.04,drift,income,js,False,509c56e4630c19b10684cda4fdeed3d2d60e7dc3,05b7bab4beef95cc077c40c8cc949baf46a83e36cf9903f6bc97f9f5bcbe3253,non_target_alert_rate,2026091900|2026091901|2026091902|2026091903|2026091904|2026091905|2026091906|2026091907|2026091908|2026091909|2026091910|2026091911|2026091912|2026091913|2026091914|2026091915|2026091916|2026091917|2026091918|2026091919,20,20,0,0.0,0.0026824768229488038,0.0021161433948151077
missingness_weak_fraction0p04_n500,missingness,missingness,weak,500,0.0,0.04,drift,income,ks,False,509c56e4630c19b10684cda4fdeed3d2d60e7dc3,05b7bab4beef95cc077c40c8cc949baf46a83e36cf9903f6bc97f9f5bcbe3253,non_target_alert_rate,2026091900|2026091901|2026091902|2026091903|2026091904|2026091905|2026091906|2026091907|2026091908|2026091909|2026091910|2026091911|2026091912|2026091913|2026091914|2026091915|2026091916|2026091917|2026091918|2026091919,20,20,1,0.05,0.0369766156462585,0.034455782312925176
missingness_weak_fraction0p04_n500,missingness,missingness,weak,500,0.0,0.04,drift,income,psi,False,509c56e4630c19b10684cda4fdeed3d2d60e7dc3,05b7bab4beef95cc077c40c8cc949baf46a83e36cf9903f6bc97f9f5bcbe3253,non_target_alert_rate,2026091900|2026091901|2026091902|2026091903|2026091904|2026091905|2026091906|2026091907|2026091908|2026091909|2026091910|2026091911|2026091912|2026091913|2026091914|2026091915|2026091916|2026091917|2026091918|2026091919,20,20,0,0.0,0.014905236963585065,0.011747821239491571
missingness_weak_fraction0p04_n500,missingness,missingness,weak,500,0.0,0.04,drift,income,wasserstein,False,509c56e4630c19b10684cda4fdeed3d2d60e7dc3,05b7bab4beef95cc077c40c8cc949baf46a83e36cf9903f6bc97f9f5bcbe3253,non_target_alert_rate,2026091900|2026091901|2026091902|2026091903|2026091904|2026091905|2026091906|2026091907|2026091908|2026091909|2026091910|2026091911|2026091912|2026091913|2026091914|2026091915|2026091916|2026091917|2026091918|2026091919,20,0,0,,3217.5430975637732,3269.9661830782284
missingness_weak_fraction0p04_n500,missingness,missingness,weak,500,0.0,0.04,drift,region,chi2,False,509c56e4630c19b10684cda4fdeed3d2d60e7dc3,05b7bab4beef95cc077c40c8cc949baf46a83e36cf9903f6bc97f9f5bcbe3253,non_target_alert_rate,2026091900|2026091901|2026091902|2026091903|2026091904|2026091905|2026091906|2026091907|2026091908|2026091909|2026091910|2026091911|2026091912|2026091913|2026091914|2026091915|2026091916|2026091917|2026091918|2026091919,20,20,0,0.0,3.305730494459765,2.9736838097361407
missingness_weak_fraction0p04_n500,missingness,missingness,weak,500,0.0,0.04,drift,region,js,False,509c56e4630c19b10684cda4fdeed3d2d60e7dc3,05b7bab4beef95cc077c40c8cc949baf46a83e36cf9903f6bc97f9f5bcbe3253,non_target_alert_rate,2026091900|2026091901|2026091902|2026091903|2026091904|2026091905|2026091906|2026091907|2026091908|2026091909|2026091910|2026091911|2026091912|2026091913|2026091914|2026091915|2026091916|2026091917|2026091918|2026091919,20,20,0,0.0,0.0013211464980250223,0.0011756629666075898
missingness_weak_fraction0p04_n500,missingness,missingness,weak,500,0.0,0.04,drift,region,psi,False,509c56e4630c19b10684cda4fdeed3d2d60e7dc3,05b7bab4beef95cc077c40c8cc949baf46a83e36cf9903f6bc97f9f5bcbe3253,non_target_alert_rate,2026091900|2026091901|2026091902|2026091903|2026091904|2026091905|2026091906|2026091907|2026091908|2026091909|2026091910|2026091911|2026091912|2026091913|2026091914|2026091915|2026091916|2026091917|2026091918|2026091919,20,20,0,0.0,0.007331876028945081,0.00652210825749337
missingness_weak_fraction0p04_n500,missingness,missingness,weak,500,0.0,0.04,quality,age,current_infinite_count,False,509c56e4630c19b10684cda4fdeed3d2d60e7dc3,05b7bab4beef95cc077c40c8cc949baf46a83e36cf9903f6bc97f9f5bcbe3253,non_target_alert_rate,2026091900|2026091901|2026091902|2026091903|2026091904|2026091905|2026091906|2026091907|2026091908|2026091909|2026091910|2026091911|2026091912|2026091913|2026091914|2026091915|2026091916|2026091917|2026091918|2026091919,20,20,0,0.0,0.0,0.0
missingness_weak_fraction0p04_n500,missingness,missingness,weak,500,0.0,0.04,quality,age,current_max,False,509c56e4630c19b10684cda4fdeed3d2d60e7dc3,05b7bab4beef95cc077c40c8cc949baf46a83e36cf9903f6bc97f9f5bcbe3253,non_target_alert_rate,2026091900|2026091901|2026091902|2026091903|2026091904|2026091905|2026091906|2026091907|2026091908|2026091909|2026091910|2026091911|2026091912|2026091913|2026091914|2026091915|2026091916|2026091917|2026091918|2026091919,20,20,0,0.0,78.5,77.0
missingness_weak_fraction0p04_n500,missingness,missingness,weak,500,0.0,0.04,quality,age,current_min,False,509c56e4630c19b10684cda4fdeed3d2d60e7dc3,05b7bab4beef95cc077c40c8cc949baf46a83e36cf9903f6bc97f9f5bcbe3253,non_target_alert_rate,2026091900|2026091901|2026091902|2026091903|2026091904|2026091905|2026091906|2026091907|2026091908|2026091909|2026091910|2026091911|2026091912|2026091913|2026091914|2026091915|2026091916|2026091917|2026091918|2026091919,20,20,0,0.0,18.0,18.0
missingness_weak_fraction0p04_n500,missingness,missingness,weak,500,0.0,0.04,quality,age,current_missing_fraction,False,509c56e4630c19b10684cda4fdeed3d2d60e7dc3,05b7bab4beef95cc077c40c8cc949baf46a83e36cf9903f6bc97f9f5bcbe3253,non_target_alert_rate,2026091900|2026091901|2026091902|2026091903|2026091904|2026091905|2026091906|2026091907|2026091908|2026091909|2026091910|2026091911|2026091912|2026091913|2026091914|2026091915|2026091916|2026091917|2026091918|2026091919,20,20,0,0.0,0.0,0.0
missingness_weak_fraction0p04_n500,missingness,missingness,weak,500,0.0,0.04,quality,age,missing_increase_pp,False,509c56e4630c19b10684cda4fdeed3d2d60e7dc3,05b7bab4beef95cc077c40c8cc949baf46a83e36cf9903f6bc97f9f5bcbe3253,non_target_alert_rate,2026091900|2026091901|2026091902|2026091903|2026091904|2026091905|2026091906|2026091907|2026091908|2026091909|2026091910|2026091911|2026091912|2026091913|2026091914|2026091915|2026091916|2026091917|2026091918|2026091919,20,20,0,0.0,0.0,0.0
missingness_weak_fraction0p04_n500,missingness,missingness,weak,500,0.0,0.04,quality,age,reference_infinite_count,False,509c56e4630c19b10684cda4fdeed3d2d60e7dc3,05b7bab4beef95cc077c40c8cc949baf46a83e36cf9903f6bc97f9f5bcbe3253,non_target_alert_rate,2026091900|2026091901|2026091902|2026091903|2026091904|2026091905|2026091906|2026091907|2026091908|2026091909|2026091910|2026091911|2026091912|2026091913|2026091914|2026091915|2026091916|2026091917|2026091918|2026091919,20,20,0,0.0,0.0,0.0
missingness_weak_fraction0p04_n500,missingness,missingness,weak,500,0.0,0.04,quality,age,reference_max,False,509c56e4630c19b10684cda4fdeed3d2d60e7dc3,05b7bab4beef95cc077c40c8cc949baf46a83e36cf9903f6bc97f9f5bcbe3253,non_target_alert_rate,2026091900|2026091901|2026091902|2026091903|2026091904|2026091905|2026091906|2026091907|2026091908|2026091909|2026091910|2026091911|2026091912|2026091913|2026091914|2026091915|2026091916|2026091917|2026091918|2026091919,20,20,0,0.0,86.6,86.5
missingness_weak_fraction0p04_n500,missingness,missingness,weak,500,0.0,0.04,quality,age,reference_min,False,509c56e4630c19b10684cda4fdeed3d2d60e7dc3,05b7bab4beef95cc077c40c8cc949baf46a83e36cf9903f6bc97f9f5bcbe3253,non_target_alert_rate,2026091900|2026091901|2026091902|2026091903|2026091904|2026091905|2026091906|2026091907|2026091908|2026091909|2026091910|2026091911|2026091912|2026091913|2026091914|2026091915|2026091916|2026091917|2026091918|2026091919,20,20,0,0.0,18.0,18.0
missingness_weak_fraction0p04_n500,missingness,missingness,weak,500,0.0,0.04,quality,age,reference_missing_fraction,False,509c56e4630c19b10684cda4fdeed3d2d60e7dc3,05b7bab4beef95cc077c40c8cc949baf46a83e36cf9903f6bc97f9f5bcbe3253,non_target_alert_rate,2026091900|2026091901|2026091902|2026091903|2026091904|2026091905|2026091906|2026091907|2026091908|2026091909|2026091910|2026091911|2026091912|2026091913|2026091914|2026091915|2026091916|2026091917|2026091918|2026091919,20,20,0,0.0,0.0,0.0
missingness_weak_fraction0p04_n500,missingness,missingness,weak,500,0.0,0.04,quality,income,current_infinite_count,False,509c56e4630c19b10684cda4fdeed3d2d60e7dc3,05b7bab4beef95cc077c40c8cc949baf46a83e36cf9903f6bc97f9f5bcbe3253,non_target_alert_rate,2026091900|2026091901|2026091902|2026091903|2026091904|2026091905|2026091906|2026091907|2026091908|2026091909|2026091910|2026091911|2026091912|2026091913|2026091914|2026091915|2026091916|2026091917|2026091918|2026091919,20,20,0,0.0,0.0,0.0
missingness_weak_fraction0p04_n500,missingness,missingness,weak,500,0.0,0.04,quality,income,current_max,False,509c56e4630c19b10684cda4fdeed3d2d60e7dc3,05b7bab4beef95cc077c40c8cc949baf46a83e36cf9903f6bc97f9f5bcbe3253,non_target_alert_rate,2026091900|2026091901|2026091902|2026091903|2026091904|2026091905|2026091906|2026091907|2026091908|2026091909|2026091910|2026091911|2026091912|2026091913|2026091914|2026091915|2026091916|2026091917|2026091918|2026091919,20,20,0,0.0,511800.5295,498932.28500000003
missingness_weak_fraction0p04_n500,missingness,missingness,weak,500,0.0,0.04,quality,income,current_min,False,509c56e4630c19b10684cda4fdeed3d2d60e7dc3,05b7bab4beef95cc077c40c8cc949baf46a83e36cf9903f6bc97f9f5bcbe3253,non_target_alert_rate,2026091900|2026091901|2026091902|2026091903|2026091904|2026091905|2026091906|2026091907|2026091908|2026091909|2026091910|2026091911|2026091912|2026091913|2026091914|2026091915|2026091916|2026091917|2026091918|2026091919,20,20,0,0.0,15150.136000000002,15449.15
missingness_weak_fraction0p04_n500,missingness,missingness,weak,500,0.0,0.04,quality,income,current_missing_fraction,True,509c56e4630c19b10684cda4fdeed3d2d60e7dc3,05b7bab4beef95cc077c40c8cc949baf46a83e36cf9903f6bc97f9f5bcbe3253,detection_rate,2026091900|2026091901|2026091902|2026091903|2026091904|2026091905|2026091906|2026091907|2026091908|2026091909|2026091910|2026091911|2026091912|2026091913|2026091914|2026091915|2026091916|2026091917|2026091918|2026091919,20,20,0,0.0,0.04000000000000001,0.04
missingness_weak_fraction0p04_n500,missingness,missingness,weak,500,0.0,0.04,quality,income,missing_increase_pp,True,509c56e4630c19b10684cda4fdeed3d2d60e7dc3,05b7bab4beef95cc077c40c8cc949baf46a83e36cf9903f6bc97f9f5bcbe3253,detection_rate,2026091900|2026091901|2026091902|2026091903|2026091904|2026091905|2026091906|2026091907|2026091908|2026091909|2026091910|2026091911|2026091912|2026091913|2026091914|2026091915|2026091916|2026091917|2026091918|2026091919,20,20,0,0.0,2.0,2.0
missingness_weak_fraction0p04_n500,missingness,missingness,weak,500,0.0,0.04,quality,income,reference_infinite_count,False,509c56e4630c19b10684cda4fdeed3d2d60e7dc3,05b7bab4beef95cc077c40c8cc949baf46a83e36cf9903f6bc97f9f5bcbe3253,non_target_alert_rate,2026091900|2026091901|2026091902|2026091903|2026091904|2026091905|2026091906|2026091907|2026091908|2026091909|2026091910|2026091911|2026091912|2026091913|2026091914|2026091915|2026091916|2026091917|2026091918|2026091919,20,20,0,0.0,0.0,0.0
missingness_weak_fraction0p04_n500,missingness,missingness,weak,500,0.0,0.04,quality,income,reference_max,False,509c56e4630c19b10684cda4fdeed3d2d60e7dc3,05b7bab4beef95cc077c40c8cc949baf46a83e36cf9903f6bc97f9f5bcbe3253,non_target_alert_rate,2026091900|2026091901|2026091902|2026091903|2026091904|2026091905|2026091906|2026091907|2026091908|2026091909|2026091910|2026091911|2026091912|2026091913|2026091914|2026091915|2026091916|2026091917|2026091918|2026091919,20,20,0,0.0,619557.1195,611724.875
missingness_weak_fraction0p04_n500,missingness,missingness,weak,500,0.0,0.04,quality,income,reference_min,False,509c56e4630c19b10684cda4fdeed3d2d60e7dc3,05b7bab4beef95cc077c40c8cc949baf46a83e36cf9903f6bc97f9f5bcbe3253,non_target_alert_rate,2026091900|2026091901|2026091902|2026091903|2026091904|2026091905|2026091906|2026091907|2026091908|2026091909|2026091910|2026091911|2026091912|2026091913|2026091914|2026091915|2026091916|2026091917|2026091918|2026091919,20,20,0,0.0,10934.159000000001,11033.564999999999
missingness_weak_fraction0p04_n500,missingness,missingness,weak,500,0.0,0.04,quality,income,reference_missing_fraction,False,509c56e4630c19b10684cda4fdeed3d2d60e7dc3,05b7bab4beef95cc077c40c8cc949baf46a83e36cf9903f6bc97f9f5bcbe3253,non_target_alert_rate,2026091900|2026091901|2026091902|2026091903|2026091904|2026091905|2026091906|2026091907|2026091908|2026091909|2026091910|2026091911|2026091912|2026091913|2026091914|2026091915|2026091916|2026091917|2026091918|2026091919,20,20,0,0.0,0.020000000000000004,0.02
missingness_weak_fraction0p04_n500,missingness,missingness,weak,500,0.0,0.04,quality,region,current_missing_fraction,False,509c56e4630c19b10684cda4fdeed3d2d60e7dc3,05b7bab4beef95cc077c40c8cc949baf46a83e36cf9903f6bc97f9f5bcbe3253,non_target_alert_rate,2026091900|2026091901|2026091902|2026091903|2026091904|2026091905|2026091906|2026091907|2026091908|2026091909|2026091910|2026091911|2026091912|2026091913|2026091914|2026091915|2026091916|2026091917|2026091918|2026091919,20,20,0,0.0,0.0,0.0
missingness_weak_fraction0p04_n500,missingness,missingness,weak,500,0.0,0.04,quality,region,missing_increase_pp,False,509c56e4630c19b10684cda4fdeed3d2d60e7dc3,05b7bab4beef95cc077c40c8cc949baf46a83e36cf9903f6bc97f9f5bcbe3253,non_target_alert_rate,2026091900|2026091901|2026091902|2026091903|2026091904|2026091905|2026091906|2026091907|2026091908|2026091909|2026091910|2026091911|2026091912|2026091913|2026091914|2026091915|2026091916|2026091917|2026091918|2026091919,20,20,0,0.0,0.0,0.0
missingness_weak_fraction0p04_n500,missingness,missingness,weak,500,0.0,0.04,quality,region,reference_missing_fraction,False,509c56e4630c19b10684cda4fdeed3d2d60e7dc3,05b7bab4beef95cc077c40c8cc949baf46a83e36cf9903f6bc97f9f5bcbe3253,non_target_alert_rate,2026091900|2026091901|2026091902|2026091903|2026091904|2026091905|2026091906|2026091907|2026091908|2026091909|2026091910|2026091911|2026091912|2026091913|2026091914|2026091915|2026091916|2026091917|2026091918|2026091919,20,20,0,0.0,0.0,0.0
missingness_weak_fraction0p04_n500,missingness,missingness,weak,500,0.0,0.04,quality,,current_duplicate_fraction,False,509c56e4630c19b10684cda4fdeed3d2d60e7dc3,05b7bab4beef95cc077c40c8cc949baf46a83e36cf9903f6bc97f9f5bcbe3253,non_target_alert_rate,2026091900|2026091901|2026091902|2026091903|2026091904|2026091905|2026091906|2026091907|2026091908|2026091909|2026091910|2026091911|2026091912|2026091913|2026091914|2026091915|2026091916|2026091917|2026091918|2026091919,20,20,0,0.0,0.0021000000000000003,0.002
missingness_weak_fraction0p04_n500,missingness,missingness,weak,500,0.0,0.04,quality,,reference_duplicate_fraction,False,509c56e4630c19b10684cda4fdeed3d2d60e7dc3,05b7bab4beef95cc077c40c8cc949baf46a83e36cf9903f6bc97f9f5bcbe3253,non_target_alert_rate,2026091900|2026091901|2026091902|2026091903|2026091904|2026091905|2026091906|2026091907|2026091908|2026091909|2026091910|2026091911|2026091912|2026091913|2026091914|2026091915|2026091916|2026091917|2026091918|2026091919,20,20,0,0.0,0.004259999999999999,0.0042
numeric_medium_shift4_n1200,numeric,numeric,medium,1200,4.0,0.02,adversarial,,roc_auc,True,509c56e4630c19b10684cda4fdeed3d2d60e7dc3,05b7bab4beef95cc077c40c8cc949baf46a83e36cf9903f6bc97f9f5bcbe3253,detection_rate,2026091900|2026091901|2026091902|2026091903|2026091904|2026091905|2026091906|2026091907|2026091908|2026091909|2026091910|2026091911|2026091912|2026091913|2026091914|2026091915|2026091916|2026091917|2026091918|2026091919,20,20,0,0.0,0.5818457333333332,0.5823819583333334
numeric_medium_shift4_n1200,numeric,numeric,medium,1200,4.0,0.02,drift,age,js,True,509c56e4630c19b10684cda4fdeed3d2d60e7dc3,05b7bab4beef95cc077c40c8cc949baf46a83e36cf9903f6bc97f9f5bcbe3253,detection_rate,2026091900|2026091901|2026091902|2026091903|2026091904|2026091905|2026091906|2026091907|2026091908|2026091909|2026091910|2026091911|2026091912|2026091913|2026091914|2026091915|2026091916|2026091917|2026091918|2026091919,20,20,0,0.0,0.019412951339350813,0.019507139260580942
numeric_medium_shift4_n1200,numeric,numeric,medium,1200,4.0,0.02,drift,age,ks,True,509c56e4630c19b10684cda4fdeed3d2d60e7dc3,05b7bab4beef95cc077c40c8cc949baf46a83e36cf9903f6bc97f9f5bcbe3253,detection_rate,2026091900|2026091901|2026091902|2026091903|2026091904|2026091905|2026091906|2026091907|2026091908|2026091909|2026091910|2026091911|2026091912|2026091913|2026091914|2026091915|2026091916|2026091917|2026091918|2026091919,20,20,20,1.0,0.13737499999999997,0.13953333333333337
numeric_medium_shift4_n1200,numeric,numeric,medium,1200,4.0,0.02,drift,age,psi,True,509c56e4630c19b10684cda4fdeed3d2d60e7dc3,05b7bab4beef95cc077c40c8cc949baf46a83e36cf9903f6bc97f9f5bcbe3253,detection_rate,2026091900|2026091901|2026091902|2026091903|2026091904|2026091905|2026091906|2026091907|2026091908|2026091909|2026091910|2026091911|2026091912|2026091913|2026091914|2026091915|2026091916|2026091917|2026091918|2026091919,20,20,13,0.65,0.10882050490110604,0.10917806345995246
numeric_medium_shift4_n1200,numeric,numeric,medium,1200,4.0,0.02,drift,age,wasserstein,True,509c56e4630c19b10684cda4fdeed3d2d60e7dc3,05b7bab4beef95cc077c40c8cc949baf46a83e36cf9903f6bc97f9f5bcbe3253,detection_rate,2026091900|2026091901|2026091902|2026091903|2026091904|2026091905|2026091906|2026091907|2026091908|2026091909|2026091910|2026091911|2026091912|2026091913|2026091914|2026091915|2026091916|2026091917|2026091918|2026091919,20,20,20,1.0,3.9099183333333327,4.010633333333333
numeric_medium_shift4_n1200,numeric,numeric,medium,1200,4.0,0.02,drift,income,js,False,509c56e4630c19b10684cda4fdeed3d2d60e7dc3,05b7bab4beef95cc077c40c8cc949baf46a83e36cf9903f6bc97f9f5bcbe3253,non_target_alert_rate,2026091900|2026091901|2026091902|2026091903|2026091904|2026091905|2026091906|2026091907|2026091908|2026091909|2026091910|2026091911|2026091912|2026091913|2026091914|2026091915|2026091916|2026091917|2026091918|2026091919,20,20,0,0.0,0.0013855950799059754,0.0011804476600368145
numeric_medium_shift4_n1200,numeric,numeric,medium,1200,4.0,0.02,drift,income,ks,False,509c56e4630c19b10684cda4fdeed3d2d60e7dc3,05b7bab4beef95cc077c40c8cc949baf46a83e36cf9903f6bc97f9f5bcbe3253,non_target_alert_rate,2026091900|2026091901|2026091902|2026091903|2026091904|2026091905|2026091906|2026091907|2026091908|2026091909|2026091910|2026091911|2026091912|2026091913|2026091914|2026091915|2026091916|2026091917|2026091918|2026091919,20,20,1,0.05,0.027236394557823118,0.02493197278911563
numeric_medium_shift4_n1200,numeric,numeric,medium,1200,4.0,0.02,drift,income,psi,False,509c56e4630c19b10684cda4fdeed3d2d60e7dc3,05b7bab4beef95cc077c40c8cc949baf46a83e36cf9903f6bc97f9f5bcbe3253,non_target_alert_rate,2026091900|2026091901|2026091902|2026091903|2026091904|2026091905|2026091906|2026091907|2026091908|2026091909|2026091910|2026091911|2026091912|2026091913|2026091914|2026091915|2026091916|2026091917|2026091918|2026091919,20,20,0,0.0,0.007691080777299413,0.006549099109096557
numeric_medium_shift4_n1200,numeric,numeric,medium,1200,4.0,0.02,drift,income,wasserstein,False,509c56e4630c19b10684cda4fdeed3d2d60e7dc3,05b7bab4beef95cc077c40c8cc949baf46a83e36cf9903f6bc97f9f5bcbe3253,non_target_alert_rate,2026091900|2026091901|2026091902|2026091903|2026091904|2026091905|2026091906|2026091907|2026091908|2026091909|2026091910|2026091911|2026091912|2026091913|2026091914|2026091915|2026091916|2026091917|2026091918|2026091919,20,0,0,,2403.868756326528,2201.500571938772
numeric_medium_shift4_n1200,numeric,numeric,medium,1200,4.0,0.02,drift,region,chi2,False,509c56e4630c19b10684cda4fdeed3d2d60e7dc3,05b7bab4beef95cc077c40c8cc949baf46a83e36cf9903f6bc97f9f5bcbe3253,non_target_alert_rate,2026091900|2026091901|2026091902|2026091903|2026091904|2026091905|2026091906|2026091907|2026091908|2026091909|2026091910|2026091911|2026091912|2026091913|2026091914|2026091915|2026091916|2026091917|2026091918|2026091919,20,20,0,0.0,3.415127384537976,2.3712465448600386
numeric_medium_shift4_n1200,numeric,numeric,medium,1200,4.0,0.02,drift,region,js,False,509c56e4630c19b10684cda4fdeed3d2d60e7dc3,05b7bab4beef95cc077c40c8cc949baf46a83e36cf9903f6bc97f9f5bcbe3253,non_target_alert_rate,2026091900|2026091901|2026091902|2026091903|2026091904|2026091905|2026091906|2026091907|2026091908|2026091909|2026091910|2026091911|2026091912|2026091913|2026091914|2026091915|2026091916|2026091917|2026091918|2026091919,20,20,0,0.0,0.0006424373381341464,0.0004462545320750036
numeric_medium_shift4_n1200,numeric,numeric,medium,1200,4.0,0.02,drift,region,psi,False,509c56e4630c19b10684cda4fdeed3d2d60e7dc3,05b7bab4beef95cc077c40c8cc949baf46a83e36cf9903f6bc97f9f5bcbe3253,non_target_alert_rate,2026091900|2026091901|2026091902|2026091903|2026091904|2026091905|2026091906|2026091907|2026091908|2026091909|2026091910|2026091911|2026091912|2026091913|2026091914|2026091915|2026091916|2026091917|2026091918|2026091919,20,20,0,0.0,0.0035640467574493836,0.002474975675458798
numeric_medium_shift4_n1200,numeric,numeric,medium,1200,4.0,0.02,quality,age,current_infinite_count,False,509c56e4630c19b10684cda4fdeed3d2d60e7dc3,05b7bab4beef95cc077c40c8cc949baf46a83e36cf9903f6bc97f9f5bcbe3253,non_target_alert_rate,2026091900|2026091901|2026091902|2026091903|2026091904|2026091905|2026091906|2026091907|2026091908|2026091909|2026091910|2026091911|2026091912|2026091913|2026091914|2026091915|2026091916|2026091917|2026091918|2026091919,20,20,0,0.0,0.0,0.0
numeric_medium_shift4_n1200,numeric,numeric,medium,1200,4.0,0.02,quality,age,current_max,False,509c56e4630c19b10684cda4fdeed3d2d60e7dc3,05b7bab4beef95cc077c40c8cc949baf46a83e36cf9903f6bc97f9f5bcbe3253,non_target_alert_rate,2026091900|2026091901|2026091902|2026091903|2026091904|2026091905|2026091906|2026091907|2026091908|2026091909|2026091910|2026091911|2026091912|2026091913|2026091914|2026091915|2026091916|2026091917|2026091918|2026091919,20,20,0,0.0,84.9,84.5
numeric_medium_shift4_n1200,numeric,numeric,medium,1200,4.0,0.02,quality,age,current_min,False,509c56e4630c19b10684cda4fdeed3d2d60e7dc3,05b7bab4beef95cc077c40c8cc949baf46a83e36cf9903f6bc97f9f5bcbe3253,non_target_alert_rate,2026091900|2026091901|2026091902|2026091903|2026091904|2026091905|2026091906|2026091907|2026091908|2026091909|2026091910|2026091911|2026091912|2026091913|2026091914|2026091915|2026091916|2026091917|2026091918|2026091919,20,20,0,0.0,22.0,22.0
numeric_medium_shift4_n1200,numeric,numeric,medium,1200,4.0,0.02,quality,age,current_missing_fraction,False,509c56e4630c19b10684cda4fdeed3d2d60e7dc3,05b7bab4beef95cc077c40c8cc949baf46a83e36cf9903f6bc97f9f5bcbe3253,non_target_alert_rate,2026091900|2026091901|2026091902|2026091903|2026091904|2026091905|2026091906|2026091907|2026091908|2026091909|2026091910|2026091911|2026091912|2026091913|2026091914|2026091915|2026091916|2026091917|2026091918|2026091919,20,20,0,0.0,0.0,0.0
numeric_medium_shift4_n1200,numeric,numeric,medium,1200,4.0,0.02,quality,age,missing_increase_pp,False,509c56e4630c19b10684cda4fdeed3d2d60e7dc3,05b7bab4beef95cc077c40c8cc949baf46a83e36cf9903f6bc97f9f5bcbe3253,non_target_alert_rate,2026091900|2026091901|2026091902|2026091903|2026091904|2026091905|2026091906|2026091907|2026091908|2026091909|2026091910|2026091911|2026091912|2026091913|2026091914|2026091915|2026091916|2026091917|2026091918|2026091919,20,20,0,0.0,0.0,0.0
numeric_medium_shift4_n1200,numeric,numeric,medium,1200,4.0,0.02,quality,age,reference_infinite_count,False,509c56e4630c19b10684cda4fdeed3d2d60e7dc3,05b7bab4beef95cc077c40c8cc949baf46a83e36cf9903f6bc97f9f5bcbe3253,non_target_alert_rate,2026091900|2026091901|2026091902|2026091903|2026091904|2026091905|2026091906|2026091907|2026091908|2026091909|2026091910|2026091911|2026091912|2026091913|2026091914|2026091915|2026091916|2026091917|2026091918|2026091919,20,20,0,0.0,0.0,0.0
numeric_medium_shift4_n1200,numeric,numeric,medium,1200,4.0,0.02,quality,age,reference_max,False,509c56e4630c19b10684cda4fdeed3d2d60e7dc3,05b7bab4beef95cc077c40c8cc949baf46a83e36cf9903f6bc97f9f5bcbe3253,non_target_alert_rate,2026091900|2026091901|2026091902|2026091903|2026091904|2026091905|2026091906|2026091907|2026091908|2026091909|2026091910|2026091911|2026091912|2026091913|2026091914|2026091915|2026091916|2026091917|2026091918|2026091919,20,20,0,0.0,86.6,86.5
numeric_medium_shift4_n1200,numeric,numeric,medium,1200,4.0,0.02,quality,age,reference_min,False,509c56e4630c19b10684cda4fdeed3d2d60e7dc3,05b7bab4beef95cc077c40c8cc949baf46a83e36cf9903f6bc97f9f5bcbe3253,non_target_alert_rate,2026091900|2026091901|2026091902|2026091903|2026091904|2026091905|2026091906|2026091907|2026091908|2026091909|2026091910|2026091911|2026091912|2026091913|2026091914|2026091915|2026091916|2026091917|2026091918|2026091919,20,20,0,0.0,18.0,18.0
numeric_medium_shift4_n1200,numeric,numeric,medium,1200,4.0,0.02,quality,age,reference_missing_fraction,False,509c56e4630c19b10684cda4fdeed3d2d60e7dc3,05b7bab4beef95cc077c40c8cc949baf46a83e36cf9903f6bc97f9f5bcbe3253,non_target_alert_rate,2026091900|2026091901|2026091902|2026091903|2026091904|2026091905|2026091906|2026091907|2026091908|2026091909|2026091910|2026091911|2026091912|2026091913|2026091914|2026091915|2026091916|2026091917|2026091918|2026091919,20,20,0,0.0,0.0,0.0
numeric_medium_shift4_n1200,numeric,numeric,medium,1200,4.0,0.02,quality,income,current_infinite_count,False,509c56e4630c19b10684cda4fdeed3d2d60e7dc3,05b7bab4beef95cc077c40c8cc949baf46a83e36cf9903f6bc97f9f5bcbe3253,non_target_alert_rate,2026091900|2026091901|2026091902|2026091903|2026091904|2026091905|2026091906|2026091907|2026091908|2026091909|2026091910|2026091911|2026091912|2026091913|2026091914|2026091915|2026091916|2026091917|2026091918|2026091919,20,20,0,0.0,0.0,0.0
numeric_medium_shift4_n1200,numeric,numeric,medium,1200,4.0,0.02,quality,income,current_max,False,509c56e4630c19b10684cda4fdeed3d2d60e7dc3,05b7bab4beef95cc077c40c8cc949baf46a83e36cf9903f6bc97f9f5bcbe3253,non_target_alert_rate,2026091900|2026091901|2026091902|2026091903|2026091904|2026091905|2026091906|2026091907|2026091908|2026091909|2026091910|2026091911|2026091912|2026091913|2026091914|2026091915|2026091916|2026091917|2026091918|2026091919,20,20,0,0.0,540426.8019999999,546592.515
numeric_medium_shift4_n1200,numeric,numeric,medium,1200,4.0,0.02,quality,income,current_min,False,509c56e4630c19b10684cda4fdeed3d2d60e7dc3,05b7bab4beef95cc077c40c8cc949baf46a83e36cf9903f6bc97f9f5bcbe3253,non_target_alert_rate,2026091900|2026091901|2026091902|2026091903|2026091904|2026091905|2026091906|2026091907|2026091908|2026091909|2026091910|2026091911|2026091912|2026091913|2026091914|2026091915|2026091916|2026091917|2026091918|2026091919,20,20,0,0.0,13373.402500000002,13755.87
numeric_medium_shift4_n1200,numeric,numeric,medium,1200,4.0,0.02,quality,income,current_missing_fraction,False,509c56e4630c19b10684cda4fdeed3d2d60e7dc3,05b7bab4beef95cc077c40c8cc949baf46a83e36cf9903f6bc97f9f5bcbe3253,non_target_alert_rate,2026091900|2026091901|2026091902|2026091903|2026091904|2026091905|2026091906|2026091907|2026091908|2026091909|2026091910|2026091911|2026091912|2026091913|2026091914|2026091915|2026091916|2026091917|2026091918|2026091919,20,20,0,0.0,0.020000000000000004,0.02
numeric_medium_shift4_n1200,numeric,numeric,medium,1200,4.0,0.02,quality,income,missing_increase_pp,False,509c56e4630c19b10684cda4fdeed3d2d60e7dc3,05b7bab4beef95cc077c40c8cc949baf46a83e36cf9903f6bc97f9f5bcbe3253,non_target_alert_rate,2026091900|2026091901|2026091902|2026091903|2026091904|2026091905|2026091906|2026091907|2026091908|2026091909|2026091910|2026091911|2026091912|2026091913|2026091914|2026091915|2026091916|2026091917|2026091918|2026091919,20,20,0,0.0,0.0,0.0
numeric_medium_shift4_n1200,numeric,numeric,medium,1200,4.0,0.02,quality,income,reference_infinite_count,False,509c56e4630c19b10684cda4fdeed3d2d60e7dc3,05b7bab4beef95cc077c40c8cc949baf46a83e36cf9903f6bc97f9f5bcbe3253,non_target_alert_rate,2026091900|2026091901|2026091902|2026091903|2026091904|2026091905|2026091906|2026091907|2026091908|2026091909|2026091910|2026091911|2026091912|2026091913|2026091914|2026091915|2026091916|2026091917|2026091918|2026091919,20,20,0,0.0,0.0,0.0
numeric_medium_shift4_n1200,numeric,numeric,medium,1200,4.0,0.02,quality,income,reference_max,False,509c56e4630c19b10684cda4fdeed3d2d60e7dc3,05b7bab4beef95cc077c40c8cc949baf46a83e36cf9903f6bc97f9f5bcbe3253,non_target_alert_rate,2026091900|2026091901|2026091902|2026091903|2026091904|2026091905|2026091906|2026091907|2026091908|2026091909|2026091910|2026091911|2026091912|2026091913|2026091914|2026091915|2026091916|2026091917|2026091918|2026091919,20,20,0,0.0,619557.1195,611724.875
numeric_medium_shift4_n1200,numeric,numeric,medium,1200,4.0,0.02,quality,income,reference_min,False,509c56e4630c19b10684cda4fdeed3d2d60e7dc3,05b7bab4beef95cc077c40c8cc949baf46a83e36cf9903f6bc97f9f5bcbe3253,non_target_alert_rate,2026091900|2026091901|2026091902|2026091903|2026091904|2026091905|2026091906|2026091907|2026091908|2026091909|2026091910|2026091911|2026091912|2026091913|2026091914|2026091915|2026091916|2026091917|2026091918|2026091919,20,20,0,0.0,10934.159000000001,11033.564999999999
numeric_medium_shift4_n1200,numeric,numeric,medium,1200,4.0,0.02,quality,income,reference_missing_fraction,False,509c56e4630c19b10684cda4fdeed3d2d60e7dc3,05b7bab4beef95cc077c40c8cc949baf46a83e36cf9903f6bc97f9f5bcbe3253,non_target_alert_rate,2026091900|2026091901|2026091902|2026091903|2026091904|2026091905|2026091906|2026091907|2026091908|2026091909|2026091910|2026091911|2026091912|2026091913|2026091914|2026091915|2026091916|2026091917|2026091918|2026091919,20,20,0,0.0,0.020000000000000004,0.02
numeric_medium_shift4_n1200,numeric,numeric,medium,1200,4.0,0.02,quality,region,current_missing_fraction,False,509c56e4630c19b10684cda4fdeed3d2d60e7dc3,05b7bab4beef95cc077c40c8cc949baf46a83e36cf9903f6bc97f9f5bcbe3253,non_target_alert_rate,2026091900|2026091901|2026091902|2026091903|2026091904|2026091905|2026091906|2026091907|2026091908|2026091909|2026091910|2026091911|2026091912|2026091913|2026091914|2026091915|2026091916|2026091917|2026091918|2026091919,20,20,0,0.0,0.0,0.0
numeric_medium_shift4_n1200,numeric,numeric,medium,1200,4.0,0.02,quality,region,missing_increase_pp,False,509c56e4630c19b10684cda4fdeed3d2d60e7dc3,05b7bab4beef95cc077c40c8cc949baf46a83e36cf9903f6bc97f9f5bcbe3253,non_target_alert_rate,2026091900|2026091901|2026091902|2026091903|2026091904|2026091905|2026091906|2026091907|2026091908|2026091909|2026091910|2026091911|2026091912|2026091913|2026091914|2026091915|2026091916|2026091917|2026091918|2026091919,20,20,0,0.0,0.0,0.0
numeric_medium_shift4_n1200,numeric,numeric,medium,1200,4.0,0.02,quality,region,reference_missing_fraction,False,509c56e4630c19b10684cda4fdeed3d2d60e7dc3,05b7bab4beef95cc077c40c8cc949baf46a83e36cf9903f6bc97f9f5bcbe3253,non_target_alert_rate,2026091900|2026091901|2026091902|2026091903|2026091904|2026091905|2026091906|2026091907|2026091908|2026091909|2026091910|2026091911|2026091912|2026091913|2026091914|2026091915|2026091916|2026091917|2026091918|2026091919,20,20,0,0.0,0.0,0.0
numeric_medium_shift4_n1200,numeric,numeric,medium,1200,4.0,0.02,quality,,current_duplicate_fraction,False,509c56e4630c19b10684cda4fdeed3d2d60e7dc3,05b7bab4beef95cc077c40c8cc949baf46a83e36cf9903f6bc97f9f5bcbe3253,non_target_alert_rate,2026091900|2026091901|2026091902|2026091903|2026091904|2026091905|2026091906|2026091907|2026091908|2026091909|2026091910|2026091911|2026091912|2026091913|2026091914|2026091915|2026091916|2026091917|2026091918|2026091919,20,20,0,0.0,0.0012499999999999998,0.0008333333333333334
numeric_medium_shift4_n1200,numeric,numeric,medium,1200,4.0,0.02,quality,,reference_duplicate_fraction,False,509c56e4630c19b10684cda4fdeed3d2d60e7dc3,05b7bab4beef95cc077c40c8cc949baf46a83e36cf9903f6bc97f9f5bcbe3253,non_target_alert_rate,2026091900|2026091901|2026091902|2026091903|2026091904|2026091905|2026091906|2026091907|2026091908|2026091909|2026091910|2026091911|2026091912|2026091913|2026091914|2026091915|2026091916|2026091917|2026091918|2026091919,20,20,0,0.0,0.004259999999999999,0.0042
numeric_medium_shift4_n3000,numeric,numeric,medium,3000,4.0,0.02,adversarial,,roc_auc,True,509c56e4630c19b10684cda4fdeed3d2d60e7dc3,05b7bab4beef95cc077c40c8cc949baf46a83e36cf9903f6bc97f9f5bcbe3253,detection_rate,2026091900|2026091901|2026091902|2026091903|2026091904|2026091905|2026091906|2026091907|2026091908|2026091909|2026091910|2026091911|2026091912|2026091913|2026091914|2026091915|2026091916|2026091917|2026091918|2026091919,20,20,0,0.0,0.589910375,0.5895445833333333
numeric_medium_shift4_n3000,numeric,numeric,medium,3000,4.0,0.02,drift,age,js,True,509c56e4630c19b10684cda4fdeed3d2d60e7dc3,05b7bab4beef95cc077c40c8cc949baf46a83e36cf9903f6bc97f9f5bcbe3253,detection_rate,2026091900|2026091901|2026091902|2026091903|2026091904|2026091905|2026091906|2026091907|2026091908|2026091909|2026091910|2026091911|2026091912|2026091913|2026091914|2026091915|2026091916|2026091917|2026091918|2026091919,20,20,0,0.0,0.018741813043475032,0.018495474764699493
numeric_medium_shift4_n3000,numeric,numeric,medium,3000,4.0,0.02,drift,age,ks,True,509c56e4630c19b10684cda4fdeed3d2d60e7dc3,05b7bab4beef95cc077c40c8cc949baf46a83e36cf9903f6bc97f9f5bcbe3253,detection_rate,2026091900|2026091901|2026091902|2026091903|2026091904|2026091905|2026091906|2026091907|2026091908|2026091909|2026091910|2026091911|2026091912|2026091913|2026091914|2026091915|2026091916|2026091917|2026091918|2026091919,20,20,20,1.0,0.13288333333333338,0.13150000000000003
numeric_medium_shift4_n3000,numeric,numeric,medium,3000,4.0,0.02,drift,age,psi,True,509c56e4630c19b10684cda4fdeed3d2d60e7dc3,05b7bab4beef95cc077c40c8cc949baf46a83e36cf9903f6bc97f9f5bcbe3253,detection_rate,2026091900|2026091901|2026091902|2026091903|2026091904|2026091905|2026091906|2026091907|2026091908|2026091909|2026091910|2026091911|2026091912|2026091913|2026091914|2026091915|2026091916|2026091917|2026091918|2026091919,20,20,12,0.6,0.1050114554261123,0.10361999588375721
numeric_medium_shift4_n3000,numeric,numeric,medium,3000,4.0,0.02,drift,age,wasserstein,True,509c56e4630c19b10684cda4fdeed3d2d60e7dc3,05b7bab4beef95cc077c40c8cc949baf46a83e36cf9903f6bc97f9f5bcbe3253,detection_rate,2026091900|2026091901|2026091902|2026091903|2026091904|2026091905|2026091906|2026091907|2026091908|2026091909|2026091910|2026091911|2026091912|2026091913|2026091914|2026091915|2026091916|2026091917|2026091918|2026091919,20,20,20,1.0,3.923916666666666,3.9375999999999998
numeric_medium_shift4_n3000,numeric,numeric,medium,3000,4.0,0.02,drift,income,js,False,509c56e4630c19b10684cda4fdeed3d2d60e7dc3,05b7bab4beef95cc077c40c8cc949baf46a83e36cf9903f6bc97f9f5bcbe3253,non_target_alert_rate,2026091900|2026091901|2026091902|2026091903|2026091904|2026091905|2026091906|2026091907|2026091908|2026091909|2026091910|2026091911|2026091912|2026091913|2026091914|2026091915|2026091916|2026091917|2026091918|2026091919,20,20,0,0.0,0.0008422728387044618,0.0006696831271676581
numeric_medium_shift4_n3000,numeric,numeric,medium,3000,4.0,0.02,drift,income,ks,False,509c56e4630c19b10684cda4fdeed3d2d60e7dc3,05b7bab4beef95cc077c40c8cc949baf46a83e36cf9903f6bc97f9f5bcbe3253,non_target_alert_rate,2026091900|2026091901|2026091902|2026091903|2026091904|2026091905|2026091906|2026091907|2026091908|2026091909|2026091910|2026091911|2026091912|2026091913|2026091914|2026091915|2026091916|2026091917|2026091918|2026091919,20,20,1,0.05,0.020693877551020402,0.019115646258503344
numeric_medium_shift4_n3000,numeric,numeric,medium,3000,4.0,0.02,drift,income,psi,False,509c56e4630c19b10684cda4fdeed3d2d60e7dc3,05b7bab4beef95cc077c40c8cc949baf46a83e36cf9903f6bc97f9f5bcbe3253,non_target_alert_rate,2026091900|2026091901|2026091902|2026091903|2026091904|2026091905|2026091906|2026091907|2026091908|2026091909|2026091910|2026091911|2026091912|2026091913|2026091914|2026091915|2026091916|2026091917|2026091918|2026091919,20,20,0,0.0,0.004673964161402819,0.0037146030781121716
numeric_medium_shift4_n3000,numeric,numeric,medium,3000,4.0,0.02,drift,income,wasserstein,False,509c56e4630c19b10684cda4fdeed3d2d60e7dc3,05b7bab4beef95cc077c40c8cc949baf46a83e36cf9903f6bc97f9f5bcbe3253,non_target_alert_rate,2026091900|2026091901|2026091902|2026091903|2026091904|2026091905|2026091906|2026091907|2026091908|2026091909|2026091910|2026091911|2026091912|2026091913|2026091914|2026091915|2026091916|2026091917|2026091918|2026091919,20,0,0,,1998.0276761904765,1872.539914285714
numeric_medium_shift4_n3000,numeric,numeric,medium,3000,4.0,0.02,drift,region,chi2,False,509c56e4630c19b10684cda4fdeed3d2d60e7dc3,05b7bab4beef95cc077c40c8cc949baf46a83e36cf9903f6bc97f9f5bcbe3253,non_target_alert_rate,2026091900|2026091901|2026091902|2026091903|2026091904|2026091905|2026091906|2026091907|2026091908|2026091909|2026091910|2026091911|2026091912|2026091913|2026091914|2026091915|2026091916|2026091917|2026091918|2026091919,20,20,0,0.0,3.5921559063188924,3.8250271666249747
numeric_medium_shift4_n3000,numeric,numeric,medium,3000,4.0,0.02,drift,region,js,False,509c56e4630c19b10684cda4fdeed3d2d60e7dc3,05b7bab4beef95cc077c40c8cc949baf46a83e36cf9903f6bc97f9f5bcbe3253,non_target_alert_rate,2026091900|2026091901|2026091902|2026091903|2026091904|2026091905|2026091906|2026091907|2026091908|2026091909|2026091910|2026091911|2026091912|2026091913|2026091914|2026091915|2026091916|2026091917|2026091918|2026091919,20,20,0,0.0,0.0003454298659140701,0.0003686092678177425
numeric_medium_shift4_n3000,numeric,numeric,medium,3000,4.0,0.02,drift,region,psi,False,509c56e4630c19b10684cda4fdeed3d2d60e7dc3,05b7bab4beef95cc077c40c8cc949baf46a83e36cf9903f6bc97f9f5bcbe3253,non_target_alert_rate,2026091900|2026091901|2026091902|2026091903|2026091904|2026091905|2026091906|2026091907|2026091908|2026091909|2026091910|2026091911|2026091912|2026091913|2026091914|2026091915|2026091916|2026091917|2026091918|2026091919,20,20,0,0.0,0.0019158925039105775,0.002044319644251615
numeric_medium_shift4_n3000,numeric,numeric,medium,3000,4.0,0.02,quality,age,current_infinite_count,False,509c56e4630c19b10684cda4fdeed3d2d60e7dc3,05b7bab4beef95cc077c40c8cc949baf46a83e36cf9903f6bc97f9f5bcbe3253,non_target_alert_rate,2026091900|2026091901|2026091902|2026091903|2026091904|2026091905|2026091906|2026091907|2026091908|2026091909|2026091910|2026091911|2026091912|2026091913|2026091914|2026091915|2026091916|2026091917|2026091918|2026091919,20,20,0,0.0,0.0,0.0
numeric_medium_shift4_n3000,numeric,numeric,medium,3000,4.0,0.02,quality,age,current_max,False,509c56e4630c19b10684cda4fdeed3d2d60e7dc3,05b7bab4beef95cc077c40c8cc949baf46a83e36cf9903f6bc97f9f5bcbe3253,non_target_alert_rate,2026091900|2026091901|2026091902|2026091903|2026091904|2026091905|2026091906|2026091907|2026091908|2026091909|2026091910|2026091911|2026091912|2026091913|2026091914|2026091915|2026091916|2026091917|2026091918|2026091919,20,20,0,0.0,88.95,87.5
numeric_medium_shift4_n3000,numeric,numeric,medium,3000,4.0,0.02,quality,age,current_min,False,509c56e4630c19b10684cda4fdeed3d2d60e7dc3,05b7bab4beef95cc077c40c8cc949baf46a83e36cf9903f6bc97f9f5bcbe3253,non_target_alert_rate,2026091900|2026091901|2026091902|2026091903|2026091904|2026091905|2026091906|2026091907|2026091908|2026091909|2026091910|2026091911|2026091912|2026091913|2026091914|2026091915|2026091916|2026091917|2026091918|2026091919,20,20,0,0.0,22.0,22.0
numeric_medium_shift4_n3000,numeric,numeric,medium,3000,4.0,0.02,quality,age,current_missing_fraction,False,509c56e4630c19b10684cda4fdeed3d2d60e7dc3,05b7bab4beef95cc077c40c8cc949baf46a83e36cf9903f6bc97f9f5bcbe3253,non_target_alert_rate,2026091900|2026091901|2026091902|2026091903|2026091904|2026091905|2026091906|2026091907|2026091908|2026091909|2026091910|2026091911|2026091912|2026091913|2026091914|2026091915|2026091916|2026091917|2026091918|2026091919,20,20,0,0.0,0.0,0.0
numeric_medium_shift4_n3000,numeric,numeric,medium,3000,4.0,0.02,quality,age,missing_increase_pp,False,509c56e4630c19b10684cda4fdeed3d2d60e7dc3,05b7bab4beef95cc077c40c8cc949baf46a83e36cf9903f6bc97f9f5bcbe3253,non_target_alert_rate,2026091900|2026091901|2026091902|2026091903|2026091904|2026091905|2026091906|2026091907|2026091908|2026091909|2026091910|2026091911|2026091912|2026091913|2026091914|2026091915|2026091916|2026091917|2026091918|2026091919,20,20,0,0.0,0.0,0.0
numeric_medium_shift4_n3000,numeric,numeric,medium,3000,4.0,0.02,quality,age,reference_infinite_count,False,509c56e4630c19b10684cda4fdeed3d2d60e7dc3,05b7bab4beef95cc077c40c8cc949baf46a83e36cf9903f6bc97f9f5bcbe3253,non_target_alert_rate,2026091900|2026091901|2026091902|2026091903|2026091904|2026091905|2026091906|2026091907|2026091908|2026091909|2026091910|2026091911|2026091912|2026091913|2026091914|2026091915|2026091916|2026091917|2026091918|2026091919,20,20,0,0.0,0.0,0.0
numeric_medium_shift4_n3000,numeric,numeric,medium,3000,4.0,0.02,quality,age,reference_max,False,509c56e4630c19b10684cda4fdeed3d2d60e7dc3,05b7bab4beef95cc077c40c8cc949baf46a83e36cf9903f6bc97f9f5bcbe3253,non_target_alert_rate,2026091900|2026091901|2026091902|2026091903|2026091904|2026091905|2026091906|2026091907|2026091908|2026091909|2026091910|2026091911|2026091912|2026091913|2026091914|2026091915|2026091916|2026091917|2026091918|2026091919,20,20,0,0.0,86.6,86.5
numeric_medium_shift4_n3000,numeric,numeric,medium,3000,4.0,0.02,quality,age,reference_min,False,509c56e4630c19b10684cda4fdeed3d2d60e7dc3,05b7bab4beef95cc077c40c8cc949baf46a83e36cf9903f6bc97f9f5bcbe3253,non_target_alert_rate,2026091900|2026091901|2026091902|2026091903|2026091904|2026091905|2026091906|2026091907|2026091908|2026091909|2026091910|2026091911|2026091912|2026091913|2026091914|2026091915|2026091916|2026091917|2026091918|2026091919,20,20,0,0.0,18.0,18.0
numeric_medium_shift4_n3000,numeric,numeric,medium,3000,4.0,0.02,quality,age,reference_missing_fraction,False,509c56e4630c19b10684cda4fdeed3d2d60e7dc3,05b7bab4beef95cc077c40c8cc949baf46a83e36cf9903f6bc97f9f5bcbe3253,non_target_alert_rate,2026091900|2026091901|2026091902|2026091903|2026091904|2026091905|2026091906|2026091907|2026091908|2026091909|2026091910|2026091911|2026091912|2026091913|2026091914|2026091915|2026091916|2026091917|2026091918|2026091919,20,20,0,0.0,0.0,0.0
numeric_medium_shift4_n3000,numeric,numeric,medium,3000,4.0,0.02,quality,income,current_infinite_count,False,509c56e4630c19b10684cda4fdeed3d2d60e7dc3,05b7bab4beef95cc077c40c8cc949baf46a83e36cf9903f6bc97f9f5bcbe3253,non_target_alert_rate,2026091900|2026091901|2026091902|2026091903|2026091904|2026091905|2026091906|2026091907|2026091908|2026091909|2026091910|2026091911|2026091912|2026091913|2026091914|2026091915|2026091916|2026091917|2026091918|2026091919,20,20,0,0.0,0.0,0.0
numeric_medium_shift4_n3000,numeric,numeric,medium,3000,4.0,0.02,quality,income,current_max,False,509c56e4630c19b10684cda4fdeed3d2d60e7dc3,05b7bab4beef95cc077c40c8cc949baf46a83e36cf9903f6bc97f9f5bcbe3253,non_target_alert_rate,2026091900|2026091901|2026091902|2026091903|2026091904|2026091905|2026091906|2026091907|2026091908|2026091909|2026091910|2026091911|2026091912|2026091913|2026091914|2026091915|2026091916|2026091917|2026091918|2026091919,20,20,0,0.0,568823.3389999999,578353.25
numeric_medium_shift4_n3000,numeric,numeric,medium,3000,4.0,0.02,quality,income,current_min,False,509c56e4630c19b10684cda4fdeed3d2d60e7dc3,05b7bab4beef95cc077c40c8cc949baf46a83e36cf9903f6bc97f9f5bcbe3253,non_target_alert_rate,2026091900|2026091901|2026091902|2026091903|2026091904|2026091905|2026091906|2026091907|2026091908|2026091909|2026091910|2026091911|2026091912|2026091913|2026091914|2026091915|2026091916|2026091917|2026091918|2026091919,20,20,0,0.0,12188.2975,12446.635
numeric_medium_shift4_n3000,numeric,numeric,medium,3000,4.0,0.02,quality,income,current_missing_fraction,False,509c56e4630c19b10684cda4fdeed3d2d60e7dc3,05b7bab4beef95cc077c40c8cc949baf46a83e36cf9903f6bc97f9f5bcbe3253,non_target_alert_rate,2026091900|2026091901|2026091902|2026091903|2026091904|2026091905|2026091906|2026091907|2026091908|2026091909|2026091910|2026091911|2026091912|2026091913|2026091914|2026091915|2026091916|2026091917|2026091918|2026091919,20,20,0,0.0,0.020000000000000004,0.02
numeric_medium_shift4_n3000,numeric,numeric,medium,3000,4.0,0.02,quality,income,missing_increase_pp,False,509c56e4630c19b10684cda4fdeed3d2d60e7dc3,05b7bab4beef95cc077c40c8cc949baf46a83e36cf9903f6bc97f9f5bcbe3253,non_target_alert_rate,2026091900|2026091901|2026091902|2026091903|2026091904|2026091905|2026091906|2026091907|2026091908|2026091909|2026091910|2026091911|2026091912|2026091913|2026091914|2026091915|2026091916|2026091917|2026091918|2026091919,20,20,0,0.0,0.0,0.0
numeric_medium_shift4_n3000,numeric,numeric,medium,3000,4.0,0.02,quality,income,reference_infinite_count,False,509c56e4630c19b10684cda4fdeed3d2d60e7dc3,05b7bab4beef95cc077c40c8cc949baf46a83e36cf9903f6bc97f9f5bcbe3253,non_target_alert_rate,2026091900|2026091901|2026091902|2026091903|2026091904|2026091905|2026091906|2026091907|2026091908|2026091909|2026091910|2026091911|2026091912|2026091913|2026091914|2026091915|2026091916|2026091917|2026091918|2026091919,20,20,0,0.0,0.0,0.0
numeric_medium_shift4_n3000,numeric,numeric,medium,3000,4.0,0.02,quality,income,reference_max,False,509c56e4630c19b10684cda4fdeed3d2d60e7dc3,05b7bab4beef95cc077c40c8cc949baf46a83e36cf9903f6bc97f9f5bcbe3253,non_target_alert_rate,2026091900|2026091901|2026091902|2026091903|2026091904|2026091905|2026091906|2026091907|2026091908|2026091909|2026091910|2026091911|2026091912|2026091913|2026091914|2026091915|2026091916|2026091917|2026091918|2026091919,20,20,0,0.0,619557.1195,611724.875
numeric_medium_shift4_n3000,numeric,numeric,medium,3000,4.0,0.02,quality,income,reference_min,False,509c56e4630c19b10684cda4fdeed3d2d60e7dc3,05b7bab4beef95cc077c40c8cc949baf46a83e36cf9903f6bc97f9f5bcbe3253,non_target_alert_rate,2026091900|2026091901|2026091902|2026091903|2026091904|2026091905|2026091906|2026091907|2026091908|2026091909|2026091910|2026091911|2026091912|2026091913|2026091914|2026091915|2026091916|2026091917|2026091918|2026091919,20,20,0,0.0,10934.159000000001,11033.564999999999
numeric_medium_shift4_n3000,numeric,numeric,medium,3000,4.0,0.02,quality,income,reference_missing_fraction,False,509c56e4630c19b10684cda4fdeed3d2d60e7dc3,05b7bab4beef95cc077c40c8cc949baf46a83e36cf9903f6bc97f9f5bcbe3253,non_target_alert_rate,2026091900|2026091901|2026091902|2026091903|2026091904|2026091905|2026091906|2026091907|2026091908|2026091909|2026091910|2026091911|2026091912|2026091913|2026091914|2026091915|2026091916|2026091917|2026091918|2026091919,20,20,0,0.0,0.020000000000000004,0.02
numeric_medium_shift4_n3000,numeric,numeric,medium,3000,4.0,0.02,quality,region,current_missing_fraction,False,509c56e4630c19b10684cda4fdeed3d2d60e7dc3,05b7bab4beef95cc077c40c8cc949baf46a83e36cf9903f6bc97f9f5bcbe3253,non_target_alert_rate,2026091900|2026091901|2026091902|2026091903|2026091904|2026091905|2026091906|2026091907|2026091908|2026091909|2026091910|2026091911|2026091912|2026091913|2026091914|2026091915|2026091916|2026091917|2026091918|2026091919,20,20,0,0.0,0.0,0.0
numeric_medium_shift4_n3000,numeric,numeric,medium,3000,4.0,0.02,quality,region,missing_increase_pp,False,509c56e4630c19b10684cda4fdeed3d2d60e7dc3,05b7bab4beef95cc077c40c8cc949baf46a83e36cf9903f6bc97f9f5bcbe3253,non_target_alert_rate,2026091900|2026091901|2026091902|2026091903|2026091904|2026091905|2026091906|2026091907|2026091908|2026091909|2026091910|2026091911|2026091912|2026091913|2026091914|2026091915|2026091916|2026091917|2026091918|2026091919,20,20,0,0.0,0.0,0.0
numeric_medium_shift4_n3000,numeric,numeric,medium,3000,4.0,0.02,quality,region,reference_missing_fraction,False,509c56e4630c19b10684cda4fdeed3d2d60e7dc3,05b7bab4beef95cc077c40c8cc949baf46a83e36cf9903f6bc97f9f5bcbe3253,non_target_alert_rate,2026091900|2026091901|2026091902|2026091903|2026091904|2026091905|2026091906|2026091907|2026091908|2026091909|2026091910|2026091911|2026091912|2026091913|2026091914|2026091915|2026091916|2026091917|2026091918|2026091919,20,20,0,0.0,0.0,0.0
numeric_medium_shift4_n3000,numeric,numeric,medium,3000,4.0,0.02,quality,,current_duplicate_fraction,False,509c56e4630c19b10684cda4fdeed3d2d60e7dc3,05b7bab4beef95cc077c40c8cc949baf46a83e36cf9903f6bc97f9f5bcbe3253,non_target_alert_rate,2026091900|2026091901|2026091902|2026091903|2026091904|2026091905|2026091906|2026091907|2026091908|2026091909|2026091910|2026091911|2026091912|2026091913|2026091914|2026091915|2026091916|2026091917|2026091918|2026091919,20,20,0,0.0,0.0028666666666666667,0.0026666666666666666
numeric_medium_shift4_n3000,numeric,numeric,medium,3000,4.0,0.02,quality,,reference_duplicate_fraction,False,509c56e4630c19b10684cda4fdeed3d2d60e7dc3,05b7bab4beef95cc077c40c8cc949baf46a83e36cf9903f6bc97f9f5bcbe3253,non_target_alert_rate,2026091900|2026091901|2026091902|2026091903|2026091904|2026091905|2026091906|2026091907|2026091908|2026091909|2026091910|2026091911|2026091912|2026091913|2026091914|2026091915|2026091916|2026091917|2026091918|2026091919,20,20,0,0.0,0.004259999999999999,0.0042
numeric_medium_shift4_n500,numeric,numeric,medium,500,4.0,0.02,adversarial,,roc_auc,True,509c56e4630c19b10684cda4fdeed3d2d60e7dc3,05b7bab4beef95cc077c40c8cc949baf46a83e36cf9903f6bc97f9f5bcbe3253,detection_rate,2026091900|2026091901|2026091902|2026091903|2026091904|2026091905|2026091906|2026091907|2026091908|2026091909|2026091910|2026091911|2026091912|2026091913|2026091914|2026091915|2026091916|2026091917|2026091918|2026091919,20,20,0,0.0,0.56183032,0.5626644
numeric_medium_shift4_n500,numeric,numeric,medium,500,4.0,0.02,drift,age,js,True,509c56e4630c19b10684cda4fdeed3d2d60e7dc3,05b7bab4beef95cc077c40c8cc949baf46a83e36cf9903f6bc97f9f5bcbe3253,detection_rate,2026091900|2026091901|2026091902|2026091903|2026091904|2026091905|2026091906|2026091907|2026091908|2026091909|2026091910|2026091911|2026091912|2026091913|2026091914|2026091915|2026091916|2026091917|2026091918|2026091919,20,20,0,0.0,0.020680352587935314,0.019450622728172096
numeric_medium_shift4_n500,numeric,numeric,medium,500,4.0,0.02,drift,age,ks,True,509c56e4630c19b10684cda4fdeed3d2d60e7dc3,05b7bab4beef95cc077c40c8cc949baf46a83e36cf9903f6bc97f9f5bcbe3253,detection_rate,2026091900|2026091901|2026091902|2026091903|2026091904|2026091905|2026091906|2026091907|2026091908|2026091909|2026091910|2026091911|2026091912|2026091913|2026091914|2026091915|2026091916|2026091917|2026091918|2026091919,20,20,20,1.0,0.14143,0.14150000000000001
numeric_medium_shift4_n500,numeric,numeric,medium,500,4.0,0.02,drift,age,psi,True,509c56e4630c19b10684cda4fdeed3d2d60e7dc3,05b7bab4beef95cc077c40c8cc949baf46a83e36cf9903f6bc97f9f5bcbe3253,detection_rate,2026091900|2026091901|2026091902|2026091903|2026091904|2026091905|2026091906|2026091907|2026091908|2026091909|2026091910|2026091911|2026091912|2026091913|2026091914|2026091915|2026091916|2026091917|2026091918|2026091919,20,20,15,0.75,0.11606927871264201,0.10924231342124782
numeric_medium_shift4_n500,numeric,numeric,medium,500,4.0,0.02,drift,age,wasserstein,True,509c56e4630c19b10684cda4fdeed3d2d60e7dc3,05b7bab4beef95cc077c40c8cc949baf46a83e36cf9903f6bc97f9f5bcbe3253,detection_rate,2026091900|2026091901|2026091902|2026091903|2026091904|2026091905|2026091906|2026091907|2026091908|2026091909|2026091910|2026091911|2026091912|2026091913|2026091914|2026091915|2026091916|2026091917|2026091918|2026091919,20,20,20,1.0,3.88342,3.8355999999999995
numeric_medium_shift4_n500,numeric,numeric,medium,500,4.0,0.02,drift,income,js,False,509c56e4630c19b10684cda4fdeed3d2d60e7dc3,05b7bab4beef95cc077c40c8cc949baf46a83e36cf9903f6bc97f9f5bcbe3253,non_target_alert_rate,2026091900|2026091901|2026091902|2026091903|2026091904|2026091905|2026091906|2026091907|2026091908|2026091909|2026091910|2026091911|2026091912|2026091913|2026091914|2026091915|2026091916|2026091917|2026091918|2026091919,20,20,0,0.0,0.002613253671303028,0.002194773297986808
numeric_medium_shift4_n500,numeric,numeric,medium,500,4.0,0.02,drift,income,ks,False,509c56e4630c19b10684cda4fdeed3d2d60e7dc3,05b7bab4beef95cc077c40c8cc949baf46a83e36cf9903f6bc97f9f5bcbe3253,non_target_alert_rate,2026091900|2026091901|2026091902|2026091903|2026091904|2026091905|2026091906|2026091907|2026091908|2026091909|2026091910|2026091911|2026091912|2026091913|2026091914|2026091915|2026091916|2026091917|2026091918|2026091919,20,20,1,0.05,0.03655102040816326,0.03479591836734694
numeric_medium_shift4_n500,numeric,numeric,medium,500,4.0,0.02,drift,income,psi,False,509c56e4630c19b10684cda4fdeed3d2d60e7dc3,05b7bab4beef95cc077c40c8cc949baf46a83e36cf9903f6bc97f9f5bcbe3253,non_target_alert_rate,2026091900|2026091901|2026091902|2026091903|2026091904|2026091905|2026091906|2026091907|2026091908|2026091909|2026091910|2026091911|2026091912|2026091913|2026091914|2026091915|2026091916|2026091917|2026091918|2026091919,20,20,0,0.0,0.014517859426963677,0.012184815417315031
numeric_medium_shift4_n500,numeric,numeric,medium,500,4.0,0.02,drift,income,wasserstein,False,509c56e4630c19b10684cda4fdeed3d2d60e7dc3,05b7bab4beef95cc077c40c8cc949baf46a83e36cf9903f6bc97f9f5bcbe3253,non_target_alert_rate,2026091900|2026091901|2026091902|2026091903|2026091904|2026091905|2026091906|2026091907|2026091908|2026091909|2026091910|2026091911|2026091912|2026091913|2026091914|2026091915|2026091916|2026091917|2026091918|2026091919,20,0,0,,3118.3180965306133,3141.940216326532
numeric_medium_shift4_n500,numeric,numeric,medium,500,4.0,0.02,drift,region,chi2,False,509c56e4630c19b10684cda4fdeed3d2d60e7dc3,05b7bab4beef95cc077c40c8cc949baf46a83e36cf9903f6bc97f9f5bcbe3253,non_target_alert_rate,2026091900|2026091901|2026091902|2026091903|2026091904|2026091905|2026091906|2026091907|2026091908|2026091909|2026091910|2026091911|2026091912|2026091913|2026091914|2026091915|2026091916|2026091917|2026091918|2026091919,20,20,0,0.0,3.305730494459765,2.9736838097361407
numeric_medium_shift4_n500,numeric,numeric,medium,500,4.0,0.02,drift,region,js,False,509c56e4630c19b10684cda4fdeed3d2d60e7dc3,05b7bab4beef95cc077c40c8cc949baf46a83e36cf9903f6bc97f9f5bcbe3253,non_target_alert_rate,2026091900|2026091901|2026091902|2026091903|2026091904|2026091905|2026091906|2026091907|2026091908|2026091909|2026091910|2026091911|2026091912|2026091913|2026091914|2026091915|2026091916|2026091917|2026091918|2026091919,20,20,0,0.0,0.0013211464980250223,0.0011756629666075898
numeric_medium_shift4_n500,numeric,numeric,medium,500,4.0,0.02,drift,region,psi,False,509c56e4630c19b10684cda4fdeed3d2d60e7dc3,05b7bab4beef95cc077c40c8cc949baf46a83e36cf9903f6bc97f9f5bcbe3253,non_target_alert_rate,2026091900|2026091901|2026091902|2026091903|2026091904|2026091905|2026091906|2026091907|2026091908|2026091909|2026091910|2026091911|2026091912|2026091913|2026091914|2026091915|2026091916|2026091917|2026091918|2026091919,20,20,0,0.0,0.007331876028945081,0.00652210825749337
numeric_medium_shift4_n500,numeric,numeric,medium,500,4.0,0.02,quality,age,current_infinite_count,False,509c56e4630c19b10684cda4fdeed3d2d60e7dc3,05b7bab4beef95cc077c40c8cc949baf46a83e36cf9903f6bc97f9f5bcbe3253,non_target_alert_rate,2026091900|2026091901|2026091902|2026091903|2026091904|2026091905|2026091906|2026091907|2026091908|2026091909|2026091910|2026091911|2026091912|2026091913|2026091914|2026091915|2026091916|2026091917|2026091918|2026091919,20,20,0,0.0,0.0,0.0
numeric_medium_shift4_n500,numeric,numeric,medium,500,4.0,0.02,quality,age,current_max,False,509c56e4630c19b10684cda4fdeed3d2d60e7dc3,05b7bab4beef95cc077c40c8cc949baf46a83e36cf9903f6bc97f9f5bcbe3253,non_target_alert_rate,2026091900|2026091901|2026091902|2026091903|2026091904|2026091905|2026091906|2026091907|2026091908|2026091909|2026091910|2026091911|2026091912|2026091913|2026091914|2026091915|2026091916|2026091917|2026091918|2026091919,20,20,0,0.0,82.5,81.0
numeric_medium_shift4_n500,numeric,numeric,medium,500,4.0,0.02,quality,age,current_min,False,509c56e4630c19b10684cda4fdeed3d2d60e7dc3,05b7bab4beef95cc077c40c8cc949baf46a83e36cf9903f6bc97f9f5bcbe3253,non_target_alert_rate,2026091900|2026091901|2026091902|2026091903|2026091904|2026091905|2026091906|2026091907|2026091908|2026091909|2026091910|2026091911|2026091912|2026091913|2026091914|2026091915|2026091916|2026091917|2026091918|2026091919,20,20,0,0.0,22.0,22.0
numeric_medium_shift4_n500,numeric,numeric,medium,500,4.0,0.02,quality,age,current_missing_fraction,False,509c56e4630c19b10684cda4fdeed3d2d60e7dc3,05b7bab4beef95cc077c40c8cc949baf46a83e36cf9903f6bc97f9f5bcbe3253,non_target_alert_rate,2026091900|2026091901|2026091902|2026091903|2026091904|2026091905|2026091906|2026091907|2026091908|2026091909|2026091910|2026091911|2026091912|2026091913|2026091914|2026091915|2026091916|2026091917|2026091918|2026091919,20,20,0,0.0,0.0,0.0
numeric_medium_shift4_n500,numeric,numeric,medium,500,4.0,0.02,quality,age,missing_increase_pp,False,509c56e4630c19b10684cda4fdeed3d2d60e7dc3,05b7bab4beef95cc077c40c8cc949baf46a83e36cf9903f6bc97f9f5bcbe3253,non_target_alert_rate,2026091900|2026091901|2026091902|2026091903|2026091904|2026091905|2026091906|2026091907|2026091908|2026091909|2026091910|2026091911|2026091912|2026091913|2026091914|2026091915|2026091916|2026091917|2026091918|2026091919,20,20,0,0.0,0.0,0.0
numeric_medium_shift4_n500,numeric,numeric,medium,500,4.0,0.02,quality,age,reference_infinite_count,False,509c56e4630c19b10684cda4fdeed3d2d60e7dc3,05b7bab4beef95cc077c40c8cc949baf46a83e36cf9903f6bc97f9f5bcbe3253,non_target_alert_rate,2026091900|2026091901|2026091902|2026091903|2026091904|2026091905|2026091906|2026091907|2026091908|2026091909|2026091910|2026091911|2026091912|2026091913|2026091914|2026091915|2026091916|2026091917|2026091918|2026091919,20,20,0,0.0,0.0,0.0
numeric_medium_shift4_n500,numeric,numeric,medium,500,4.0,0.02,quality,age,reference_max,False,509c56e4630c19b10684cda4fdeed3d2d60e7dc3,05b7bab4beef95cc077c40c8cc949baf46a83e36cf9903f6bc97f9f5bcbe3253,non_target_alert_rate,2026091900|2026091901|2026091902|2026091903|2026091904|2026091905|2026091906|2026091907|2026091908|2026091909|2026091910|2026091911|2026091912|2026091913|2026091914|2026091915|2026091916|2026091917|2026091918|2026091919,20,20,0,0.0,86.6,86.5
numeric_medium_shift4_n500,numeric,numeric,medium,500,4.0,0.02,quality,age,reference_min,False,509c56e4630c19b10684cda4fdeed3d2d60e7dc3,05b7bab4beef95cc077c40c8cc949baf46a83e36cf9903f6bc97f9f5bcbe3253,non_target_alert_rate,2026091900|2026091901|2026091902|2026091903|2026091904|2026091905|2026091906|2026091907|2026091908|2026091909|2026091910|2026091911|2026091912|2026091913|2026091914|2026091915|2026091916|2026091917|2026091918|2026091919,20,20,0,0.0,18.0,18.0
numeric_medium_shift4_n500,numeric,numeric,medium,500,4.0,0.02,quality,age,reference_missing_fraction,False,509c56e4630c19b10684cda4fdeed3d2d60e7dc3,05b7bab4beef95cc077c40c8cc949baf46a83e36cf9903f6bc97f9f5bcbe3253,non_target_alert_rate,2026091900|2026091901|2026091902|2026091903|2026091904|2026091905|2026091906|2026091907|2026091908|2026091909|2026091910|2026091911|2026091912|2026091913|2026091914|2026091915|2026091916|2026091917|2026091918|2026091919,20,20,0,0.0,0.0,0.0
numeric_medium_shift4_n500,numeric,numeric,medium,500,4.0,0.02,quality,income,current_infinite_count,False,509c56e4630c19b10684cda4fdeed3d2d60e7dc3,05b7bab4beef95cc077c40c8cc949baf46a83e36cf9903f6bc97f9f5bcbe3253,non_target_alert_rate,2026091900|2026091901|2026091902|2026091903|2026091904|2026091905|2026091906|2026091907|2026091908|2026091909|2026091910|2026091911|2026091912|2026091913|2026091914|2026091915|2026091916|2026091917|2026091918|2026091919,20,20,0,0.0,0.0,0.0
numeric_medium_shift4_n500,numeric,numeric,medium,500,4.0,0.02,quality,income,current_max,False,509c56e4630c19b10684cda4fdeed3d2d60e7dc3,05b7bab4beef95cc077c40c8cc949baf46a83e36cf9903f6bc97f9f5bcbe3253,non_target_alert_rate,2026091900|2026091901|2026091902|2026091903|2026091904|2026091905|2026091906|2026091907|2026091908|2026091909|2026091910|2026091911|2026091912|2026091913|2026091914|2026091915|2026091916|2026091917|2026091918|2026091919,20,20,0,0.0,511800.5295,498932.28500000003
numeric_medium_shift4_n500,numeric,numeric,medium,500,4.0,0.02,quality,income,current_min,False,509c56e4630c19b10684cda4fdeed3d2d60e7dc3,05b7bab4beef95cc077c40c8cc949baf46a83e36cf9903f6bc97f9f5bcbe3253,non_target_alert_rate,2026091900|2026091901|2026091902|2026091903|2026091904|2026091905|2026091906|2026091907|2026091908|2026091909|2026091910|2026091911|2026091912|2026091913|2026091914|2026091915|2026091916|2026091917|2026091918|2026091919,20,20,0,0.0,15150.136000000002,15449.15
numeric_medium_shift4_n500,numeric,numeric,medium,500,4.0,0.02,quality,income,current_missing_fraction,False,509c56e4630c19b10684cda4fdeed3d2d60e7dc3,05b7bab4beef95cc077c40c8cc949baf46a83e36cf9903f6bc97f9f5bcbe3253,non_target_alert_rate,2026091900|2026091901|2026091902|2026091903|2026091904|2026091905|2026091906|2026091907|2026091908|2026091909|2026091910|2026091911|2026091912|2026091913|2026091914|2026091915|2026091916|2026091917|2026091918|2026091919,20,20,0,0.0,0.020000000000000004,0.02
numeric_medium_shift4_n500,numeric,numeric,medium,500,4.0,0.02,quality,income,missing_increase_pp,False,509c56e4630c19b10684cda4fdeed3d2d60e7dc3,05b7bab4beef95cc077c40c8cc949baf46a83e36cf9903f6bc97f9f5bcbe3253,non_target_alert_rate,2026091900|2026091901|2026091902|2026091903|2026091904|2026091905|2026091906|2026091907|2026091908|2026091909|2026091910|2026091911|2026091912|2026091913|2026091914|2026091915|2026091916|2026091917|2026091918|2026091919,20,20,0,0.0,0.0,0.0
numeric_medium_shift4_n500,numeric,numeric,medium,500,4.0,0.02,quality,income,reference_infinite_count,False,509c56e4630c19b10684cda4fdeed3d2d60e7dc3,05b7bab4beef95cc077c40c8cc949baf46a83e36cf9903f6bc97f9f5bcbe3253,non_target_alert_rate,2026091900|2026091901|2026091902|2026091903|2026091904|2026091905|2026091906|2026091907|2026091908|2026091909|2026091910|2026091911|2026091912|2026091913|2026091914|2026091915|2026091916|2026091917|2026091918|2026091919,20,20,0,0.0,0.0,0.0
numeric_medium_shift4_n500,numeric,numeric,medium,500,4.0,0.02,quality,income,reference_max,False,509c56e4630c19b10684cda4fdeed3d2d60e7dc3,05b7bab4beef95cc077c40c8cc949baf46a83e36cf9903f6bc97f9f5bcbe3253,non_target_alert_rate,2026091900|2026091901|2026091902|2026091903|2026091904|2026091905|2026091906|2026091907|2026091908|2026091909|2026091910|2026091911|2026091912|2026091913|2026091914|2026091915|2026091916|2026091917|2026091918|2026091919,20,20,0,0.0,619557.1195,611724.875
numeric_medium_shift4_n500,numeric,numeric,medium,500,4.0,0.02,quality,income,reference_min,False,509c56e4630c19b10684cda4fdeed3d2d60e7dc3,05b7bab4beef95cc077c40c8cc949baf46a83e36cf9903f6bc97f9f5bcbe3253,non_target_alert_rate,2026091900|2026091901|2026091902|2026091903|2026091904|2026091905|2026091906|2026091907|2026091908|2026091909|2026091910|2026091911|2026091912|2026091913|2026091914|2026091915|2026091916|2026091917|2026091918|2026091919,20,20,0,0.0,10934.159000000001,11033.564999999999
numeric_medium_shift4_n500,numeric,numeric,medium,500,4.0,0.02,quality,income,reference_missing_fraction,False,509c56e4630c19b10684cda4fdeed3d2d60e7dc3,05b7bab4beef95cc077c40c8cc949baf46a83e36cf9903f6bc97f9f5bcbe3253,non_target_alert_rate,2026091900|2026091901|2026091902|2026091903|2026091904|2026091905|2026091906|2026091907|2026091908|2026091909|2026091910|2026091911|2026091912|2026091913|2026091914|2026091915|2026091916|2026091917|2026091918|2026091919,20,20,0,0.0,0.020000000000000004,0.02
numeric_medium_shift4_n500,numeric,numeric,medium,500,4.0,0.02,quality,region,current_missing_fraction,False,509c56e4630c19b10684cda4fdeed3d2d60e7dc3,05b7bab4beef95cc077c40c8cc949baf46a83e36cf9903f6bc97f9f5bcbe3253,non_target_alert_rate,2026091900|2026091901|2026091902|2026091903|2026091904|2026091905|2026091906|2026091907|2026091908|2026091909|2026091910|2026091911|2026091912|2026091913|2026091914|2026091915|2026091916|2026091917|2026091918|2026091919,20,20,0,0.0,0.0,0.0
numeric_medium_shift4_n500,numeric,numeric,medium,500,4.0,0.02,quality,region,missing_increase_pp,False,509c56e4630c19b10684cda4fdeed3d2d60e7dc3,05b7bab4beef95cc077c40c8cc949baf46a83e36cf9903f6bc97f9f5bcbe3253,non_target_alert_rate,2026091900|2026091901|2026091902|2026091903|2026091904|2026091905|2026091906|2026091907|2026091908|2026091909|2026091910|2026091911|2026091912|2026091913|2026091914|2026091915|2026091916|2026091917|2026091918|2026091919,20,20,0,0.0,0.0,0.0
numeric_medium_shift4_n500,numeric,numeric,medium,500,4.0,0.02,quality,region,reference_missing_fraction,False,509c56e4630c19b10684cda4fdeed3d2d60e7dc3,05b7bab4beef95cc077c40c8cc949baf46a83e36cf9903f6bc97f9f5bcbe3253,non_target_alert_rate,2026091900|2026091901|2026091902|2026091903|2026091904|2026091905|2026091906|2026091907|2026091908|2026091909|2026091910|2026091911|2026091912|2026091913|2026091914|2026091915|2026091916|2026091917|2026091918|2026091919,20,20,0,0.0,0.0,0.0
numeric_medium_shift4_n500,numeric,numeric,medium,500,4.0,0.02,quality,,current_duplicate_fraction,False,509c56e4630c19b10684cda4fdeed3d2d60e7dc3,05b7bab4beef95cc077c40c8cc949baf46a83e36cf9903f6bc97f9f5bcbe3253,non_target_alert_rate,2026091900|2026091901|2026091902|2026091903|2026091904|2026091905|2026091906|2026091907|2026091908|2026091909|2026091910|2026091911|2026091912|2026091913|2026091914|2026091915|2026091916|2026091917|2026091918|2026091919,20,20,0,0.0,0.0005,0.0
numeric_medium_shift4_n500,numeric,numeric,medium,500,4.0,0.02,quality,,reference_duplicate_fraction,False,509c56e4630c19b10684cda4fdeed3d2d60e7dc3,05b7bab4beef95cc077c40c8cc949baf46a83e36cf9903f6bc97f9f5bcbe3253,non_target_alert_rate,2026091900|2026091901|2026091902|2026091903|2026091904|2026091905|2026091906|2026091907|2026091908|2026091909|2026091910|2026091911|2026091912|2026091913|2026091914|2026091915|2026091916|2026091917|2026091918|2026091919,20,20,0,0.0,0.004259999999999999,0.0042
numeric_strong_shift8_n1200,numeric,numeric,strong,1200,8.0,0.02,adversarial,,roc_auc,True,509c56e4630c19b10684cda4fdeed3d2d60e7dc3,05b7bab4beef95cc077c40c8cc949baf46a83e36cf9903f6bc97f9f5bcbe3253,detection_rate,2026091900|2026091901|2026091902|2026091903|2026091904|2026091905|2026091906|2026091907|2026091908|2026091909|2026091910|2026091911|2026091912|2026091913|2026091914|2026091915|2026091916|2026091917|2026091918|2026091919,20,20,0,0.0,0.6729016083333333,0.6737458333333333
numeric_strong_shift8_n1200,numeric,numeric,strong,1200,8.0,0.02,drift,age,js,True,509c56e4630c19b10684cda4fdeed3d2d60e7dc3,05b7bab4beef95cc077c40c8cc949baf46a83e36cf9903f6bc97f9f5bcbe3253,detection_rate,2026091900|2026091901|2026091902|2026091903|2026091904|2026091905|2026091906|2026091907|2026091908|2026091909|2026091910|2026091911|2026091912|2026091913|2026091914|2026091915|2026091916|2026091917|2026091918|2026091919,20,20,20,1.0,0.07406695393950902,0.07405655949936882
numeric_strong_shift8_n1200,numeric,numeric,strong,1200,8.0,0.02,drift,age,ks,True,509c56e4630c19b10684cda4fdeed3d2d60e7dc3,05b7bab4beef95cc077c40c8cc949baf46a83e36cf9903f6bc97f9f5bcbe3253,detection_rate,2026091900|2026091901|2026091902|2026091903|2026091904|2026091905|2026091906|2026091907|2026091908|2026091909|2026091910|2026091911|2026091912|2026091913|2026091914|2026091915|2026091916|2026091917|2026091918|2026091919,20,20,20,1.0,0.2641233333333334,0.26595
numeric_strong_shift8_n1200,numeric,numeric,strong,1200,8.0,0.02,drift,age,psi,True,509c56e4630c19b10684cda4fdeed3d2d60e7dc3,05b7bab4beef95cc077c40c8cc949baf46a83e36cf9903f6bc97f9f5bcbe3253,detection_rate,2026091900|2026091901|2026091902|2026091903|2026091904|2026091905|2026091906|2026091907|2026091908|2026091909|2026091910|2026091911|2026091912|2026091913|2026091914|2026091915|2026091916|2026091917|2026091918|2026091919,20,20,20,1.0,0.4647631922811981,0.43012092479166975
numeric_strong_shift8_n1200,numeric,numeric,strong,1200,8.0,0.02,drift,age,wasserstein,True,509c56e4630c19b10684cda4fdeed3d2d60e7dc3,05b7bab4beef95cc077c40c8cc949baf46a83e36cf9903f6bc97f9f5bcbe3253,detection_rate,2026091900|2026091901|2026091902|2026091903|2026091904|2026091905|2026091906|2026091907|2026091908|2026091909|2026091910|2026091911|2026091912|2026091913|2026091914|2026091915|2026091916|2026091917|2026091918|2026091919,20,20,20,1.0,7.907821666666668,8.008833333333332
numeric_strong_shift8_n1200,numeric,numeric,strong,1200,8.0,0.02,drift,income,js,False,509c56e4630c19b10684cda4fdeed3d2d60e7dc3,05b7bab4beef95cc077c40c8cc949baf46a83e36cf9903f6bc97f9f5bcbe3253,non_target_alert_rate,2026091900|2026091901|2026091902|2026091903|2026091904|2026091905|2026091906|2026091907|2026091908|2026091909|2026091910|2026091911|2026091912|2026091913|2026091914|2026091915|2026091916|2026091917|2026091918|2026091919,20,20,0,0.0,0.0013855950799059754,0.0011804476600368145
numeric_strong_shift8_n1200,numeric,numeric,strong,1200,8.0,0.02,drift,income,ks,False,509c56e4630c19b10684cda4fdeed3d2d60e7dc3,05b7bab4beef95cc077c40c8cc949baf46a83e36cf9903f6bc97f9f5bcbe3253,non_target_alert_rate,2026091900|2026091901|2026091902|2026091903|2026091904|2026091905|2026091906|2026091907|2026091908|2026091909|2026091910|2026091911|2026091912|2026091913|2026091914|2026091915|2026091916|2026091917|2026091918|2026091919,20,20,1,0.05,0.027236394557823118,0.02493197278911563
numeric_strong_shift8_n1200,numeric,numeric,strong,1200,8.0,0.02,drift,income,psi,False,509c56e4630c19b10684cda4fdeed3d2d60e7dc3,05b7bab4beef95cc077c40c8cc949baf46a83e36cf9903f6bc97f9f5bcbe3253,non_target_alert_rate,2026091900|2026091901|2026091902|2026091903|2026091904|2026091905|2026091906|2026091907|2026091908|2026091909|2026091910|2026091911|2026091912|2026091913|2026091914|2026091915|2026091916|2026091917|2026091918|2026091919,20,20,0,0.0,0.007691080777299413,0.006549099109096557
numeric_strong_shift8_n1200,numeric,numeric,strong,1200,8.0,0.02,drift,income,wasserstein,False,509c56e4630c19b10684cda4fdeed3d2d60e7dc3,05b7bab4beef95cc077c40c8cc949baf46a83e36cf9903f6bc97f9f5bcbe3253,non_target_alert_rate,2026091900|2026091901|2026091902|2026091903|2026091904|2026091905|2026091906|2026091907|2026091908|2026091909|2026091910|2026091911|2026091912|2026091913|2026091914|2026091915|2026091916|2026091917|2026091918|2026091919,20,0,0,,2403.868756326528,2201.500571938772
numeric_strong_shift8_n1200,numeric,numeric,strong,1200,8.0,0.02,drift,region,chi2,False,509c56e4630c19b10684cda4fdeed3d2d60e7dc3,05b7bab4beef95cc077c40c8cc949baf46a83e36cf9903f6bc97f9f5bcbe3253,non_target_alert_rate,2026091900|2026091901|2026091902|2026091903|2026091904|2026091905|2026091906|2026091907|2026091908|2026091909|2026091910|2026091911|2026091912|2026091913|2026091914|2026091915|2026091916|2026091917|2026091918|2026091919,20,20,0,0.0,3.415127384537976,2.3712465448600386
numeric_strong_shift8_n1200,numeric,numeric,strong,1200,8.0,0.02,drift,region,js,False,509c56e4630c19b10684cda4fdeed3d2d60e7dc3,05b7bab4beef95cc077c40c8cc949baf46a83e36cf9903f6bc97f9f5bcbe3253,non_target_alert_rate,2026091900|2026091901|2026091902|2026091903|2026091904|2026091905|2026091906|2026091907|2026091908|2026091909|2026091910|2026091911|2026091912|2026091913|2026091914|2026091915|2026091916|2026091917|2026091918|2026091919,20,20,0,0.0,0.0006424373381341464,0.0004462545320750036
numeric_strong_shift8_n1200,numeric,numeric,strong,1200,8.0,0.02,drift,region,psi,False,509c56e4630c19b10684cda4fdeed3d2d60e7dc3,05b7bab4beef95cc077c40c8cc949baf46a83e36cf9903f6bc97f9f5bcbe3253,non_target_alert_rate,2026091900|2026091901|2026091902|2026091903|2026091904|2026091905|2026091906|2026091907|2026091908|2026091909|2026091910|2026091911|2026091912|2026091913|2026091914|2026091915|2026091916|2026091917|2026091918|2026091919,20,20,0,0.0,0.0035640467574493836,0.002474975675458798
numeric_strong_shift8_n1200,numeric,numeric,strong,1200,8.0,0.02,quality,age,current_infinite_count,False,509c56e4630c19b10684cda4fdeed3d2d60e7dc3,05b7bab4beef95cc077c40c8cc949baf46a83e36cf9903f6bc97f9f5bcbe3253,non_target_alert_rate,2026091900|2026091901|2026091902|2026091903|2026091904|2026091905|2026091906|2026091907|2026091908|2026091909|2026091910|2026091911|2026091912|2026091913|2026091914|2026091915|2026091916|2026091917|2026091918|2026091919,20,20,0,0.0,0.0,0.0
numeric_strong_shift8_n1200,numeric,numeric,strong,1200,8.0,0.02,quality,age,current_max,False,509c56e4630c19b10684cda4fdeed3d2d60e7dc3,05b7bab4beef95cc077c40c8cc949baf46a83e36cf9903f6bc97f9f5bcbe3253,non_target_alert_rate,2026091900|2026091901|2026091902|2026091903|2026091904|2026091905|2026091906|2026091907|2026091908|2026091909|2026091910|2026091911|2026091912|2026091913|2026091914|2026091915|2026091916|2026091917|2026091918|2026091919,20,20,0,0.0,88.9,88.5
numeric_strong_shift8_n1200,numeric,numeric,strong,1200,8.0,0.02,quality,age,current_min,False,509c56e4630c19b10684cda4fdeed3d2d60e7dc3,05b7bab4beef95cc077c40c8cc949baf46a83e36cf9903f6bc97f9f5bcbe3253,non_target_alert_rate,2026091900|2026091901|2026091902|2026091903|2026091904|2026091905|2026091906|2026091907|2026091908|2026091909|2026091910|2026091911|2026091912|2026091913|2026091914|2026091915|2026091916|2026091917|2026091918|2026091919,20,20,0,0.0,26.0,26.0
numeric_strong_shift8_n1200,numeric,numeric,strong,1200,8.0,0.02,quality,age,current_missing_fraction,False,509c56e4630c19b10684cda4fdeed3d2d60e7dc3,05b7bab4beef95cc077c40c8cc949baf46a83e36cf9903f6bc97f9f5bcbe3253,non_target_alert_rate,2026091900|2026091901|2026091902|2026091903|2026091904|2026091905|2026091906|2026091907|2026091908|2026091909|2026091910|2026091911|2026091912|2026091913|2026091914|2026091915|2026091916|2026091917|2026091918|2026091919,20,20,0,0.0,0.0,0.0
numeric_strong_shift8_n1200,numeric,numeric,strong,1200,8.0,0.02,quality,age,missing_increase_pp,False,509c56e4630c19b10684cda4fdeed3d2d60e7dc3,05b7bab4beef95cc077c40c8cc949baf46a83e36cf9903f6bc97f9f5bcbe3253,non_target_alert_rate,2026091900|2026091901|2026091902|2026091903|2026091904|2026091905|2026091906|2026091907|2026091908|2026091909|2026091910|2026091911|2026091912|2026091913|2026091914|2026091915|2026091916|2026091917|2026091918|2026091919,20,20,0,0.0,0.0,0.0
numeric_strong_shift8_n1200,numeric,numeric,strong,1200,8.0,0.02,quality,age,reference_infinite_count,False,509c56e4630c19b10684cda4fdeed3d2d60e7dc3,05b7bab4beef95cc077c40c8cc949baf46a83e36cf9903f6bc97f9f5bcbe3253,non_target_alert_rate,2026091900|2026091901|2026091902|2026091903|2026091904|2026091905|2026091906|2026091907|2026091908|2026091909|2026091910|2026091911|2026091912|2026091913|2026091914|2026091915|2026091916|2026091917|2026091918|2026091919,20,20,0,0.0,0.0,0.0
numeric_strong_shift8_n1200,numeric,numeric,strong,1200,8.0,0.02,quality,age,reference_max,False,509c56e4630c19b10684cda4fdeed3d2d60e7dc3,05b7bab4beef95cc077c40c8cc949baf46a83e36cf9903f6bc97f9f5bcbe3253,non_target_alert_rate,2026091900|2026091901|2026091902|2026091903|2026091904|2026091905|2026091906|2026091907|2026091908|2026091909|2026091910|2026091911|2026091912|2026091913|2026091914|2026091915|2026091916|2026091917|2026091918|2026091919,20,20,0,0.0,86.6,86.5
numeric_strong_shift8_n1200,numeric,numeric,strong,1200,8.0,0.02,quality,age,reference_min,False,509c56e4630c19b10684cda4fdeed3d2d60e7dc3,05b7bab4beef95cc077c40c8cc949baf46a83e36cf9903f6bc97f9f5bcbe3253,non_target_alert_rate,2026091900|2026091901|2026091902|2026091903|2026091904|2026091905|2026091906|2026091907|2026091908|2026091909|2026091910|2026091911|2026091912|2026091913|2026091914|2026091915|2026091916|2026091917|2026091918|2026091919,20,20,0,0.0,18.0,18.0
numeric_strong_shift8_n1200,numeric,numeric,strong,1200,8.0,0.02,quality,age,reference_missing_fraction,False,509c56e4630c19b10684cda4fdeed3d2d60e7dc3,05b7bab4beef95cc077c40c8cc949baf46a83e36cf9903f6bc97f9f5bcbe3253,non_target_alert_rate,2026091900|2026091901|2026091902|2026091903|2026091904|2026091905|2026091906|2026091907|2026091908|2026091909|2026091910|2026091911|2026091912|2026091913|2026091914|2026091915|2026091916|2026091917|2026091918|2026091919,20,20,0,0.0,0.0,0.0
numeric_strong_shift8_n1200,numeric,numeric,strong,1200,8.0,0.02,quality,income,current_infinite_count,False,509c56e4630c19b10684cda4fdeed3d2d60e7dc3,05b7bab4beef95cc077c40c8cc949baf46a83e36cf9903f6bc97f9f5bcbe3253,non_target_alert_rate,2026091900|2026091901|2026091902|2026091903|2026091904|2026091905|2026091906|2026091907|2026091908|2026091909|2026091910|2026091911|2026091912|2026091913|2026091914|2026091915|2026091916|2026091917|2026091918|2026091919,20,20,0,0.0,0.0,0.0
numeric_strong_shift8_n1200,numeric,numeric,strong,1200,8.0,0.02,quality,income,current_max,False,509c56e4630c19b10684cda4fdeed3d2d60e7dc3,05b7bab4beef95cc077c40c8cc949baf46a83e36cf9903f6bc97f9f5bcbe3253,non_target_alert_rate,2026091900|2026091901|2026091902|2026091903|2026091904|2026091905|2026091906|2026091907|2026091908|2026091909|2026091910|2026091911|2026091912|2026091913|2026091914|2026091915|2026091916|2026091917|2026091918|2026091919,20,20,0,0.0,540426.8019999999,546592.515
numeric_strong_shift8_n1200,numeric,numeric,strong,1200,8.0,0.02,quality,income,current_min,False,509c56e4630c19b10684cda4fdeed3d2d60e7dc3,05b7bab4beef95cc077c40c8cc949baf46a83e36cf9903f6bc97f9f5bcbe3253,non_target_alert_rate,2026091900|2026091901|2026091902|2026091903|2026091904|2026091905|2026091906|2026091907|2026091908|2026091909|2026091910|2026091911|2026091912|2026091913|2026091914|2026091915|2026091916|2026091917|2026091918|2026091919,20,20,0,0.0,13373.402500000002,13755.87
numeric_strong_shift8_n1200,numeric,numeric,strong,1200,8.0,0.02,quality,income,current_missing_fraction,False,509c56e4630c19b10684cda4fdeed3d2d60e7dc3,05b7bab4beef95cc077c40c8cc949baf46a83e36cf9903f6bc97f9f5bcbe3253,non_target_alert_rate,2026091900|2026091901|2026091902|2026091903|2026091904|2026091905|2026091906|2026091907|2026091908|2026091909|2026091910|2026091911|2026091912|2026091913|2026091914|2026091915|2026091916|2026091917|2026091918|2026091919,20,20,0,0.0,0.020000000000000004,0.02
numeric_strong_shift8_n1200,numeric,numeric,strong,1200,8.0,0.02,quality,income,missing_increase_pp,False,509c56e4630c19b10684cda4fdeed3d2d60e7dc3,05b7bab4beef95cc077c40c8cc949baf46a83e36cf9903f6bc97f9f5bcbe3253,non_target_alert_rate,2026091900|2026091901|2026091902|2026091903|2026091904|2026091905|2026091906|2026091907|2026091908|2026091909|2026091910|2026091911|2026091912|2026091913|2026091914|2026091915|2026091916|2026091917|2026091918|2026091919,20,20,0,0.0,0.0,0.0
numeric_strong_shift8_n1200,numeric,numeric,strong,1200,8.0,0.02,quality,income,reference_infinite_count,False,509c56e4630c19b10684cda4fdeed3d2d60e7dc3,05b7bab4beef95cc077c40c8cc949baf46a83e36cf9903f6bc97f9f5bcbe3253,non_target_alert_rate,2026091900|2026091901|2026091902|2026091903|2026091904|2026091905|2026091906|2026091907|2026091908|2026091909|2026091910|2026091911|2026091912|2026091913|2026091914|2026091915|2026091916|2026091917|2026091918|2026091919,20,20,0,0.0,0.0,0.0
numeric_strong_shift8_n1200,numeric,numeric,strong,1200,8.0,0.02,quality,income,reference_max,False,509c56e4630c19b10684cda4fdeed3d2d60e7dc3,05b7bab4beef95cc077c40c8cc949baf46a83e36cf9903f6bc97f9f5bcbe3253,non_target_alert_rate,2026091900|2026091901|2026091902|2026091903|2026091904|2026091905|2026091906|2026091907|2026091908|2026091909|2026091910|2026091911|2026091912|2026091913|2026091914|2026091915|2026091916|2026091917|2026091918|2026091919,20,20,0,0.0,619557.1195,611724.875
numeric_strong_shift8_n1200,numeric,numeric,strong,1200,8.0,0.02,quality,income,reference_min,False,509c56e4630c19b10684cda4fdeed3d2d60e7dc3,05b7bab4beef95cc077c40c8cc949baf46a83e36cf9903f6bc97f9f5bcbe3253,non_target_alert_rate,2026091900|2026091901|2026091902|2026091903|2026091904|2026091905|2026091906|2026091907|2026091908|2026091909|2026091910|2026091911|2026091912|2026091913|2026091914|2026091915|2026091916|2026091917|2026091918|2026091919,20,20,0,0.0,10934.159000000001,11033.564999999999
numeric_strong_shift8_n1200,numeric,numeric,strong,1200,8.0,0.02,quality,income,reference_missing_fraction,False,509c56e4630c19b10684cda4fdeed3d2d60e7dc3,05b7bab4beef95cc077c40c8cc949baf46a83e36cf9903f6bc97f9f5bcbe3253,non_target_alert_rate,2026091900|2026091901|2026091902|2026091903|2026091904|2026091905|2026091906|2026091907|2026091908|2026091909|2026091910|2026091911|2026091912|2026091913|2026091914|2026091915|2026091916|2026091917|2026091918|2026091919,20,20,0,0.0,0.020000000000000004,0.02
numeric_strong_shift8_n1200,numeric,numeric,strong,1200,8.0,0.02,quality,region,current_missing_fraction,False,509c56e4630c19b10684cda4fdeed3d2d60e7dc3,05b7bab4beef95cc077c40c8cc949baf46a83e36cf9903f6bc97f9f5bcbe3253,non_target_alert_rate,2026091900|2026091901|2026091902|2026091903|2026091904|2026091905|2026091906|2026091907|2026091908|2026091909|2026091910|2026091911|2026091912|2026091913|2026091914|2026091915|2026091916|2026091917|2026091918|2026091919,20,20,0,0.0,0.0,0.0
numeric_strong_shift8_n1200,numeric,numeric,strong,1200,8.0,0.02,quality,region,missing_increase_pp,False,509c56e4630c19b10684cda4fdeed3d2d60e7dc3,05b7bab4beef95cc077c40c8cc949baf46a83e36cf9903f6bc97f9f5bcbe3253,non_target_alert_rate,2026091900|2026091901|2026091902|2026091903|2026091904|2026091905|2026091906|2026091907|2026091908|2026091909|2026091910|2026091911|2026091912|2026091913|2026091914|2026091915|2026091916|2026091917|2026091918|2026091919,20,20,0,0.0,0.0,0.0
numeric_strong_shift8_n1200,numeric,numeric,strong,1200,8.0,0.02,quality,region,reference_missing_fraction,False,509c56e4630c19b10684cda4fdeed3d2d60e7dc3,05b7bab4beef95cc077c40c8cc949baf46a83e36cf9903f6bc97f9f5bcbe3253,non_target_alert_rate,2026091900|2026091901|2026091902|2026091903|2026091904|2026091905|2026091906|2026091907|2026091908|2026091909|2026091910|2026091911|2026091912|2026091913|2026091914|2026091915|2026091916|2026091917|2026091918|2026091919,20,20,0,0.0,0.0,0.0
numeric_strong_shift8_n1200,numeric,numeric,strong,1200,8.0,0.02,quality,,current_duplicate_fraction,False,509c56e4630c19b10684cda4fdeed3d2d60e7dc3,05b7bab4beef95cc077c40c8cc949baf46a83e36cf9903f6bc97f9f5bcbe3253,non_target_alert_rate,2026091900|2026091901|2026091902|2026091903|2026091904|2026091905|2026091906|2026091907|2026091908|2026091909|2026091910|2026091911|2026091912|2026091913|2026091914|2026091915|2026091916|2026091917|2026091918|2026091919,20,20,0,0.0,0.0012499999999999998,0.0008333333333333334
numeric_strong_shift8_n1200,numeric,numeric,strong,1200,8.0,0.02,quality,,reference_duplicate_fraction,False,509c56e4630c19b10684cda4fdeed3d2d60e7dc3,05b7bab4beef95cc077c40c8cc949baf46a83e36cf9903f6bc97f9f5bcbe3253,non_target_alert_rate,2026091900|2026091901|2026091902|2026091903|2026091904|2026091905|2026091906|2026091907|2026091908|2026091909|2026091910|2026091911|2026091912|2026091913|2026091914|2026091915|2026091916|2026091917|2026091918|2026091919,20,20,0,0.0,0.004259999999999999,0.0042
numeric_strong_shift8_n3000,numeric,numeric,strong,3000,8.0,0.02,adversarial,,roc_auc,True,509c56e4630c19b10684cda4fdeed3d2d60e7dc3,05b7bab4beef95cc077c40c8cc949baf46a83e36cf9903f6bc97f9f5bcbe3253,detection_rate,2026091900|2026091901|2026091902|2026091903|2026091904|2026091905|2026091906|2026091907|2026091908|2026091909|2026091910|2026091911|2026091912|2026091913|2026091914|2026091915|2026091916|2026091917|2026091918|2026091919,20,20,0,0.0,0.6794777949999999,0.6780111166666667
numeric_strong_shift8_n3000,numeric,numeric,strong,3000,8.0,0.02,drift,age,js,True,509c56e4630c19b10684cda4fdeed3d2d60e7dc3,05b7bab4beef95cc077c40c8cc949baf46a83e36cf9903f6bc97f9f5bcbe3253,detection_rate,2026091900|2026091901|2026091902|2026091903|2026091904|2026091905|2026091906|2026091907|2026091908|2026091909|2026091910|2026091911|2026091912|2026091913|2026091914|2026091915|2026091916|2026091917|2026091918|2026091919,20,20,20,1.0,0.07262100441928371,0.07198626787757731
numeric_strong_shift8_n3000,numeric,numeric,strong,3000,8.0,0.02,drift,age,ks,True,509c56e4630c19b10684cda4fdeed3d2d60e7dc3,05b7bab4beef95cc077c40c8cc949baf46a83e36cf9903f6bc97f9f5bcbe3253,detection_rate,2026091900|2026091901|2026091902|2026091903|2026091904|2026091905|2026091906|2026091907|2026091908|2026091909|2026091910|2026091911|2026091912|2026091913|2026091914|2026091915|2026091916|2026091917|2026091918|2026091919,20,20,20,1.0,0.2607933333333334,0.25796666666666673
numeric_strong_shift8_n3000,numeric,numeric,strong,3000,8.0,0.02,drift,age,psi,True,509c56e4630c19b10684cda4fdeed3d2d60e7dc3,05b7bab4beef95cc077c40c8cc949baf46a83e36cf9903f6bc97f9f5bcbe3253,detection_rate,2026091900|2026091901|2026091902|2026091903|2026091904|2026091905|2026091906|2026091907|2026091908|2026091909|2026091910|2026091911|2026091912|2026091913|2026091914|2026091915|2026091916|2026091917|2026091918|2026091919,20,20,20,1.0,0.45541194623802495,0.4165251919713405
numeric_strong_shift8_n3000,numeric,numeric,strong,3000,8.0,0.02,drift,age,wasserstein,True,509c56e4630c19b10684cda4fdeed3d2d60e7dc3,05b7bab4beef95cc077c40c8cc949baf46a83e36cf9903f6bc97f9f5bcbe3253,detection_rate,2026091900|2026091901|2026091902|2026091903|2026091904|2026091905|2026091906|2026091907|2026091908|2026091909|2026091910|2026091911|2026091912|2026091913|2026091914|2026091915|2026091916|2026091917|2026091918|2026091919,20,20,20,1.0,7.9231533333333335,7.936400000000001
numeric_strong_shift8_n3000,numeric,numeric,strong,3000,8.0,0.02,drift,income,js,False,509c56e4630c19b10684cda4fdeed3d2d60e7dc3,05b7bab4beef95cc077c40c8cc949baf46a83e36cf9903f6bc97f9f5bcbe3253,non_target_alert_rate,2026091900|2026091901|2026091902|2026091903|2026091904|2026091905|2026091906|2026091907|2026091908|2026091909|2026091910|2026091911|2026091912|2026091913|2026091914|2026091915|2026091916|2026091917|2026091918|2026091919,20,20,0,0.0,0.0008422728387044618,0.0006696831271676581
numeric_strong_shift8_n3000,numeric,numeric,strong,3000,8.0,0.02,drift,income,ks,False,509c56e4630c19b10684cda4fdeed3d2d60e7dc3,05b7bab4beef95cc077c40c8cc949baf46a83e36cf9903f6bc97f9f5bcbe3253,non_target_alert_rate,2026091900|2026091901|2026091902|2026091903|2026091904|2026091905|2026091906|2026091907|2026091908|2026091909|2026091910|2026091911|2026091912|2026091913|2026091914|2026091915|2026091916|2026091917|2026091918|2026091919,20,20,1,0.05,0.020693877551020402,0.019115646258503344
numeric_strong_shift8_n3000,numeric,numeric,strong,3000,8.0,0.02,drift,income,psi,False,509c56e4630c19b10684cda4fdeed3d2d60e7dc3,05b7bab4beef95cc077c40c8cc949baf46a83e36cf9903f6bc97f9f5bcbe3253,non_target_alert_rate,2026091900|2026091901|2026091902|2026091903|2026091904|2026091905|2026091906|2026091907|2026091908|2026091909|2026091910|2026091911|2026091912|2026091913|2026091914|2026091915|2026091916|2026091917|2026091918|2026091919,20,20,0,0.0,0.004673964161402819,0.0037146030781121716
numeric_strong_shift8_n3000,numeric,numeric,strong,3000,8.0,0.02,drift,income,wasserstein,False,509c56e4630c19b10684cda4fdeed3d2d60e7dc3,05b7bab4beef95cc077c40c8cc949baf46a83e36cf9903f6bc97f9f5bcbe3253,non_target_alert_rate,2026091900|2026091901|2026091902|2026091903|2026091904|2026091905|2026091906|2026091907|2026091908|2026091909|2026091910|2026091911|2026091912|2026091913|2026091914|2026091915|2026091916|2026091917|2026091918|2026091919,20,0,0,,1998.0276761904765,1872.539914285714
numeric_strong_shift8_n3000,numeric,numeric,strong,3000,8.0,0.02,drift,region,chi2,False,509c56e4630c19b10684cda4fdeed3d2d60e7dc3,05b7bab4beef95cc077c40c8cc949baf46a83e36cf9903f6bc97f9f5bcbe3253,non_target_alert_rate,2026091900|2026091901|2026091902|2026091903|2026091904|2026091905|2026091906|2026091907|2026091908|2026091909|2026091910|2026091911|2026091912|2026091913|2026091914|2026091915|2026091916|2026091917|2026091918|2026091919,20,20,0,0.0,3.5921559063188924,3.8250271666249747
numeric_strong_shift8_n3000,numeric,numeric,strong,3000,8.0,0.02,drift,region,js,False,509c56e4630c19b10684cda4fdeed3d2d60e7dc3,05b7bab4beef95cc077c40c8cc949baf46a83e36cf9903f6bc97f9f5bcbe3253,non_target_alert_rate,2026091900|2026091901|2026091902|2026091903|2026091904|2026091905|2026091906|2026091907|2026091908|2026091909|2026091910|2026091911|2026091912|2026091913|2026091914|2026091915|2026091916|2026091917|2026091918|2026091919,20,20,0,0.0,0.0003454298659140701,0.0003686092678177425
numeric_strong_shift8_n3000,numeric,numeric,strong,3000,8.0,0.02,drift,region,psi,False,509c56e4630c19b10684cda4fdeed3d2d60e7dc3,05b7bab4beef95cc077c40c8cc949baf46a83e36cf9903f6bc97f9f5bcbe3253,non_target_alert_rate,2026091900|2026091901|2026091902|2026091903|2026091904|2026091905|2026091906|2026091907|2026091908|2026091909|2026091910|2026091911|2026091912|2026091913|2026091914|2026091915|2026091916|2026091917|2026091918|2026091919,20,20,0,0.0,0.0019158925039105775,0.002044319644251615
numeric_strong_shift8_n3000,numeric,numeric,strong,3000,8.0,0.02,quality,age,current_infinite_count,False,509c56e4630c19b10684cda4fdeed3d2d60e7dc3,05b7bab4beef95cc077c40c8cc949baf46a83e36cf9903f6bc97f9f5bcbe3253,non_target_alert_rate,2026091900|2026091901|2026091902|2026091903|2026091904|2026091905|2026091906|2026091907|2026091908|2026091909|2026091910|2026091911|2026091912|2026091913|2026091914|2026091915|2026091916|2026091917|2026091918|2026091919,20,20,0,0.0,0.0,0.0
numeric_strong_shift8_n3000,numeric,numeric,strong,3000,8.0,0.02,quality,age,current_max,False,509c56e4630c19b10684cda4fdeed3d2d60e7dc3,05b7bab4beef95cc077c40c8cc949baf46a83e36cf9903f6bc97f9f5bcbe3253,non_target_alert_rate,2026091900|2026091901|2026091902|2026091903|2026091904|2026091905|2026091906|2026091907|2026091908|2026091909|2026091910|2026091911|2026091912|2026091913|2026091914|2026091915|2026091916|2026091917|2026091918|2026091919,20,20,0,0.0,92.7,91.5
numeric_strong_shift8_n3000,numeric,numeric,strong,3000,8.0,0.02,quality,age,current_min,False,509c56e4630c19b10684cda4fdeed3d2d60e7dc3,05b7bab4beef95cc077c40c8cc949baf46a83e36cf9903f6bc97f9f5bcbe3253,non_target_alert_rate,2026091900|2026091901|2026091902|2026091903|2026091904|2026091905|2026091906|2026091907|2026091908|2026091909|2026091910|2026091911|2026091912|2026091913|2026091914|2026091915|2026091916|2026091917|2026091918|2026091919,20,20,0,0.0,26.0,26.0
numeric_strong_shift8_n3000,numeric,numeric,strong,3000,8.0,0.02,quality,age,current_missing_fraction,False,509c56e4630c19b10684cda4fdeed3d2d60e7dc3,05b7bab4beef95cc077c40c8cc949baf46a83e36cf9903f6bc97f9f5bcbe3253,non_target_alert_rate,2026091900|2026091901|2026091902|2026091903|2026091904|2026091905|2026091906|2026091907|2026091908|2026091909|2026091910|2026091911|2026091912|2026091913|2026091914|2026091915|2026091916|2026091917|2026091918|2026091919,20,20,0,0.0,0.0,0.0
numeric_strong_shift8_n3000,numeric,numeric,strong,3000,8.0,0.02,quality,age,missing_increase_pp,False,509c56e4630c19b10684cda4fdeed3d2d60e7dc3,05b7bab4beef95cc077c40c8cc949baf46a83e36cf9903f6bc97f9f5bcbe3253,non_target_alert_rate,2026091900|2026091901|2026091902|2026091903|2026091904|2026091905|2026091906|2026091907|2026091908|2026091909|2026091910|2026091911|2026091912|2026091913|2026091914|2026091915|2026091916|2026091917|2026091918|2026091919,20,20,0,0.0,0.0,0.0
numeric_strong_shift8_n3000,numeric,numeric,strong,3000,8.0,0.02,quality,age,reference_infinite_count,False,509c56e4630c19b10684cda4fdeed3d2d60e7dc3,05b7bab4beef95cc077c40c8cc949baf46a83e36cf9903f6bc97f9f5bcbe3253,non_target_alert_rate,2026091900|2026091901|2026091902|2026091903|2026091904|2026091905|2026091906|2026091907|2026091908|2026091909|2026091910|2026091911|2026091912|2026091913|2026091914|2026091915|2026091916|2026091917|2026091918|2026091919,20,20,0,0.0,0.0,0.0
numeric_strong_shift8_n3000,numeric,numeric,strong,3000,8.0,0.02,quality,age,reference_max,False,509c56e4630c19b10684cda4fdeed3d2d60e7dc3,05b7bab4beef95cc077c40c8cc949baf46a83e36cf9903f6bc97f9f5bcbe3253,non_target_alert_rate,2026091900|2026091901|2026091902|2026091903|2026091904|2026091905|2026091906|2026091907|2026091908|2026091909|2026091910|2026091911|2026091912|2026091913|2026091914|2026091915|2026091916|2026091917|2026091918|2026091919,20,20,0,0.0,86.6,86.5
numeric_strong_shift8_n3000,numeric,numeric,strong,3000,8.0,0.02,quality,age,reference_min,False,509c56e4630c19b10684cda4fdeed3d2d60e7dc3,05b7bab4beef95cc077c40c8cc949baf46a83e36cf9903f6bc97f9f5bcbe3253,non_target_alert_rate,2026091900|2026091901|2026091902|2026091903|2026091904|2026091905|2026091906|2026091907|2026091908|2026091909|2026091910|2026091911|2026091912|2026091913|2026091914|2026091915|2026091916|2026091917|2026091918|2026091919,20,20,0,0.0,18.0,18.0
numeric_strong_shift8_n3000,numeric,numeric,strong,3000,8.0,0.02,quality,age,reference_missing_fraction,False,509c56e4630c19b10684cda4fdeed3d2d60e7dc3,05b7bab4beef95cc077c40c8cc949baf46a83e36cf9903f6bc97f9f5bcbe3253,non_target_alert_rate,2026091900|2026091901|2026091902|2026091903|2026091904|2026091905|2026091906|2026091907|2026091908|2026091909|2026091910|2026091911|2026091912|2026091913|2026091914|2026091915|2026091916|2026091917|2026091918|2026091919,20,20,0,0.0,0.0,0.0
numeric_strong_shift8_n3000,numeric,numeric,strong,3000,8.0,0.02,quality,income,current_infinite_count,False,509c56e4630c19b10684cda4fdeed3d2d60e7dc3,05b7bab4beef95cc077c40c8cc949baf46a83e36cf9903f6bc97f9f5bcbe3253,non_target_alert_rate,2026091900|2026091901|2026091902|2026091903|2026091904|2026091905|2026091906|2026091907|2026091908|2026091909|2026091910|2026091911|2026091912|2026091913|2026091914|2026091915|2026091916|2026091917|2026091918|2026091919,20,20,0,0.0,0.0,0.0
numeric_strong_shift8_n3000,numeric,numeric,strong,3000,8.0,0.02,quality,income,current_max,False,509c56e4630c19b10684cda4fdeed3d2d60e7dc3,05b7bab4beef95cc077c40c8cc949baf46a83e36cf9903f6bc97f9f5bcbe3253,non_target_alert_rate,2026091900|2026091901|2026091902|2026091903|2026091904|2026091905|2026091906|2026091907|2026091908|2026091909|2026091910|2026091911|2026091912|2026091913|2026091914|2026091915|2026091916|2026091917|2026091918|2026091919,20,20,0,0.0,568823.3389999999,578353.25
numeric_strong_shift8_n3000,numeric,numeric,strong,3000,8.0,0.02,quality,income,current_min,False,509c56e4630c19b10684cda4fdeed3d2d60e7dc3,05b7bab4beef95cc077c40c8cc949baf46a83e36cf9903f6bc97f9f5bcbe3253,non_target_alert_rate,2026091900|2026091901|2026091902|2026091903|2026091904|2026091905|2026091906|2026091907|2026091908|2026091909|2026091910|2026091911|2026091912|2026091913|2026091914|2026091915|2026091916|2026091917|2026091918|2026091919,20,20,0,0.0,12188.2975,12446.635
numeric_strong_shift8_n3000,numeric,numeric,strong,3000,8.0,0.02,quality,income,current_missing_fraction,False,509c56e4630c19b10684cda4fdeed3d2d60e7dc3,05b7bab4beef95cc077c40c8cc949baf46a83e36cf9903f6bc97f9f5bcbe3253,non_target_alert_rate,2026091900|2026091901|2026091902|2026091903|2026091904|2026091905|2026091906|2026091907|2026091908|2026091909|2026091910|2026091911|2026091912|2026091913|2026091914|2026091915|2026091916|2026091917|2026091918|2026091919,20,20,0,0.0,0.020000000000000004,0.02
numeric_strong_shift8_n3000,numeric,numeric,strong,3000,8.0,0.02,quality,income,missing_increase_pp,False,509c56e4630c19b10684cda4fdeed3d2d60e7dc3,05b7bab4beef95cc077c40c8cc949baf46a83e36cf9903f6bc97f9f5bcbe3253,non_target_alert_rate,2026091900|2026091901|2026091902|2026091903|2026091904|2026091905|2026091906|2026091907|2026091908|2026091909|2026091910|2026091911|2026091912|2026091913|2026091914|2026091915|2026091916|2026091917|2026091918|2026091919,20,20,0,0.0,0.0,0.0
numeric_strong_shift8_n3000,numeric,numeric,strong,3000,8.0,0.02,quality,income,reference_infinite_count,False,509c56e4630c19b10684cda4fdeed3d2d60e7dc3,05b7bab4beef95cc077c40c8cc949baf46a83e36cf9903f6bc97f9f5bcbe3253,non_target_alert_rate,2026091900|2026091901|2026091902|2026091903|2026091904|2026091905|2026091906|2026091907|2026091908|2026091909|2026091910|2026091911|2026091912|2026091913|2026091914|2026091915|2026091916|2026091917|2026091918|2026091919,20,20,0,0.0,0.0,0.0
numeric_strong_shift8_n3000,numeric,numeric,strong,3000,8.0,0.02,quality,income,reference_max,False,509c56e4630c19b10684cda4fdeed3d2d60e7dc3,05b7bab4beef95cc077c40c8cc949baf46a83e36cf9903f6bc97f9f5bcbe3253,non_target_alert_rate,2026091900|2026091901|2026091902|2026091903|2026091904|2026091905|2026091906|2026091907|2026091908|2026091909|2026091910|2026091911|2026091912|2026091913|2026091914|2026091915|2026091916|2026091917|2026091918|2026091919,20,20,0,0.0,619557.1195,611724.875
numeric_strong_shift8_n3000,numeric,numeric,strong,3000,8.0,0.02,quality,income,reference_min,False,509c56e4630c19b10684cda4fdeed3d2d60e7dc3,05b7bab4beef95cc077c40c8cc949baf46a83e36cf9903f6bc97f9f5bcbe3253,non_target_alert_rate,2026091900|2026091901|2026091902|2026091903|2026091904|2026091905|2026091906|2026091907|2026091908|2026091909|2026091910|2026091911|2026091912|2026091913|2026091914|2026091915|2026091916|2026091917|2026091918|2026091919,20,20,0,0.0,10934.159000000001,11033.564999999999
numeric_strong_shift8_n3000,numeric,numeric,strong,3000,8.0,0.02,quality,income,reference_missing_fraction,False,509c56e4630c19b10684cda4fdeed3d2d60e7dc3,05b7bab4beef95cc077c40c8cc949baf46a83e36cf9903f6bc97f9f5bcbe3253,non_target_alert_rate,2026091900|2026091901|2026091902|2026091903|2026091904|2026091905|2026091906|2026091907|2026091908|2026091909|2026091910|2026091911|2026091912|2026091913|2026091914|2026091915|2026091916|2026091917|2026091918|2026091919,20,20,0,0.0,0.020000000000000004,0.02
numeric_strong_shift8_n3000,numeric,numeric,strong,3000,8.0,0.02,quality,region,current_missing_fraction,False,509c56e4630c19b10684cda4fdeed3d2d60e7dc3,05b7bab4beef95cc077c40c8cc949baf46a83e36cf9903f6bc97f9f5bcbe3253,non_target_alert_rate,2026091900|2026091901|2026091902|2026091903|2026091904|2026091905|2026091906|2026091907|2026091908|2026091909|2026091910|2026091911|2026091912|2026091913|2026091914|2026091915|2026091916|2026091917|2026091918|2026091919,20,20,0,0.0,0.0,0.0
numeric_strong_shift8_n3000,numeric,numeric,strong,3000,8.0,0.02,quality,region,missing_increase_pp,False,509c56e4630c19b10684cda4fdeed3d2d60e7dc3,05b7bab4beef95cc077c40c8cc949baf46a83e36cf9903f6bc97f9f5bcbe3253,non_target_alert_rate,2026091900|2026091901|2026091902|2026091903|2026091904|2026091905|2026091906|2026091907|2026091908|2026091909|2026091910|2026091911|2026091912|2026091913|2026091914|2026091915|2026091916|2026091917|2026091918|2026091919,20,20,0,0.0,0.0,0.0
numeric_strong_shift8_n3000,numeric,numeric,strong,3000,8.0,0.02,quality,region,reference_missing_fraction,False,509c56e4630c19b10684cda4fdeed3d2d60e7dc3,05b7bab4beef95cc077c40c8cc949baf46a83e36cf9903f6bc97f9f5bcbe3253,non_target_alert_rate,2026091900|2026091901|2026091902|2026091903|2026091904|2026091905|2026091906|2026091907|2026091908|2026091909|2026091910|2026091911|2026091912|2026091913|2026091914|2026091915|2026091916|2026091917|2026091918|2026091919,20,20,0,0.0,0.0,0.0
numeric_strong_shift8_n3000,numeric,numeric,strong,3000,8.0,0.02,quality,,current_duplicate_fraction,False,509c56e4630c19b10684cda4fdeed3d2d60e7dc3,05b7bab4beef95cc077c40c8cc949baf46a83e36cf9903f6bc97f9f5bcbe3253,non_target_alert_rate,2026091900|2026091901|2026091902|2026091903|2026091904|2026091905|2026091906|2026091907|2026091908|2026091909|2026091910|2026091911|2026091912|2026091913|2026091914|2026091915|2026091916|2026091917|2026091918|2026091919,20,20,0,0.0,0.0028666666666666667,0.0026666666666666666
numeric_strong_shift8_n3000,numeric,numeric,strong,3000,8.0,0.02,quality,,reference_duplicate_fraction,False,509c56e4630c19b10684cda4fdeed3d2d60e7dc3,05b7bab4beef95cc077c40c8cc949baf46a83e36cf9903f6bc97f9f5bcbe3253,non_target_alert_rate,2026091900|2026091901|2026091902|2026091903|2026091904|2026091905|2026091906|2026091907|2026091908|2026091909|2026091910|2026091911|2026091912|2026091913|2026091914|2026091915|2026091916|2026091917|2026091918|2026091919,20,20,0,0.0,0.004259999999999999,0.0042
numeric_strong_shift8_n500,numeric,numeric,strong,500,8.0,0.02,adversarial,,roc_auc,True,509c56e4630c19b10684cda4fdeed3d2d60e7dc3,05b7bab4beef95cc077c40c8cc949baf46a83e36cf9903f6bc97f9f5bcbe3253,detection_rate,2026091900|2026091901|2026091902|2026091903|2026091904|2026091905|2026091906|2026091907|2026091908|2026091909|2026091910|2026091911|2026091912|2026091913|2026091914|2026091915|2026091916|2026091917|2026091918|2026091919,20,20,0,0.0,0.65337439,0.6544368
numeric_strong_shift8_n500,numeric,numeric,strong,500,8.0,0.02,drift,age,js,True,509c56e4630c19b10684cda4fdeed3d2d60e7dc3,05b7bab4beef95cc077c40c8cc949baf46a83e36cf9903f6bc97f9f5bcbe3253,detection_rate,2026091900|2026091901|2026091902|2026091903|2026091904|2026091905|2026091906|2026091907|2026091908|2026091909|2026091910|2026091911|2026091912|2026091913|2026091914|2026091915|2026091916|2026091917|2026091918|2026091919,20,20,20,1.0,0.07602617526124925,0.07634212371740892
numeric_strong_shift8_n500,numeric,numeric,strong,500,8.0,0.02,drift,age,ks,True,509c56e4630c19b10684cda4fdeed3d2d60e7dc3,05b7bab4beef95cc077c40c8cc949baf46a83e36cf9903f6bc97f9f5bcbe3253,detection_rate,2026091900|2026091901|2026091902|2026091903|2026091904|2026091905|2026091906|2026091907|2026091908|2026091909|2026091910|2026091911|2026091912|2026091913|2026091914|2026091915|2026091916|2026091917|2026091918|2026091919,20,20,20,1.0,0.26722,0.267
numeric_strong_shift8_n500,numeric,numeric,strong,500,8.0,0.02,drift,age,psi,True,509c56e4630c19b10684cda4fdeed3d2d60e7dc3,05b7bab4beef95cc077c40c8cc949baf46a83e36cf9903f6bc97f9f5bcbe3253,detection_rate,2026091900|2026091901|2026091902|2026091903|2026091904|2026091905|2026091906|2026091907|2026091908|2026091909|2026091910|2026091911|2026091912|2026091913|2026091914|2026091915|2026091916|2026091917|2026091918|2026091919,20,20,20,1.0,0.4781247788309183,0.44668878379700605
numeric_strong_shift8_n500,numeric,numeric,strong,500,8.0,0.02,drift,age,wasserstein,True,509c56e4630c19b10684cda4fdeed3d2d60e7dc3,05b7bab4beef95cc077c40c8cc949baf46a83e36cf9903f6bc97f9f5bcbe3253,detection_rate,2026091900|2026091901|2026091902|2026091903|2026091904|2026091905|2026091906|2026091907|2026091908|2026091909|2026091910|2026091911|2026091912|2026091913|2026091914|2026091915|2026091916|2026091917|2026091918|2026091919,20,20,20,1.0,7.87912,7.8332000000000015
numeric_strong_shift8_n500,numeric,numeric,strong,500,8.0,0.02,drift,income,js,False,509c56e4630c19b10684cda4fdeed3d2d60e7dc3,05b7bab4beef95cc077c40c8cc949baf46a83e36cf9903f6bc97f9f5bcbe3253,non_target_alert_rate,2026091900|2026091901|2026091902|2026091903|2026091904|2026091905|2026091906|2026091907|2026091908|2026091909|2026091910|2026091911|2026091912|2026091913|2026091914|2026091915|2026091916|2026091917|2026091918|2026091919,20,20,0,0.0,0.002613253671303028,0.002194773297986808
numeric_strong_shift8_n500,numeric,numeric,strong,500,8.0,0.02,drift,income,ks,False,509c56e4630c19b10684cda4fdeed3d2d60e7dc3,05b7bab4beef95cc077c40c8cc949baf46a83e36cf9903f6bc97f9f5bcbe3253,non_target_alert_rate,2026091900|2026091901|2026091902|2026091903|2026091904|2026091905|2026091906|2026091907|2026091908|2026091909|2026091910|2026091911|2026091912|2026091913|2026091914|2026091915|2026091916|2026091917|2026091918|2026091919,20,20,1,0.05,0.03655102040816326,0.03479591836734694
numeric_strong_shift8_n500,numeric,numeric,strong,500,8.0,0.02,drift,income,psi,False,509c56e4630c19b10684cda4fdeed3d2d60e7dc3,05b7bab4beef95cc077c40c8cc949baf46a83e36cf9903f6bc97f9f5bcbe3253,non_target_alert_rate,2026091900|2026091901|2026091902|2026091903|2026091904|2026091905|2026091906|2026091907|2026091908|2026091909|2026091910|2026091911|2026091912|2026091913|2026091914|2026091915|2026091916|2026091917|2026091918|2026091919,20,20,0,0.0,0.014517859426963677,0.012184815417315031
numeric_strong_shift8_n500,numeric,numeric,strong,500,8.0,0.02,drift,income,wasserstein,False,509c56e4630c19b10684cda4fdeed3d2d60e7dc3,05b7bab4beef95cc077c40c8cc949baf46a83e36cf9903f6bc97f9f5bcbe3253,non_target_alert_rate,2026091900|2026091901|2026091902|2026091903|2026091904|2026091905|2026091906|2026091907|2026091908|2026091909|2026091910|2026091911|2026091912|2026091913|2026091914|2026091915|2026091916|2026091917|2026091918|2026091919,20,0,0,,3118.3180965306133,3141.940216326532
numeric_strong_shift8_n500,numeric,numeric,strong,500,8.0,0.02,drift,region,chi2,False,509c56e4630c19b10684cda4fdeed3d2d60e7dc3,05b7bab4beef95cc077c40c8cc949baf46a83e36cf9903f6bc97f9f5bcbe3253,non_target_alert_rate,2026091900|2026091901|2026091902|2026091903|2026091904|2026091905|2026091906|2026091907|2026091908|2026091909|2026091910|2026091911|2026091912|2026091913|2026091914|2026091915|2026091916|2026091917|2026091918|2026091919,20,20,0,0.0,3.305730494459765,2.9736838097361407
numeric_strong_shift8_n500,numeric,numeric,strong,500,8.0,0.02,drift,region,js,False,509c56e4630c19b10684cda4fdeed3d2d60e7dc3,05b7bab4beef95cc077c40c8cc949baf46a83e36cf9903f6bc97f9f5bcbe3253,non_target_alert_rate,2026091900|2026091901|2026091902|2026091903|2026091904|2026091905|2026091906|2026091907|2026091908|2026091909|2026091910|2026091911|2026091912|2026091913|2026091914|2026091915|2026091916|2026091917|2026091918|2026091919,20,20,0,0.0,0.0013211464980250223,0.0011756629666075898
numeric_strong_shift8_n500,numeric,numeric,strong,500,8.0,0.02,drift,region,psi,False,509c56e4630c19b10684cda4fdeed3d2d60e7dc3,05b7bab4beef95cc077c40c8cc949baf46a83e36cf9903f6bc97f9f5bcbe3253,non_target_alert_rate,2026091900|2026091901|2026091902|2026091903|2026091904|2026091905|2026091906|2026091907|2026091908|2026091909|2026091910|2026091911|2026091912|2026091913|2026091914|2026091915|2026091916|2026091917|2026091918|2026091919,20,20,0,0.0,0.007331876028945081,0.00652210825749337
numeric_strong_shift8_n500,numeric,numeric,strong,500,8.0,0.02,quality,age,current_infinite_count,False,509c56e4630c19b10684cda4fdeed3d2d60e7dc3,05b7bab4beef95cc077c40c8cc949baf46a83e36cf9903f6bc97f9f5bcbe3253,non_target_alert_rate,2026091900|2026091901|2026091902|2026091903|2026091904|2026091905|2026091906|2026091907|2026091908|2026091909|2026091910|2026091911|2026091912|2026091913|2026091914|2026091915|2026091916|2026091917|2026091918|2026091919,20,20,0,0.0,0.0,0.0
numeric_strong_shift8_n500,numeric,numeric,strong,500,8.0,0.02,quality,age,current_max,False,509c56e4630c19b10684cda4fdeed3d2d60e7dc3,05b7bab4beef95cc077c40c8cc949baf46a83e36cf9903f6bc97f9f5bcbe3253,non_target_alert_rate,2026091900|2026091901|2026091902|2026091903|2026091904|2026091905|2026091906|2026091907|2026091908|2026091909|2026091910|2026091911|2026091912|2026091913|2026091914|2026091915|2026091916|2026091917|2026091918|2026091919,20,20,0,0.0,86.5,85.0
numeric_strong_shift8_n500,numeric,numeric,strong,500,8.0,0.02,quality,age,current_min,False,509c56e4630c19b10684cda4fdeed3d2d60e7dc3,05b7bab4beef95cc077c40c8cc949baf46a83e36cf9903f6bc97f9f5bcbe3253,non_target_alert_rate,2026091900|2026091901|2026091902|2026091903|2026091904|2026091905|2026091906|2026091907|2026091908|2026091909|2026091910|2026091911|2026091912|2026091913|2026091914|2026091915|2026091916|2026091917|2026091918|2026091919,20,20,0,0.0,26.0,26.0
numeric_strong_shift8_n500,numeric,numeric,strong,500,8.0,0.02,quality,age,current_missing_fraction,False,509c56e4630c19b10684cda4fdeed3d2d60e7dc3,05b7bab4beef95cc077c40c8cc949baf46a83e36cf9903f6bc97f9f5bcbe3253,non_target_alert_rate,2026091900|2026091901|2026091902|2026091903|2026091904|2026091905|2026091906|2026091907|2026091908|2026091909|2026091910|2026091911|2026091912|2026091913|2026091914|2026091915|2026091916|2026091917|2026091918|2026091919,20,20,0,0.0,0.0,0.0
numeric_strong_shift8_n500,numeric,numeric,strong,500,8.0,0.02,quality,age,missing_increase_pp,False,509c56e4630c19b10684cda4fdeed3d2d60e7dc3,05b7bab4beef95cc077c40c8cc949baf46a83e36cf9903f6bc97f9f5bcbe3253,non_target_alert_rate,2026091900|2026091901|2026091902|2026091903|2026091904|2026091905|2026091906|2026091907|2026091908|2026091909|2026091910|2026091911|2026091912|2026091913|2026091914|2026091915|2026091916|2026091917|2026091918|2026091919,20,20,0,0.0,0.0,0.0
numeric_strong_shift8_n500,numeric,numeric,strong,500,8.0,0.02,quality,age,reference_infinite_count,False,509c56e4630c19b10684cda4fdeed3d2d60e7dc3,05b7bab4beef95cc077c40c8cc949baf46a83e36cf9903f6bc97f9f5bcbe3253,non_target_alert_rate,2026091900|2026091901|2026091902|2026091903|2026091904|2026091905|2026091906|2026091907|2026091908|2026091909|2026091910|2026091911|2026091912|2026091913|2026091914|2026091915|2026091916|2026091917|2026091918|2026091919,20,20,0,0.0,0.0,0.0
numeric_strong_shift8_n500,numeric,numeric,strong,500,8.0,0.02,quality,age,reference_max,False,509c56e4630c19b10684cda4fdeed3d2d60e7dc3,05b7bab4beef95cc077c40c8cc949baf46a83e36cf9903f6bc97f9f5bcbe3253,non_target_alert_rate,2026091900|2026091901|2026091902|2026091903|2026091904|2026091905|2026091906|2026091907|2026091908|2026091909|2026091910|2026091911|2026091912|2026091913|2026091914|2026091915|2026091916|2026091917|2026091918|2026091919,20,20,0,0.0,86.6,86.5
numeric_strong_shift8_n500,numeric,numeric,strong,500,8.0,0.02,quality,age,reference_min,False,509c56e4630c19b10684cda4fdeed3d2d60e7dc3,05b7bab4beef95cc077c40c8cc949baf46a83e36cf9903f6bc97f9f5bcbe3253,non_target_alert_rate,2026091900|2026091901|2026091902|2026091903|2026091904|2026091905|2026091906|2026091907|2026091908|2026091909|2026091910|2026091911|2026091912|2026091913|2026091914|2026091915|2026091916|2026091917|2026091918|2026091919,20,20,0,0.0,18.0,18.0
numeric_strong_shift8_n500,numeric,numeric,strong,500,8.0,0.02,quality,age,reference_missing_fraction,False,509c56e4630c19b10684cda4fdeed3d2d60e7dc3,05b7bab4beef95cc077c40c8cc949baf46a83e36cf9903f6bc97f9f5bcbe3253,non_target_alert_rate,2026091900|2026091901|2026091902|2026091903|2026091904|2026091905|2026091906|2026091907|2026091908|2026091909|2026091910|2026091911|2026091912|2026091913|2026091914|2026091915|2026091916|2026091917|2026091918|2026091919,20,20,0,0.0,0.0,0.0
numeric_strong_shift8_n500,numeric,numeric,strong,500,8.0,0.02,quality,income,current_infinite_count,False,509c56e4630c19b10684cda4fdeed3d2d60e7dc3,05b7bab4beef95cc077c40c8cc949baf46a83e36cf9903f6bc97f9f5bcbe3253,non_target_alert_rate,2026091900|2026091901|2026091902|2026091903|2026091904|2026091905|2026091906|2026091907|2026091908|2026091909|2026091910|2026091911|2026091912|2026091913|2026091914|2026091915|2026091916|2026091917|2026091918|2026091919,20,20,0,0.0,0.0,0.0
numeric_strong_shift8_n500,numeric,numeric,strong,500,8.0,0.02,quality,income,current_max,False,509c56e4630c19b10684cda4fdeed3d2d60e7dc3,05b7bab4beef95cc077c40c8cc949baf46a83e36cf9903f6bc97f9f5bcbe3253,non_target_alert_rate,2026091900|2026091901|2026091902|2026091903|2026091904|2026091905|2026091906|2026091907|2026091908|2026091909|2026091910|2026091911|2026091912|2026091913|2026091914|2026091915|2026091916|2026091917|2026091918|2026091919,20,20,0,0.0,511800.5295,498932.28500000003
numeric_strong_shift8_n500,numeric,numeric,strong,500,8.0,0.02,quality,income,current_min,False,509c56e4630c19b10684cda4fdeed3d2d60e7dc3,05b7bab4beef95cc077c40c8cc949baf46a83e36cf9903f6bc97f9f5bcbe3253,non_target_alert_rate,2026091900|2026091901|2026091902|2026091903|2026091904|2026091905|2026091906|2026091907|2026091908|2026091909|2026091910|2026091911|2026091912|2026091913|2026091914|2026091915|2026091916|2026091917|2026091918|2026091919,20,20,0,0.0,15150.136000000002,15449.15
numeric_strong_shift8_n500,numeric,numeric,strong,500,8.0,0.02,quality,income,current_missing_fraction,False,509c56e4630c19b10684cda4fdeed3d2d60e7dc3,05b7bab4beef95cc077c40c8cc949baf46a83e36cf9903f6bc97f9f5bcbe3253,non_target_alert_rate,2026091900|2026091901|2026091902|2026091903|2026091904|2026091905|2026091906|2026091907|2026091908|2026091909|2026091910|2026091911|2026091912|2026091913|2026091914|2026091915|2026091916|2026091917|2026091918|2026091919,20,20,0,0.0,0.020000000000000004,0.02
numeric_strong_shift8_n500,numeric,numeric,strong,500,8.0,0.02,quality,income,missing_increase_pp,False,509c56e4630c19b10684cda4fdeed3d2d60e7dc3,05b7bab4beef95cc077c40c8cc949baf46a83e36cf9903f6bc97f9f5bcbe3253,non_target_alert_rate,2026091900|2026091901|2026091902|2026091903|2026091904|2026091905|2026091906|2026091907|2026091908|2026091909|2026091910|2026091911|2026091912|2026091913|2026091914|2026091915|2026091916|2026091917|2026091918|2026091919,20,20,0,0.0,0.0,0.0
numeric_strong_shift8_n500,numeric,numeric,strong,500,8.0,0.02,quality,income,reference_infinite_count,False,509c56e4630c19b10684cda4fdeed3d2d60e7dc3,05b7bab4beef95cc077c40c8cc949baf46a83e36cf9903f6bc97f9f5bcbe3253,non_target_alert_rate,2026091900|2026091901|2026091902|2026091903|2026091904|2026091905|2026091906|2026091907|2026091908|2026091909|2026091910|2026091911|2026091912|2026091913|2026091914|2026091915|2026091916|2026091917|2026091918|2026091919,20,20,0,0.0,0.0,0.0
numeric_strong_shift8_n500,numeric,numeric,strong,500,8.0,0.02,quality,income,reference_max,False,509c56e4630c19b10684cda4fdeed3d2d60e7dc3,05b7bab4beef95cc077c40c8cc949baf46a83e36cf9903f6bc97f9f5bcbe3253,non_target_alert_rate,2026091900|2026091901|2026091902|2026091903|2026091904|2026091905|2026091906|2026091907|2026091908|2026091909|2026091910|2026091911|2026091912|2026091913|2026091914|2026091915|2026091916|2026091917|2026091918|2026091919,20,20,0,0.0,619557.1195,611724.875
numeric_strong_shift8_n500,numeric,numeric,strong,500,8.0,0.02,quality,income,reference_min,False,509c56e4630c19b10684cda4fdeed3d2d60e7dc3,05b7bab4beef95cc077c40c8cc949baf46a83e36cf9903f6bc97f9f5bcbe3253,non_target_alert_rate,2026091900|2026091901|2026091902|2026091903|2026091904|2026091905|2026091906|2026091907|2026091908|2026091909|2026091910|2026091911|2026091912|2026091913|2026091914|2026091915|2026091916|2026091917|2026091918|2026091919,20,20,0,0.0,10934.159000000001,11033.564999999999
numeric_strong_shift8_n500,numeric,numeric,strong,500,8.0,0.02,quality,income,reference_missing_fraction,False,509c56e4630c19b10684cda4fdeed3d2d60e7dc3,05b7bab4beef95cc077c40c8cc949baf46a83e36cf9903f6bc97f9f5bcbe3253,non_target_alert_rate,2026091900|2026091901|2026091902|2026091903|2026091904|2026091905|2026091906|2026091907|2026091908|2026091909|2026091910|2026091911|2026091912|2026091913|2026091914|2026091915|2026091916|2026091917|2026091918|2026091919,20,20,0,0.0,0.020000000000000004,0.02
numeric_strong_shift8_n500,numeric,numeric,strong,500,8.0,0.02,quality,region,current_missing_fraction,False,509c56e4630c19b10684cda4fdeed3d2d60e7dc3,05b7bab4beef95cc077c40c8cc949baf46a83e36cf9903f6bc97f9f5bcbe3253,non_target_alert_rate,2026091900|2026091901|2026091902|2026091903|2026091904|2026091905|2026091906|2026091907|2026091908|2026091909|2026091910|2026091911|2026091912|2026091913|2026091914|2026091915|2026091916|2026091917|2026091918|2026091919,20,20,0,0.0,0.0,0.0
numeric_strong_shift8_n500,numeric,numeric,strong,500,8.0,0.02,quality,region,missing_increase_pp,False,509c56e4630c19b10684cda4fdeed3d2d60e7dc3,05b7bab4beef95cc077c40c8cc949baf46a83e36cf9903f6bc97f9f5bcbe3253,non_target_alert_rate,2026091900|2026091901|2026091902|2026091903|2026091904|2026091905|2026091906|2026091907|2026091908|2026091909|2026091910|2026091911|2026091912|2026091913|2026091914|2026091915|2026091916|2026091917|2026091918|2026091919,20,20,0,0.0,0.0,0.0
numeric_strong_shift8_n500,numeric,numeric,strong,500,8.0,0.02,quality,region,reference_missing_fraction,False,509c56e4630c19b10684cda4fdeed3d2d60e7dc3,05b7bab4beef95cc077c40c8cc949baf46a83e36cf9903f6bc97f9f5bcbe3253,non_target_alert_rate,2026091900|2026091901|2026091902|2026091903|2026091904|2026091905|2026091906|2026091907|2026091908|2026091909|2026091910|2026091911|2026091912|2026091913|2026091914|2026091915|2026091916|2026091917|2026091918|2026091919,20,20,0,0.0,0.0,0.0
numeric_strong_shift8_n500,numeric,numeric,strong,500,8.0,0.02,quality,,current_duplicate_fraction,False,509c56e4630c19b10684cda4fdeed3d2d60e7dc3,05b7bab4beef95cc077c40c8cc949baf46a83e36cf9903f6bc97f9f5bcbe3253,non_target_alert_rate,2026091900|2026091901|2026091902|2026091903|2026091904|2026091905|2026091906|2026091907|2026091908|2026091909|2026091910|2026091911|2026091912|2026091913|2026091914|2026091915|2026091916|2026091917|2026091918|2026091919,20,20,0,0.0,0.0005,0.0
numeric_strong_shift8_n500,numeric,numeric,strong,500,8.0,0.02,quality,,reference_duplicate_fraction,False,509c56e4630c19b10684cda4fdeed3d2d60e7dc3,05b7bab4beef95cc077c40c8cc949baf46a83e36cf9903f6bc97f9f5bcbe3253,non_target_alert_rate,2026091900|2026091901|2026091902|2026091903|2026091904|2026091905|2026091906|2026091907|2026091908|2026091909|2026091910|2026091911|2026091912|2026091913|2026091914|2026091915|2026091916|2026091917|2026091918|2026091919,20,20,0,0.0,0.004259999999999999,0.0042
numeric_weak_shift2_n1200,numeric,numeric,weak,1200,2.0,0.02,adversarial,,roc_auc,True,509c56e4630c19b10684cda4fdeed3d2d60e7dc3,05b7bab4beef95cc077c40c8cc949baf46a83e36cf9903f6bc97f9f5bcbe3253,detection_rate,2026091900|2026091901|2026091902|2026091903|2026091904|2026091905|2026091906|2026091907|2026091908|2026091909|2026091910|2026091911|2026091912|2026091913|2026091914|2026091915|2026091916|2026091917|2026091918|2026091919,20,20,0,0.0,0.5380446916666668,0.542531875
numeric_weak_shift2_n1200,numeric,numeric,weak,1200,2.0,0.02,drift,age,js,True,509c56e4630c19b10684cda4fdeed3d2d60e7dc3,05b7bab4beef95cc077c40c8cc949baf46a83e36cf9903f6bc97f9f5bcbe3253,detection_rate,2026091900|2026091901|2026091902|2026091903|2026091904|2026091905|2026091906|2026091907|2026091908|2026091909|2026091910|2026091911|2026091912|2026091913|2026091914|2026091915|2026091916|2026091917|2026091918|2026091919,20,20,0,0.0,0.005713687971556297,0.005539466919240807
numeric_weak_shift2_n1200,numeric,numeric,weak,1200,2.0,0.02,drift,age,ks,True,509c56e4630c19b10684cda4fdeed3d2d60e7dc3,05b7bab4beef95cc077c40c8cc949baf46a83e36cf9903f6bc97f9f5bcbe3253,detection_rate,2026091900|2026091901|2026091902|2026091903|2026091904|2026091905|2026091906|2026091907|2026091908|2026091909|2026091910|2026091911|2026091912|2026091913|2026091914|2026091915|2026091916|2026091917|2026091918|2026091919,20,20,20,1.0,0.07333,0.07345000000000002
numeric_weak_shift2_n1200,numeric,numeric,weak,1200,2.0,0.02,drift,age,psi,True,509c56e4630c19b10684cda4fdeed3d2d60e7dc3,05b7bab4beef95cc077c40c8cc949baf46a83e36cf9903f6bc97f9f5bcbe3253,detection_rate,2026091900|2026091901|2026091902|2026091903|2026091904|2026091905|2026091906|2026091907|2026091908|2026091909|2026091910|2026091911|2026091912|2026091913|2026091914|2026091915|2026091916|2026091917|2026091918|2026091919,20,20,0,0.0,0.03178062926125931,0.030814330025695363
numeric_weak_shift2_n1200,numeric,numeric,weak,1200,2.0,0.02,drift,age,wasserstein,True,509c56e4630c19b10684cda4fdeed3d2d60e7dc3,05b7bab4beef95cc077c40c8cc949baf46a83e36cf9903f6bc97f9f5bcbe3253,detection_rate,2026091900|2026091901|2026091902|2026091903|2026091904|2026091905|2026091906|2026091907|2026091908|2026091909|2026091910|2026091911|2026091912|2026091913|2026091914|2026091915|2026091916|2026091917|2026091918|2026091919,20,20,0,0.0,1.9153183333333335,2.0146666666666664
numeric_weak_shift2_n1200,numeric,numeric,weak,1200,2.0,0.02,drift,income,js,False,509c56e4630c19b10684cda4fdeed3d2d60e7dc3,05b7bab4beef95cc077c40c8cc949baf46a83e36cf9903f6bc97f9f5bcbe3253,non_target_alert_rate,2026091900|2026091901|2026091902|2026091903|2026091904|2026091905|2026091906|2026091907|2026091908|2026091909|2026091910|2026091911|2026091912|2026091913|2026091914|2026091915|2026091916|2026091917|2026091918|2026091919,20,20,0,0.0,0.0013855950799059754,0.0011804476600368145
numeric_weak_shift2_n1200,numeric,numeric,weak,1200,2.0,0.02,drift,income,ks,False,509c56e4630c19b10684cda4fdeed3d2d60e7dc3,05b7bab4beef95cc077c40c8cc949baf46a83e36cf9903f6bc97f9f5bcbe3253,non_target_alert_rate,2026091900|2026091901|2026091902|2026091903|2026091904|2026091905|2026091906|2026091907|2026091908|2026091909|2026091910|2026091911|2026091912|2026091913|2026091914|2026091915|2026091916|2026091917|2026091918|2026091919,20,20,1,0.05,0.027236394557823118,0.02493197278911563
numeric_weak_shift2_n1200,numeric,numeric,weak,1200,2.0,0.02,drift,income,psi,False,509c56e4630c19b10684cda4fdeed3d2d60e7dc3,05b7bab4beef95cc077c40c8cc949baf46a83e36cf9903f6bc97f9f5bcbe3253,non_target_alert_rate,2026091900|2026091901|2026091902|2026091903|2026091904|2026091905|2026091906|2026091907|2026091908|2026091909|2026091910|2026091911|2026091912|2026091913|2026091914|2026091915|2026091916|2026091917|2026091918|2026091919,20,20,0,0.0,0.007691080777299413,0.006549099109096557
numeric_weak_shift2_n1200,numeric,numeric,weak,1200,2.0,0.02,drift,income,wasserstein,False,509c56e4630c19b10684cda4fdeed3d2d60e7dc3,05b7bab4beef95cc077c40c8cc949baf46a83e36cf9903f6bc97f9f5bcbe3253,non_target_alert_rate,2026091900|2026091901|2026091902|2026091903|2026091904|2026091905|2026091906|2026091907|2026091908|2026091909|2026091910|2026091911|2026091912|2026091913|2026091914|2026091915|2026091916|2026091917|2026091918|2026091919,20,0,0,,2403.868756326528,2201.500571938772
numeric_weak_shift2_n1200,numeric,numeric,weak,1200,2.0,0.02,drift,region,chi2,False,509c56e4630c19b10684cda4fdeed3d2d60e7dc3,05b7bab4beef95cc077c40c8cc949baf46a83e36cf9903f6bc97f9f5bcbe3253,non_target_alert_rate,2026091900|2026091901|2026091902|2026091903|2026091904|2026091905|2026091906|2026091907|2026091908|2026091909|2026091910|2026091911|2026091912|2026091913|2026091914|2026091915|2026091916|2026091917|2026091918|2026091919,20,20,0,0.0,3.415127384537976,2.3712465448600386
numeric_weak_shift2_n1200,numeric,numeric,weak,1200,2.0,0.02,drift,region,js,False,509c56e4630c19b10684cda4fdeed3d2d60e7dc3,05b7bab4beef95cc077c40c8cc949baf46a83e36cf9903f6bc97f9f5bcbe3253,non_target_alert_rate,2026091900|2026091901|2026091902|2026091903|2026091904|2026091905|2026091906|2026091907|2026091908|2026091909|2026091910|2026091911|2026091912|2026091913|2026091914|2026091915|2026091916|2026091917|2026091918|2026091919,20,20,0,0.0,0.0006424373381341464,0.0004462545320750036
numeric_weak_shift2_n1200,numeric,numeric,weak,1200,2.0,0.02,drift,region,psi,False,509c56e4630c19b10684cda4fdeed3d2d60e7dc3,05b7bab4beef95cc077c40c8cc949baf46a83e36cf9903f6bc97f9f5bcbe3253,non_target_alert_rate,2026091900|2026091901|2026091902|2026091903|2026091904|2026091905|2026091906|2026091907|2026091908|2026091909|2026091910|2026091911|2026091912|2026091913|2026091914|2026091915|2026091916|2026091917|2026091918|2026091919,20,20,0,0.0,0.0035640467574493836,0.002474975675458798
numeric_weak_shift2_n1200,numeric,numeric,weak,1200,2.0,0.02,quality,age,current_infinite_count,False,509c56e4630c19b10684cda4fdeed3d2d60e7dc3,05b7bab4beef95cc077c40c8cc949baf46a83e36cf9903f6bc97f9f5bcbe3253,non_target_alert_rate,2026091900|2026091901|2026091902|2026091903|2026091904|2026091905|2026091906|2026091907|2026091908|2026091909|2026091910|2026091911|2026091912|2026091913|2026091914|2026091915|2026091916|2026091917|2026091918|2026091919,20,20,0,0.0,0.0,0.0
numeric_weak_shift2_n1200,numeric,numeric,weak,1200,2.0,0.02,quality,age,current_max,False,509c56e4630c19b10684cda4fdeed3d2d60e7dc3,05b7bab4beef95cc077c40c8cc949baf46a83e36cf9903f6bc97f9f5bcbe3253,non_target_alert_rate,2026091900|2026091901|2026091902|2026091903|2026091904|2026091905|2026091906|2026091907|2026091908|2026091909|2026091910|2026091911|2026091912|2026091913|2026091914|2026091915|2026091916|2026091917|2026091918|2026091919,20,20,0,0.0,82.9,82.5
numeric_weak_shift2_n1200,numeric,numeric,weak,1200,2.0,0.02,quality,age,current_min,False,509c56e4630c19b10684cda4fdeed3d2d60e7dc3,05b7bab4beef95cc077c40c8cc949baf46a83e36cf9903f6bc97f9f5bcbe3253,non_target_alert_rate,2026091900|2026091901|2026091902|2026091903|2026091904|2026091905|2026091906|2026091907|2026091908|2026091909|2026091910|2026091911|2026091912|2026091913|2026091914|2026091915|2026091916|2026091917|2026091918|2026091919,20,20,0,0.0,20.0,20.0
numeric_weak_shift2_n1200,numeric,numeric,weak,1200,2.0,0.02,quality,age,current_missing_fraction,False,509c56e4630c19b10684cda4fdeed3d2d60e7dc3,05b7bab4beef95cc077c40c8cc949baf46a83e36cf9903f6bc97f9f5bcbe3253,non_target_alert_rate,2026091900|2026091901|2026091902|2026091903|2026091904|2026091905|2026091906|2026091907|2026091908|2026091909|2026091910|2026091911|2026091912|2026091913|2026091914|2026091915|2026091916|2026091917|2026091918|2026091919,20,20,0,0.0,0.0,0.0
numeric_weak_shift2_n1200,numeric,numeric,weak,1200,2.0,0.02,quality,age,missing_increase_pp,False,509c56e4630c19b10684cda4fdeed3d2d60e7dc3,05b7bab4beef95cc077c40c8cc949baf46a83e36cf9903f6bc97f9f5bcbe3253,non_target_alert_rate,2026091900|2026091901|2026091902|2026091903|2026091904|2026091905|2026091906|2026091907|2026091908|2026091909|2026091910|2026091911|2026091912|2026091913|2026091914|2026091915|2026091916|2026091917|2026091918|2026091919,20,20,0,0.0,0.0,0.0
numeric_weak_shift2_n1200,numeric,numeric,weak,1200,2.0,0.02,quality,age,reference_infinite_count,False,509c56e4630c19b10684cda4fdeed3d2d60e7dc3,05b7bab4beef95cc077c40c8cc949baf46a83e36cf9903f6bc97f9f5bcbe3253,non_target_alert_rate,2026091900|2026091901|2026091902|2026091903|2026091904|2026091905|2026091906|2026091907|2026091908|2026091909|2026091910|2026091911|2026091912|2026091913|2026091914|2026091915|2026091916|2026091917|2026091918|2026091919,20,20,0,0.0,0.0,0.0
numeric_weak_shift2_n1200,numeric,numeric,weak,1200,2.0,0.02,quality,age,reference_max,False,509c56e4630c19b10684cda4fdeed3d2d60e7dc3,05b7bab4beef95cc077c40c8cc949baf46a83e36cf9903f6bc97f9f5bcbe3253,non_target_alert_rate,2026091900|2026091901|2026091902|2026091903|2026091904|2026091905|2026091906|2026091907|2026091908|2026091909|2026091910|2026091911|2026091912|2026091913|2026091914|2026091915|2026091916|2026091917|2026091918|2026091919,20,20,0,0.0,86.6,86.5
numeric_weak_shift2_n1200,numeric,numeric,weak,1200,2.0,0.02,quality,age,reference_min,False,509c56e4630c19b10684cda4fdeed3d2d60e7dc3,05b7bab4beef95cc077c40c8cc949baf46a83e36cf9903f6bc97f9f5bcbe3253,non_target_alert_rate,2026091900|2026091901|2026091902|2026091903|2026091904|2026091905|2026091906|2026091907|2026091908|2026091909|2026091910|2026091911|2026091912|2026091913|2026091914|2026091915|2026091916|2026091917|2026091918|2026091919,20,20,0,0.0,18.0,18.0
numeric_weak_shift2_n1200,numeric,numeric,weak,1200,2.0,0.02,quality,age,reference_missing_fraction,False,509c56e4630c19b10684cda4fdeed3d2d60e7dc3,05b7bab4beef95cc077c40c8cc949baf46a83e36cf9903f6bc97f9f5bcbe3253,non_target_alert_rate,2026091900|2026091901|2026091902|2026091903|2026091904|2026091905|2026091906|2026091907|2026091908|2026091909|2026091910|2026091911|2026091912|2026091913|2026091914|2026091915|2026091916|2026091917|2026091918|2026091919,20,20,0,0.0,0.0,0.0
numeric_weak_shift2_n1200,numeric,numeric,weak,1200,2.0,0.02,quality,income,current_infinite_count,False,509c56e4630c19b10684cda4fdeed3d2d60e7dc3,05b7bab4beef95cc077c40c8cc949baf46a83e36cf9903f6bc97f9f5bcbe3253,non_target_alert_rate,2026091900|2026091901|2026091902|2026091903|2026091904|2026091905|2026091906|2026091907|2026091908|2026091909|2026091910|2026091911|2026091912|2026091913|2026091914|2026091915|2026091916|2026091917|2026091918|2026091919,20,20,0,0.0,0.0,0.0
numeric_weak_shift2_n1200,numeric,numeric,weak,1200,2.0,0.02,quality,income,current_max,False,509c56e4630c19b10684cda4fdeed3d2d60e7dc3,05b7bab4beef95cc077c40c8cc949baf46a83e36cf9903f6bc97f9f5bcbe3253,non_target_alert_rate,2026091900|2026091901|2026091902|2026091903|2026091904|2026091905|2026091906|2026091907|2026091908|2026091909|2026091910|2026091911|2026091912|2026091913|2026091914|2026091915|2026091916|2026091917|2026091918|2026091919,20,20,0,0.0,540426.8019999999,546592.515
numeric_weak_shift2_n1200,numeric,numeric,weak,1200,2.0,0.02,quality,income,current_min,False,509c56e4630c19b10684cda4fdeed3d2d60e7dc3,05b7bab4beef95cc077c40c8cc949baf46a83e36cf9903f6bc97f9f5bcbe3253,non_target_alert_rate,2026091900|2026091901|2026091902|2026091903|2026091904|2026091905|2026091906|2026091907|2026091908|2026091909|2026091910|2026091911|2026091912|2026091913|2026091914|2026091915|2026091916|2026091917|2026091918|2026091919,20,20,0,0.0,13373.402500000002,13755.87
numeric_weak_shift2_n1200,numeric,numeric,weak,1200,2.0,0.02,quality,income,current_missing_fraction,False,509c56e4630c19b10684cda4fdeed3d2d60e7dc3,05b7bab4beef95cc077c40c8cc949baf46a83e36cf9903f6bc97f9f5bcbe3253,non_target_alert_rate,2026091900|2026091901|2026091902|2026091903|2026091904|2026091905|2026091906|2026091907|2026091908|2026091909|2026091910|2026091911|2026091912|2026091913|2026091914|2026091915|2026091916|2026091917|2026091918|2026091919,20,20,0,0.0,0.020000000000000004,0.02
numeric_weak_shift2_n1200,numeric,numeric,weak,1200,2.0,0.02,quality,income,missing_increase_pp,False,509c56e4630c19b10684cda4fdeed3d2d60e7dc3,05b7bab4beef95cc077c40c8cc949baf46a83e36cf9903f6bc97f9f5bcbe3253,non_target_alert_rate,2026091900|2026091901|2026091902|2026091903|2026091904|2026091905|2026091906|2026091907|2026091908|2026091909|2026091910|2026091911|2026091912|2026091913|2026091914|2026091915|2026091916|2026091917|2026091918|2026091919,20,20,0,0.0,0.0,0.0
numeric_weak_shift2_n1200,numeric,numeric,weak,1200,2.0,0.02,quality,income,reference_infinite_count,False,509c56e4630c19b10684cda4fdeed3d2d60e7dc3,05b7bab4beef95cc077c40c8cc949baf46a83e36cf9903f6bc97f9f5bcbe3253,non_target_alert_rate,2026091900|2026091901|2026091902|2026091903|2026091904|2026091905|2026091906|2026091907|2026091908|2026091909|2026091910|2026091911|2026091912|2026091913|2026091914|2026091915|2026091916|2026091917|2026091918|2026091919,20,20,0,0.0,0.0,0.0
numeric_weak_shift2_n1200,numeric,numeric,weak,1200,2.0,0.02,quality,income,reference_max,False,509c56e4630c19b10684cda4fdeed3d2d60e7dc3,05b7bab4beef95cc077c40c8cc949baf46a83e36cf9903f6bc97f9f5bcbe3253,non_target_alert_rate,2026091900|2026091901|2026091902|2026091903|2026091904|2026091905|2026091906|2026091907|2026091908|2026091909|2026091910|2026091911|2026091912|2026091913|2026091914|2026091915|2026091916|2026091917|2026091918|2026091919,20,20,0,0.0,619557.1195,611724.875
numeric_weak_shift2_n1200,numeric,numeric,weak,1200,2.0,0.02,quality,income,reference_min,False,509c56e4630c19b10684cda4fdeed3d2d60e7dc3,05b7bab4beef95cc077c40c8cc949baf46a83e36cf9903f6bc97f9f5bcbe3253,non_target_alert_rate,2026091900|2026091901|2026091902|2026091903|2026091904|2026091905|2026091906|2026091907|2026091908|2026091909|2026091910|2026091911|2026091912|2026091913|2026091914|2026091915|2026091916|2026091917|2026091918|2026091919,20,20,0,0.0,10934.159000000001,11033.564999999999
numeric_weak_shift2_n1200,numeric,numeric,weak,1200,2.0,0.02,quality,income,reference_missing_fraction,False,509c56e4630c19b10684cda4fdeed3d2d60e7dc3,05b7bab4beef95cc077c40c8cc949baf46a83e36cf9903f6bc97f9f5bcbe3253,non_target_alert_rate,2026091900|2026091901|2026091902|2026091903|2026091904|2026091905|2026091906|2026091907|2026091908|2026091909|2026091910|2026091911|2026091912|2026091913|2026091914|2026091915|2026091916|2026091917|2026091918|2026091919,20,20,0,0.0,0.020000000000000004,0.02
numeric_weak_shift2_n1200,numeric,numeric,weak,1200,2.0,0.02,quality,region,current_missing_fraction,False,509c56e4630c19b10684cda4fdeed3d2d60e7dc3,05b7bab4beef95cc077c40c8cc949baf46a83e36cf9903f6bc97f9f5bcbe3253,non_target_alert_rate,2026091900|2026091901|2026091902|2026091903|2026091904|2026091905|2026091906|2026091907|2026091908|2026091909|2026091910|2026091911|2026091912|2026091913|2026091914|2026091915|2026091916|2026091917|2026091918|2026091919,20,20,0,0.0,0.0,0.0
numeric_weak_shift2_n1200,numeric,numeric,weak,1200,2.0,0.02,quality,region,missing_increase_pp,False,509c56e4630c19b10684cda4fdeed3d2d60e7dc3,05b7bab4beef95cc077c40c8cc949baf46a83e36cf9903f6bc97f9f5bcbe3253,non_target_alert_rate,2026091900|2026091901|2026091902|2026091903|2026091904|2026091905|2026091906|2026091907|2026091908|2026091909|2026091910|2026091911|2026091912|2026091913|2026091914|2026091915|2026091916|2026091917|2026091918|2026091919,20,20,0,0.0,0.0,0.0
numeric_weak_shift2_n1200,numeric,numeric,weak,1200,2.0,0.02,quality,region,reference_missing_fraction,False,509c56e4630c19b10684cda4fdeed3d2d60e7dc3,05b7bab4beef95cc077c40c8cc949baf46a83e36cf9903f6bc97f9f5bcbe3253,non_target_alert_rate,2026091900|2026091901|2026091902|2026091903|2026091904|2026091905|2026091906|2026091907|2026091908|2026091909|2026091910|2026091911|2026091912|2026091913|2026091914|2026091915|2026091916|2026091917|2026091918|2026091919,20,20,0,0.0,0.0,0.0
numeric_weak_shift2_n1200,numeric,numeric,weak,1200,2.0,0.02,quality,,current_duplicate_fraction,False,509c56e4630c19b10684cda4fdeed3d2d60e7dc3,05b7bab4beef95cc077c40c8cc949baf46a83e36cf9903f6bc97f9f5bcbe3253,non_target_alert_rate,2026091900|2026091901|2026091902|2026091903|2026091904|2026091905|2026091906|2026091907|2026091908|2026091909|2026091910|2026091911|2026091912|2026091913|2026091914|2026091915|2026091916|2026091917|2026091918|2026091919,20,20,0,0.0,0.0012499999999999998,0.0008333333333333334
numeric_weak_shift2_n1200,numeric,numeric,weak,1200,2.0,0.02,quality,,reference_duplicate_fraction,False,509c56e4630c19b10684cda4fdeed3d2d60e7dc3,05b7bab4beef95cc077c40c8cc949baf46a83e36cf9903f6bc97f9f5bcbe3253,non_target_alert_rate,2026091900|2026091901|2026091902|2026091903|2026091904|2026091905|2026091906|2026091907|2026091908|2026091909|2026091910|2026091911|2026091912|2026091913|2026091914|2026091915|2026091916|2026091917|2026091918|2026091919,20,20,0,0.0,0.004259999999999999,0.0042
numeric_weak_shift2_n3000,numeric,numeric,weak,3000,2.0,0.02,adversarial,,roc_auc,True,509c56e4630c19b10684cda4fdeed3d2d60e7dc3,05b7bab4beef95cc077c40c8cc949baf46a83e36cf9903f6bc97f9f5bcbe3253,detection_rate,2026091900|2026091901|2026091902|2026091903|2026091904|2026091905|2026091906|2026091907|2026091908|2026091909|2026091910|2026091911|2026091912|2026091913|2026091914|2026091915|2026091916|2026091917|2026091918|2026091919,20,20,0,0.0,0.5432340683333334,0.5437234833333333
numeric_weak_shift2_n3000,numeric,numeric,weak,3000,2.0,0.02,drift,age,js,True,509c56e4630c19b10684cda4fdeed3d2d60e7dc3,05b7bab4beef95cc077c40c8cc949baf46a83e36cf9903f6bc97f9f5bcbe3253,detection_rate,2026091900|2026091901|2026091902|2026091903|2026091904|2026091905|2026091906|2026091907|2026091908|2026091909|2026091910|2026091911|2026091912|2026091913|2026091914|2026091915|2026091916|2026091917|2026091918|2026091919,20,20,0,0.0,0.005026970842646237,0.004886036093300921
numeric_weak_shift2_n3000,numeric,numeric,weak,3000,2.0,0.02,drift,age,ks,True,509c56e4630c19b10684cda4fdeed3d2d60e7dc3,05b7bab4beef95cc077c40c8cc949baf46a83e36cf9903f6bc97f9f5bcbe3253,detection_rate,2026091900|2026091901|2026091902|2026091903|2026091904|2026091905|2026091906|2026091907|2026091908|2026091909|2026091910|2026091911|2026091912|2026091913|2026091914|2026091915|2026091916|2026091917|2026091918|2026091919,20,20,20,1.0,0.06855666666666671,0.06606666666666672
numeric_weak_shift2_n3000,numeric,numeric,weak,3000,2.0,0.02,drift,age,psi,True,509c56e4630c19b10684cda4fdeed3d2d60e7dc3,05b7bab4beef95cc077c40c8cc949baf46a83e36cf9903f6bc97f9f5bcbe3253,detection_rate,2026091900|2026091901|2026091902|2026091903|2026091904|2026091905|2026091906|2026091907|2026091908|2026091909|2026091910|2026091911|2026091912|2026091913|2026091914|2026091915|2026091916|2026091917|2026091918|2026091919,20,20,0,0.0,0.027957088232314447,0.02716102324046843
numeric_weak_shift2_n3000,numeric,numeric,weak,3000,2.0,0.02,drift,age,wasserstein,True,509c56e4630c19b10684cda4fdeed3d2d60e7dc3,05b7bab4beef95cc077c40c8cc949baf46a83e36cf9903f6bc97f9f5bcbe3253,detection_rate,2026091900|2026091901|2026091902|2026091903|2026091904|2026091905|2026091906|2026091907|2026091908|2026091909|2026091910|2026091911|2026091912|2026091913|2026091914|2026091915|2026091916|2026091917|2026091918|2026091919,20,20,0,0.0,1.9256566666666664,1.9385999999999999
numeric_weak_shift2_n3000,numeric,numeric,weak,3000,2.0,0.02,drift,income,js,False,509c56e4630c19b10684cda4fdeed3d2d60e7dc3,05b7bab4beef95cc077c40c8cc949baf46a83e36cf9903f6bc97f9f5bcbe3253,non_target_alert_rate,2026091900|2026091901|2026091902|2026091903|2026091904|2026091905|2026091906|2026091907|2026091908|2026091909|2026091910|2026091911|2026091912|2026091913|2026091914|2026091915|2026091916|2026091917|2026091918|2026091919,20,20,0,0.0,0.0008422728387044618,0.0006696831271676581
numeric_weak_shift2_n3000,numeric,numeric,weak,3000,2.0,0.02,drift,income,ks,False,509c56e4630c19b10684cda4fdeed3d2d60e7dc3,05b7bab4beef95cc077c40c8cc949baf46a83e36cf9903f6bc97f9f5bcbe3253,non_target_alert_rate,2026091900|2026091901|2026091902|2026091903|2026091904|2026091905|2026091906|2026091907|2026091908|2026091909|2026091910|2026091911|2026091912|2026091913|2026091914|2026091915|2026091916|2026091917|2026091918|2026091919,20,20,1,0.05,0.020693877551020402,0.019115646258503344
numeric_weak_shift2_n3000,numeric,numeric,weak,3000,2.0,0.02,drift,income,psi,False,509c56e4630c19b10684cda4fdeed3d2d60e7dc3,05b7bab4beef95cc077c40c8cc949baf46a83e36cf9903f6bc97f9f5bcbe3253,non_target_alert_rate,2026091900|2026091901|2026091902|2026091903|2026091904|2026091905|2026091906|2026091907|2026091908|2026091909|2026091910|2026091911|2026091912|2026091913|2026091914|2026091915|2026091916|2026091917|2026091918|2026091919,20,20,0,0.0,0.004673964161402819,0.0037146030781121716
numeric_weak_shift2_n3000,numeric,numeric,weak,3000,2.0,0.02,drift,income,wasserstein,False,509c56e4630c19b10684cda4fdeed3d2d60e7dc3,05b7bab4beef95cc077c40c8cc949baf46a83e36cf9903f6bc97f9f5bcbe3253,non_target_alert_rate,2026091900|2026091901|2026091902|2026091903|2026091904|2026091905|2026091906|2026091907|2026091908|2026091909|2026091910|2026091911|2026091912|2026091913|2026091914|2026091915|2026091916|2026091917|2026091918|2026091919,20,0,0,,1998.0276761904765,1872.539914285714
numeric_weak_shift2_n3000,numeric,numeric,weak,3000,2.0,0.02,drift,region,chi2,False,509c56e4630c19b10684cda4fdeed3d2d60e7dc3,05b7bab4beef95cc077c40c8cc949baf46a83e36cf9903f6bc97f9f5bcbe3253,non_target_alert_rate,2026091900|2026091901|2026091902|2026091903|2026091904|2026091905|2026091906|2026091907|2026091908|2026091909|2026091910|2026091911|2026091912|2026091913|2026091914|2026091915|2026091916|2026091917|2026091918|2026091919,20,20,0,0.0,3.5921559063188924,3.8250271666249747
numeric_weak_shift2_n3000,numeric,numeric,weak,3000,2.0,0.02,drift,region,js,False,509c56e4630c19b10684cda4fdeed3d2d60e7dc3,05b7bab4beef95cc077c40c8cc949baf46a83e36cf9903f6bc97f9f5bcbe3253,non_target_alert_rate,2026091900|2026091901|2026091902|2026091903|2026091904|2026091905|2026091906|2026091907|2026091908|2026091909|2026091910|2026091911|2026091912|2026091913|2026091914|2026091915|2026091916|2026091917|2026091918|2026091919,20,20,0,0.0,0.0003454298659140701,0.0003686092678177425
numeric_weak_shift2_n3000,numeric,numeric,weak,3000,2.0,0.02,drift,region,psi,False,509c56e4630c19b10684cda4fdeed3d2d60e7dc3,05b7bab4beef95cc077c40c8cc949baf46a83e36cf9903f6bc97f9f5bcbe3253,non_target_alert_rate,2026091900|2026091901|2026091902|2026091903|2026091904|2026091905|2026091906|2026091907|2026091908|2026091909|2026091910|2026091911|2026091912|2026091913|2026091914|2026091915|2026091916|2026091917|2026091918|2026091919,20,20,0,0.0,0.0019158925039105775,0.002044319644251615
numeric_weak_shift2_n3000,numeric,numeric,weak,3000,2.0,0.02,quality,age,current_infinite_count,False,509c56e4630c19b10684cda4fdeed3d2d60e7dc3,05b7bab4beef95cc077c40c8cc949baf46a83e36cf9903f6bc97f9f5bcbe3253,non_target_alert_rate,2026091900|2026091901|2026091902|2026091903|2026091904|2026091905|2026091906|2026091907|2026091908|2026091909|2026091910|2026091911|2026091912|2026091913|2026091914|2026091915|2026091916|2026091917|2026091918|2026091919,20,20,0,0.0,0.0,0.0
numeric_weak_shift2_n3000,numeric,numeric,weak,3000,2.0,0.02,quality,age,current_max,False,509c56e4630c19b10684cda4fdeed3d2d60e7dc3,05b7bab4beef95cc077c40c8cc949baf46a83e36cf9903f6bc97f9f5bcbe3253,non_target_alert_rate,2026091900|2026091901|2026091902|2026091903|2026091904|2026091905|2026091906|2026091907|2026091908|2026091909|2026091910|2026091911|2026091912|2026091913|2026091914|2026091915|2026091916|2026091917|2026091918|2026091919,20,20,0,0.0,86.95,85.5
numeric_weak_shift2_n3000,numeric,numeric,weak,3000,2.0,0.02,quality,age,current_min,False,509c56e4630c19b10684cda4fdeed3d2d60e7dc3,05b7bab4beef95cc077c40c8cc949baf46a83e36cf9903f6bc97f9f5bcbe3253,non_target_alert_rate,2026091900|2026091901|2026091902|2026091903|2026091904|2026091905|2026091906|2026091907|2026091908|2026091909|2026091910|2026091911|2026091912|2026091913|2026091914|2026091915|2026091916|2026091917|2026091918|2026091919,20,20,0,0.0,20.0,20.0
numeric_weak_shift2_n3000,numeric,numeric,weak,3000,2.0,0.02,quality,age,current_missing_fraction,False,509c56e4630c19b10684cda4fdeed3d2d60e7dc3,05b7bab4beef95cc077c40c8cc949baf46a83e36cf9903f6bc97f9f5bcbe3253,non_target_alert_rate,2026091900|2026091901|2026091902|2026091903|2026091904|2026091905|2026091906|2026091907|2026091908|2026091909|2026091910|2026091911|2026091912|2026091913|2026091914|2026091915|2026091916|2026091917|2026091918|2026091919,20,20,0,0.0,0.0,0.0
numeric_weak_shift2_n3000,numeric,numeric,weak,3000,2.0,0.02,quality,age,missing_increase_pp,False,509c56e4630c19b10684cda4fdeed3d2d60e7dc3,05b7bab4beef95cc077c40c8cc949baf46a83e36cf9903f6bc97f9f5bcbe3253,non_target_alert_rate,2026091900|2026091901|2026091902|2026091903|2026091904|2026091905|2026091906|2026091907|2026091908|2026091909|2026091910|2026091911|2026091912|2026091913|2026091914|2026091915|2026091916|2026091917|2026091918|2026091919,20,20,0,0.0,0.0,0.0
numeric_weak_shift2_n3000,numeric,numeric,weak,3000,2.0,0.02,quality,age,reference_infinite_count,False,509c56e4630c19b10684cda4fdeed3d2d60e7dc3,05b7bab4beef95cc077c40c8cc949baf46a83e36cf9903f6bc97f9f5bcbe3253,non_target_alert_rate,2026091900|2026091901|2026091902|2026091903|2026091904|2026091905|2026091906|2026091907|2026091908|2026091909|2026091910|2026091911|2026091912|2026091913|2026091914|2026091915|2026091916|2026091917|2026091918|2026091919,20,20,0,0.0,0.0,0.0
numeric_weak_shift2_n3000,numeric,numeric,weak,3000,2.0,0.02,quality,age,reference_max,False,509c56e4630c19b10684cda4fdeed3d2d60e7dc3,05b7bab4beef95cc077c40c8cc949baf46a83e36cf9903f6bc97f9f5bcbe3253,non_target_alert_rate,2026091900|2026091901|2026091902|2026091903|2026091904|2026091905|2026091906|2026091907|2026091908|2026091909|2026091910|2026091911|2026091912|2026091913|2026091914|2026091915|2026091916|2026091917|2026091918|2026091919,20,20,0,0.0,86.6,86.5
numeric_weak_shift2_n3000,numeric,numeric,weak,3000,2.0,0.02,quality,age,reference_min,False,509c56e4630c19b10684cda4fdeed3d2d60e7dc3,05b7bab4beef95cc077c40c8cc949baf46a83e36cf9903f6bc97f9f5bcbe3253,non_target_alert_rate,2026091900|2026091901|2026091902|2026091903|2026091904|2026091905|2026091906|2026091907|2026091908|2026091909|2026091910|2026091911|2026091912|2026091913|2026091914|2026091915|2026091916|2026091917|2026091918|2026091919,20,20,0,0.0,18.0,18.0
numeric_weak_shift2_n3000,numeric,numeric,weak,3000,2.0,0.02,quality,age,reference_missing_fraction,False,509c56e4630c19b10684cda4fdeed3d2d60e7dc3,05b7bab4beef95cc077c40c8cc949baf46a83e36cf9903f6bc97f9f5bcbe3253,non_target_alert_rate,2026091900|2026091901|2026091902|2026091903|2026091904|2026091905|2026091906|2026091907|2026091908|2026091909|2026091910|2026091911|2026091912|2026091913|2026091914|2026091915|2026091916|2026091917|2026091918|2026091919,20,20,0,0.0,0.0,0.0
numeric_weak_shift2_n3000,numeric,numeric,weak,3000,2.0,0.02,quality,income,current_infinite_count,False,509c56e4630c19b10684cda4fdeed3d2d60e7dc3,05b7bab4beef95cc077c40c8cc949baf46a83e36cf9903f6bc97f9f5bcbe3253,non_target_alert_rate,2026091900|2026091901|2026091902|2026091903|2026091904|2026091905|2026091906|2026091907|2026091908|2026091909|2026091910|2026091911|2026091912|2026091913|2026091914|2026091915|2026091916|2026091917|2026091918|2026091919,20,20,0,0.0,0.0,0.0
numeric_weak_shift2_n3000,numeric,numeric,weak,3000,2.0,0.02,quality,income,current_max,False,509c56e4630c19b10684cda4fdeed3d2d60e7dc3,05b7bab4beef95cc077c40c8cc949baf46a83e36cf9903f6bc97f9f5bcbe3253,non_target_alert_rate,2026091900|2026091901|2026091902|2026091903|2026091904|2026091905|2026091906|2026091907|2026091908|2026091909|2026091910|2026091911|2026091912|2026091913|2026091914|2026091915|2026091916|2026091917|2026091918|2026091919,20,20,0,0.0,568823.3389999999,578353.25
numeric_weak_shift2_n3000,numeric,numeric,weak,3000,2.0,0.02,quality,income,current_min,False,509c56e4630c19b10684cda4fdeed3d2d60e7dc3,05b7bab4beef95cc077c40c8cc949baf46a83e36cf9903f6bc97f9f5bcbe3253,non_target_alert_rate,2026091900|2026091901|2026091902|2026091903|2026091904|2026091905|2026091906|2026091907|2026091908|2026091909|2026091910|2026091911|2026091912|2026091913|2026091914|2026091915|2026091916|2026091917|2026091918|2026091919,20,20,0,0.0,12188.2975,12446.635
numeric_weak_shift2_n3000,numeric,numeric,weak,3000,2.0,0.02,quality,income,current_missing_fraction,False,509c56e4630c19b10684cda4fdeed3d2d60e7dc3,05b7bab4beef95cc077c40c8cc949baf46a83e36cf9903f6bc97f9f5bcbe3253,non_target_alert_rate,2026091900|2026091901|2026091902|2026091903|2026091904|2026091905|2026091906|2026091907|2026091908|2026091909|2026091910|2026091911|2026091912|2026091913|2026091914|2026091915|2026091916|2026091917|2026091918|2026091919,20,20,0,0.0,0.020000000000000004,0.02
numeric_weak_shift2_n3000,numeric,numeric,weak,3000,2.0,0.02,quality,income,missing_increase_pp,False,509c56e4630c19b10684cda4fdeed3d2d60e7dc3,05b7bab4beef95cc077c40c8cc949baf46a83e36cf9903f6bc97f9f5bcbe3253,non_target_alert_rate,2026091900|2026091901|2026091902|2026091903|2026091904|2026091905|2026091906|2026091907|2026091908|2026091909|2026091910|2026091911|2026091912|2026091913|2026091914|2026091915|2026091916|2026091917|2026091918|2026091919,20,20,0,0.0,0.0,0.0
numeric_weak_shift2_n3000,numeric,numeric,weak,3000,2.0,0.02,quality,income,reference_infinite_count,False,509c56e4630c19b10684cda4fdeed3d2d60e7dc3,05b7bab4beef95cc077c40c8cc949baf46a83e36cf9903f6bc97f9f5bcbe3253,non_target_alert_rate,2026091900|2026091901|2026091902|2026091903|2026091904|2026091905|2026091906|2026091907|2026091908|2026091909|2026091910|2026091911|2026091912|2026091913|2026091914|2026091915|2026091916|2026091917|2026091918|2026091919,20,20,0,0.0,0.0,0.0
numeric_weak_shift2_n3000,numeric,numeric,weak,3000,2.0,0.02,quality,income,reference_max,False,509c56e4630c19b10684cda4fdeed3d2d60e7dc3,05b7bab4beef95cc077c40c8cc949baf46a83e36cf9903f6bc97f9f5bcbe3253,non_target_alert_rate,2026091900|2026091901|2026091902|2026091903|2026091904|2026091905|2026091906|2026091907|2026091908|2026091909|2026091910|2026091911|2026091912|2026091913|2026091914|2026091915|2026091916|2026091917|2026091918|2026091919,20,20,0,0.0,619557.1195,611724.875
numeric_weak_shift2_n3000,numeric,numeric,weak,3000,2.0,0.02,quality,income,reference_min,False,509c56e4630c19b10684cda4fdeed3d2d60e7dc3,05b7bab4beef95cc077c40c8cc949baf46a83e36cf9903f6bc97f9f5bcbe3253,non_target_alert_rate,2026091900|2026091901|2026091902|2026091903|2026091904|2026091905|2026091906|2026091907|2026091908|2026091909|2026091910|2026091911|2026091912|2026091913|2026091914|2026091915|2026091916|2026091917|2026091918|2026091919,20,20,0,0.0,10934.159000000001,11033.564999999999
numeric_weak_shift2_n3000,numeric,numeric,weak,3000,2.0,0.02,quality,income,reference_missing_fraction,False,509c56e4630c19b10684cda4fdeed3d2d60e7dc3,05b7bab4beef95cc077c40c8cc949baf46a83e36cf9903f6bc97f9f5bcbe3253,non_target_alert_rate,2026091900|2026091901|2026091902|2026091903|2026091904|2026091905|2026091906|2026091907|2026091908|2026091909|2026091910|2026091911|2026091912|2026091913|2026091914|2026091915|2026091916|2026091917|2026091918|2026091919,20,20,0,0.0,0.020000000000000004,0.02
numeric_weak_shift2_n3000,numeric,numeric,weak,3000,2.0,0.02,quality,region,current_missing_fraction,False,509c56e4630c19b10684cda4fdeed3d2d60e7dc3,05b7bab4beef95cc077c40c8cc949baf46a83e36cf9903f6bc97f9f5bcbe3253,non_target_alert_rate,2026091900|2026091901|2026091902|2026091903|2026091904|2026091905|2026091906|2026091907|2026091908|2026091909|2026091910|2026091911|2026091912|2026091913|2026091914|2026091915|2026091916|2026091917|2026091918|2026091919,20,20,0,0.0,0.0,0.0
numeric_weak_shift2_n3000,numeric,numeric,weak,3000,2.0,0.02,quality,region,missing_increase_pp,False,509c56e4630c19b10684cda4fdeed3d2d60e7dc3,05b7bab4beef95cc077c40c8cc949baf46a83e36cf9903f6bc97f9f5bcbe3253,non_target_alert_rate,2026091900|2026091901|2026091902|2026091903|2026091904|2026091905|2026091906|2026091907|2026091908|2026091909|2026091910|2026091911|2026091912|2026091913|2026091914|2026091915|2026091916|2026091917|2026091918|2026091919,20,20,0,0.0,0.0,0.0
numeric_weak_shift2_n3000,numeric,numeric,weak,3000,2.0,0.02,quality,region,reference_missing_fraction,False,509c56e4630c19b10684cda4fdeed3d2d60e7dc3,05b7bab4beef95cc077c40c8cc949baf46a83e36cf9903f6bc97f9f5bcbe3253,non_target_alert_rate,2026091900|2026091901|2026091902|2026091903|2026091904|2026091905|2026091906|2026091907|2026091908|2026091909|2026091910|2026091911|2026091912|2026091913|2026091914|2026091915|2026091916|2026091917|2026091918|2026091919,20,20,0,0.0,0.0,0.0
numeric_weak_shift2_n3000,numeric,numeric,weak,3000,2.0,0.02,quality,,current_duplicate_fraction,False,509c56e4630c19b10684cda4fdeed3d2d60e7dc3,05b7bab4beef95cc077c40c8cc949baf46a83e36cf9903f6bc97f9f5bcbe3253,non_target_alert_rate,2026091900|2026091901|2026091902|2026091903|2026091904|2026091905|2026091906|2026091907|2026091908|2026091909|2026091910|2026091911|2026091912|2026091913|2026091914|2026091915|2026091916|2026091917|2026091918|2026091919,20,20,0,0.0,0.0028666666666666667,0.0026666666666666666
numeric_weak_shift2_n3000,numeric,numeric,weak,3000,2.0,0.02,quality,,reference_duplicate_fraction,False,509c56e4630c19b10684cda4fdeed3d2d60e7dc3,05b7bab4beef95cc077c40c8cc949baf46a83e36cf9903f6bc97f9f5bcbe3253,non_target_alert_rate,2026091900|2026091901|2026091902|2026091903|2026091904|2026091905|2026091906|2026091907|2026091908|2026091909|2026091910|2026091911|2026091912|2026091913|2026091914|2026091915|2026091916|2026091917|2026091918|2026091919,20,20,0,0.0,0.004259999999999999,0.0042
numeric_weak_shift2_n500,numeric,numeric,weak,500,2.0,0.02,adversarial,,roc_auc,True,509c56e4630c19b10684cda4fdeed3d2d60e7dc3,05b7bab4beef95cc077c40c8cc949baf46a83e36cf9903f6bc97f9f5bcbe3253,detection_rate,2026091900|2026091901|2026091902|2026091903|2026091904|2026091905|2026091906|2026091907|2026091908|2026091909|2026091910|2026091911|2026091912|2026091913|2026091914|2026091915|2026091916|2026091917|2026091918|2026091919,20,20,0,0.0,0.52399606,0.5220034
numeric_weak_shift2_n500,numeric,numeric,weak,500,2.0,0.02,drift,age,js,True,509c56e4630c19b10684cda4fdeed3d2d60e7dc3,05b7bab4beef95cc077c40c8cc949baf46a83e36cf9903f6bc97f9f5bcbe3253,detection_rate,2026091900|2026091901|2026091902|2026091903|2026091904|2026091905|2026091906|2026091907|2026091908|2026091909|2026091910|2026091911|2026091912|2026091913|2026091914|2026091915|2026091916|2026091917|2026091918|2026091919,20,20,0,0.0,0.00732960351500604,0.007424059690809063
numeric_weak_shift2_n500,numeric,numeric,weak,500,2.0,0.02,drift,age,ks,True,509c56e4630c19b10684cda4fdeed3d2d60e7dc3,05b7bab4beef95cc077c40c8cc949baf46a83e36cf9903f6bc97f9f5bcbe3253,detection_rate,2026091900|2026091901|2026091902|2026091903|2026091904|2026091905|2026091906|2026091907|2026091908|2026091909|2026091910|2026091911|2026091912|2026091913|2026091914|2026091915|2026091916|2026091917|2026091918|2026091919,20,20,12,0.6,0.07751000000000002,0.07390000000000002
numeric_weak_shift2_n500,numeric,numeric,weak,500,2.0,0.02,drift,age,psi,True,509c56e4630c19b10684cda4fdeed3d2d60e7dc3,05b7bab4beef95cc077c40c8cc949baf46a83e36cf9903f6bc97f9f5bcbe3253,detection_rate,2026091900|2026091901|2026091902|2026091903|2026091904|2026091905|2026091906|2026091907|2026091908|2026091909|2026091910|2026091911|2026091912|2026091913|2026091914|2026091915|2026091916|2026091917|2026091918|2026091919,20,20,0,0.0,0.04082708696335342,0.04134883924350261
numeric_weak_shift2_n500,numeric,numeric,weak,500,2.0,0.02,drift,age,wasserstein,True,509c56e4630c19b10684cda4fdeed3d2d60e7dc3,05b7bab4beef95cc077c40c8cc949baf46a83e36cf9903f6bc97f9f5bcbe3253,detection_rate,2026091900|2026091901|2026091902|2026091903|2026091904|2026091905|2026091906|2026091907|2026091908|2026091909|2026091910|2026091911|2026091912|2026091913|2026091914|2026091915|2026091916|2026091917|2026091918|2026091919,20,20,0,0.0,1.9058800000000005,1.8378
numeric_weak_shift2_n500,numeric,numeric,weak,500,2.0,0.02,drift,income,js,False,509c56e4630c19b10684cda4fdeed3d2d60e7dc3,05b7bab4beef95cc077c40c8cc949baf46a83e36cf9903f6bc97f9f5bcbe3253,non_target_alert_rate,2026091900|2026091901|2026091902|2026091903|2026091904|2026091905|2026091906|2026091907|2026091908|2026091909|2026091910|2026091911|2026091912|2026091913|2026091914|2026091915|2026091916|2026091917|2026091918|2026091919,20,20,0,0.0,0.002613253671303028,0.002194773297986808
numeric_weak_shift2_n500,numeric,numeric,weak,500,2.0,0.02,drift,income,ks,False,509c56e4630c19b10684cda4fdeed3d2d60e7dc3,05b7bab4beef95cc077c40c8cc949baf46a83e36cf9903f6bc97f9f5bcbe3253,non_target_alert_rate,2026091900|2026091901|2026091902|2026091903|2026091904|2026091905|2026091906|2026091907|2026091908|2026091909|2026091910|2026091911|2026091912|2026091913|2026091914|2026091915|2026091916|2026091917|2026091918|2026091919,20,20,1,0.05,0.03655102040816326,0.03479591836734694
numeric_weak_shift2_n500,numeric,numeric,weak,500,2.0,0.02,drift,income,psi,False,509c56e4630c19b10684cda4fdeed3d2d60e7dc3,05b7bab4beef95cc077c40c8cc949baf46a83e36cf9903f6bc97f9f5bcbe3253,non_target_alert_rate,2026091900|2026091901|2026091902|2026091903|2026091904|2026091905|2026091906|2026091907|2026091908|2026091909|2026091910|2026091911|2026091912|2026091913|2026091914|2026091915|2026091916|2026091917|2026091918|2026091919,20,20,0,0.0,0.014517859426963677,0.012184815417315031
numeric_weak_shift2_n500,numeric,numeric,weak,500,2.0,0.02,drift,income,wasserstein,False,509c56e4630c19b10684cda4fdeed3d2d60e7dc3,05b7bab4beef95cc077c40c8cc949baf46a83e36cf9903f6bc97f9f5bcbe3253,non_target_alert_rate,2026091900|2026091901|2026091902|2026091903|2026091904|2026091905|2026091906|2026091907|2026091908|2026091909|2026091910|2026091911|2026091912|2026091913|2026091914|2026091915|2026091916|2026091917|2026091918|2026091919,20,0,0,,3118.3180965306133,3141.940216326532
numeric_weak_shift2_n500,numeric,numeric,weak,500,2.0,0.02,drift,region,chi2,False,509c56e4630c19b10684cda4fdeed3d2d60e7dc3,05b7bab4beef95cc077c40c8cc949baf46a83e36cf9903f6bc97f9f5bcbe3253,non_target_alert_rate,2026091900|2026091901|2026091902|2026091903|2026091904|2026091905|2026091906|2026091907|2026091908|2026091909|2026091910|2026091911|2026091912|2026091913|2026091914|2026091915|2026091916|2026091917|2026091918|2026091919,20,20,0,0.0,3.305730494459765,2.9736838097361407
numeric_weak_shift2_n500,numeric,numeric,weak,500,2.0,0.02,drift,region,js,False,509c56e4630c19b10684cda4fdeed3d2d60e7dc3,05b7bab4beef95cc077c40c8cc949baf46a83e36cf9903f6bc97f9f5bcbe3253,non_target_alert_rate,2026091900|2026091901|2026091902|2026091903|2026091904|2026091905|2026091906|2026091907|2026091908|2026091909|2026091910|2026091911|2026091912|2026091913|2026091914|2026091915|2026091916|2026091917|2026091918|2026091919,20,20,0,0.0,0.0013211464980250223,0.0011756629666075898
numeric_weak_shift2_n500,numeric,numeric,weak,500,2.0,0.02,drift,region,psi,False,509c56e4630c19b10684cda4fdeed3d2d60e7dc3,05b7bab4beef95cc077c40c8cc949baf46a83e36cf9903f6bc97f9f5bcbe3253,non_target_alert_rate,2026091900|2026091901|2026091902|2026091903|2026091904|2026091905|2026091906|2026091907|2026091908|2026091909|2026091910|2026091911|2026091912|2026091913|2026091914|2026091915|2026091916|2026091917|2026091918|2026091919,20,20,0,0.0,0.007331876028945081,0.00652210825749337
numeric_weak_shift2_n500,numeric,numeric,weak,500,2.0,0.02,quality,age,current_infinite_count,False,509c56e4630c19b10684cda4fdeed3d2d60e7dc3,05b7bab4beef95cc077c40c8cc949baf46a83e36cf9903f6bc97f9f5bcbe3253,non_target_alert_rate,2026091900|2026091901|2026091902|2026091903|2026091904|2026091905|2026091906|2026091907|2026091908|2026091909|2026091910|2026091911|2026091912|2026091913|2026091914|2026091915|2026091916|2026091917|2026091918|2026091919,20,20,0,0.0,0.0,0.0
numeric_weak_shift2_n500,numeric,numeric,weak,500,2.0,0.02,quality,age,current_max,False,509c56e4630c19b10684cda4fdeed3d2d60e7dc3,05b7bab4beef95cc077c40c8cc949baf46a83e36cf9903f6bc97f9f5bcbe3253,non_target_alert_rate,2026091900|2026091901|2026091902|2026091903|2026091904|2026091905|2026091906|2026091907|2026091908|2026091909|2026091910|2026091911|2026091912|2026091913|2026091914|2026091915|2026091916|2026091917|2026091918|2026091919,20,20,0,0.0,80.5,79.0
numeric_weak_shift2_n500,numeric,numeric,weak,500,2.0,0.02,quality,age,current_min,False,509c56e4630c19b10684cda4fdeed3d2d60e7dc3,05b7bab4beef95cc077c40c8cc949baf46a83e36cf9903f6bc97f9f5bcbe3253,non_target_alert_rate,2026091900|2026091901|2026091902|2026091903|2026091904|2026091905|2026091906|2026091907|2026091908|2026091909|2026091910|2026091911|2026091912|2026091913|2026091914|2026091915|2026091916|2026091917|2026091918|2026091919,20,20,0,0.0,20.0,20.0
numeric_weak_shift2_n500,numeric,numeric,weak,500,2.0,0.02,quality,age,current_missing_fraction,False,509c56e4630c19b10684cda4fdeed3d2d60e7dc3,05b7bab4beef95cc077c40c8cc949baf46a83e36cf9903f6bc97f9f5bcbe3253,non_target_alert_rate,2026091900|2026091901|2026091902|2026091903|2026091904|2026091905|2026091906|2026091907|2026091908|2026091909|2026091910|2026091911|2026091912|2026091913|2026091914|2026091915|2026091916|2026091917|2026091918|2026091919,20,20,0,0.0,0.0,0.0
numeric_weak_shift2_n500,numeric,numeric,weak,500,2.0,0.02,quality,age,missing_increase_pp,False,509c56e4630c19b10684cda4fdeed3d2d60e7dc3,05b7bab4beef95cc077c40c8cc949baf46a83e36cf9903f6bc97f9f5bcbe3253,non_target_alert_rate,2026091900|2026091901|2026091902|2026091903|2026091904|2026091905|2026091906|2026091907|2026091908|2026091909|2026091910|2026091911|2026091912|2026091913|2026091914|2026091915|2026091916|2026091917|2026091918|2026091919,20,20,0,0.0,0.0,0.0
numeric_weak_shift2_n500,numeric,numeric,weak,500,2.0,0.02,quality,age,reference_infinite_count,False,509c56e4630c19b10684cda4fdeed3d2d60e7dc3,05b7bab4beef95cc077c40c8cc949baf46a83e36cf9903f6bc97f9f5bcbe3253,non_target_alert_rate,2026091900|2026091901|2026091902|2026091903|2026091904|2026091905|2026091906|2026091907|2026091908|2026091909|2026091910|2026091911|2026091912|2026091913|2026091914|2026091915|2026091916|2026091917|2026091918|2026091919,20,20,0,0.0,0.0,0.0
numeric_weak_shift2_n500,numeric,numeric,weak,500,2.0,0.02,quality,age,reference_max,False,509c56e4630c19b10684cda4fdeed3d2d60e7dc3,05b7bab4beef95cc077c40c8cc949baf46a83e36cf9903f6bc97f9f5bcbe3253,non_target_alert_rate,2026091900|2026091901|2026091902|2026091903|2026091904|2026091905|2026091906|2026091907|2026091908|2026091909|2026091910|2026091911|2026091912|2026091913|2026091914|2026091915|2026091916|2026091917|2026091918|2026091919,20,20,0,0.0,86.6,86.5
numeric_weak_shift2_n500,numeric,numeric,weak,500,2.0,0.02,quality,age,reference_min,False,509c56e4630c19b10684cda4fdeed3d2d60e7dc3,05b7bab4beef95cc077c40c8cc949baf46a83e36cf9903f6bc97f9f5bcbe3253,non_target_alert_rate,2026091900|2026091901|2026091902|2026091903|2026091904|2026091905|2026091906|2026091907|2026091908|2026091909|2026091910|2026091911|2026091912|2026091913|2026091914|2026091915|2026091916|2026091917|2026091918|2026091919,20,20,0,0.0,18.0,18.0
numeric_weak_shift2_n500,numeric,numeric,weak,500,2.0,0.02,quality,age,reference_missing_fraction,False,509c56e4630c19b10684cda4fdeed3d2d60e7dc3,05b7bab4beef95cc077c40c8cc949baf46a83e36cf9903f6bc97f9f5bcbe3253,non_target_alert_rate,2026091900|2026091901|2026091902|2026091903|2026091904|2026091905|2026091906|2026091907|2026091908|2026091909|2026091910|2026091911|2026091912|2026091913|2026091914|2026091915|2026091916|2026091917|2026091918|2026091919,20,20,0,0.0,0.0,0.0
numeric_weak_shift2_n500,numeric,numeric,weak,500,2.0,0.02,quality,income,current_infinite_count,False,509c56e4630c19b10684cda4fdeed3d2d60e7dc3,05b7bab4beef95cc077c40c8cc949baf46a83e36cf9903f6bc97f9f5bcbe3253,non_target_alert_rate,2026091900|2026091901|2026091902|2026091903|2026091904|2026091905|2026091906|2026091907|2026091908|2026091909|2026091910|2026091911|2026091912|2026091913|2026091914|2026091915|2026091916|2026091917|2026091918|2026091919,20,20,0,0.0,0.0,0.0
numeric_weak_shift2_n500,numeric,numeric,weak,500,2.0,0.02,quality,income,current_max,False,509c56e4630c19b10684cda4fdeed3d2d60e7dc3,05b7bab4beef95cc077c40c8cc949baf46a83e36cf9903f6bc97f9f5bcbe3253,non_target_alert_rate,2026091900|2026091901|2026091902|2026091903|2026091904|2026091905|2026091906|2026091907|2026091908|2026091909|2026091910|2026091911|2026091912|2026091913|2026091914|2026091915|2026091916|2026091917|2026091918|2026091919,20,20,0,0.0,511800.5295,498932.28500000003
numeric_weak_shift2_n500,numeric,numeric,weak,500,2.0,0.02,quality,income,current_min,False,509c56e4630c19b10684cda4fdeed3d2d60e7dc3,05b7bab4beef95cc077c40c8cc949baf46a83e36cf9903f6bc97f9f5bcbe3253,non_target_alert_rate,2026091900|2026091901|2026091902|2026091903|2026091904|2026091905|2026091906|2026091907|2026091908|2026091909|2026091910|2026091911|2026091912|2026091913|2026091914|2026091915|2026091916|2026091917|2026091918|2026091919,20,20,0,0.0,15150.136000000002,15449.15
numeric_weak_shift2_n500,numeric,numeric,weak,500,2.0,0.02,quality,income,current_missing_fraction,False,509c56e4630c19b10684cda4fdeed3d2d60e7dc3,05b7bab4beef95cc077c40c8cc949baf46a83e36cf9903f6bc97f9f5bcbe3253,non_target_alert_rate,2026091900|2026091901|2026091902|2026091903|2026091904|2026091905|2026091906|2026091907|2026091908|2026091909|2026091910|2026091911|2026091912|2026091913|2026091914|2026091915|2026091916|2026091917|2026091918|2026091919,20,20,0,0.0,0.020000000000000004,0.02
numeric_weak_shift2_n500,numeric,numeric,weak,500,2.0,0.02,quality,income,missing_increase_pp,False,509c56e4630c19b10684cda4fdeed3d2d60e7dc3,05b7bab4beef95cc077c40c8cc949baf46a83e36cf9903f6bc97f9f5bcbe3253,non_target_alert_rate,2026091900|2026091901|2026091902|2026091903|2026091904|2026091905|2026091906|2026091907|2026091908|2026091909|2026091910|2026091911|2026091912|2026091913|2026091914|2026091915|2026091916|2026091917|2026091918|2026091919,20,20,0,0.0,0.0,0.0
numeric_weak_shift2_n500,numeric,numeric,weak,500,2.0,0.02,quality,income,reference_infinite_count,False,509c56e4630c19b10684cda4fdeed3d2d60e7dc3,05b7bab4beef95cc077c40c8cc949baf46a83e36cf9903f6bc97f9f5bcbe3253,non_target_alert_rate,2026091900|2026091901|2026091902|2026091903|2026091904|2026091905|2026091906|2026091907|2026091908|2026091909|2026091910|2026091911|2026091912|2026091913|2026091914|2026091915|2026091916|2026091917|2026091918|2026091919,20,20,0,0.0,0.0,0.0
numeric_weak_shift2_n500,numeric,numeric,weak,500,2.0,0.02,quality,income,reference_max,False,509c56e4630c19b10684cda4fdeed3d2d60e7dc3,05b7bab4beef95cc077c40c8cc949baf46a83e36cf9903f6bc97f9f5bcbe3253,non_target_alert_rate,2026091900|2026091901|2026091902|2026091903|2026091904|2026091905|2026091906|2026091907|2026091908|2026091909|2026091910|2026091911|2026091912|2026091913|2026091914|2026091915|2026091916|2026091917|2026091918|2026091919,20,20,0,0.0,619557.1195,611724.875
numeric_weak_shift2_n500,numeric,numeric,weak,500,2.0,0.02,quality,income,reference_min,False,509c56e4630c19b10684cda4fdeed3d2d60e7dc3,05b7bab4beef95cc077c40c8cc949baf46a83e36cf9903f6bc97f9f5bcbe3253,non_target_alert_rate,2026091900|2026091901|2026091902|2026091903|2026091904|2026091905|2026091906|2026091907|2026091908|2026091909|2026091910|2026091911|2026091912|2026091913|2026091914|2026091915|2026091916|2026091917|2026091918|2026091919,20,20,0,0.0,10934.159000000001,11033.564999999999
numeric_weak_shift2_n500,numeric,numeric,weak,500,2.0,0.02,quality,income,reference_missing_fraction,False,509c56e4630c19b10684cda4fdeed3d2d60e7dc3,05b7bab4beef95cc077c40c8cc949baf46a83e36cf9903f6bc97f9f5bcbe3253,non_target_alert_rate,2026091900|2026091901|2026091902|2026091903|2026091904|2026091905|2026091906|2026091907|2026091908|2026091909|2026091910|2026091911|2026091912|2026091913|2026091914|2026091915|2026091916|2026091917|2026091918|2026091919,20,20,0,0.0,0.020000000000000004,0.02
numeric_weak_shift2_n500,numeric,numeric,weak,500,2.0,0.02,quality,region,current_missing_fraction,False,509c56e4630c19b10684cda4fdeed3d2d60e7dc3,05b7bab4beef95cc077c40c8cc949baf46a83e36cf9903f6bc97f9f5bcbe3253,non_target_alert_rate,2026091900|2026091901|2026091902|2026091903|2026091904|2026091905|2026091906|2026091907|2026091908|2026091909|2026091910|2026091911|2026091912|2026091913|2026091914|2026091915|2026091916|2026091917|2026091918|2026091919,20,20,0,0.0,0.0,0.0
numeric_weak_shift2_n500,numeric,numeric,weak,500,2.0,0.02,quality,region,missing_increase_pp,False,509c56e4630c19b10684cda4fdeed3d2d60e7dc3,05b7bab4beef95cc077c40c8cc949baf46a83e36cf9903f6bc97f9f5bcbe3253,non_target_alert_rate,2026091900|2026091901|2026091902|2026091903|2026091904|2026091905|2026091906|2026091907|2026091908|2026091909|2026091910|2026091911|2026091912|2026091913|2026091914|2026091915|2026091916|2026091917|2026091918|2026091919,20,20,0,0.0,0.0,0.0
numeric_weak_shift2_n500,numeric,numeric,weak,500,2.0,0.02,quality,region,reference_missing_fraction,False,509c56e4630c19b10684cda4fdeed3d2d60e7dc3,05b7bab4beef95cc077c40c8cc949baf46a83e36cf9903f6bc97f9f5bcbe3253,non_target_alert_rate,2026091900|2026091901|2026091902|2026091903|2026091904|2026091905|2026091906|2026091907|2026091908|2026091909|2026091910|2026091911|2026091912|2026091913|2026091914|2026091915|2026091916|2026091917|2026091918|2026091919,20,20,0,0.0,0.0,0.0
numeric_weak_shift2_n500,numeric,numeric,weak,500,2.0,0.02,quality,,current_duplicate_fraction,False,509c56e4630c19b10684cda4fdeed3d2d60e7dc3,05b7bab4beef95cc077c40c8cc949baf46a83e36cf9903f6bc97f9f5bcbe3253,non_target_alert_rate,2026091900|2026091901|2026091902|2026091903|2026091904|2026091905|2026091906|2026091907|2026091908|2026091909|2026091910|2026091911|2026091912|2026091913|2026091914|2026091915|2026091916|2026091917|2026091918|2026091919,20,20,0,0.0,0.0005,0.0
numeric_weak_shift2_n500,numeric,numeric,weak,500,2.0,0.02,quality,,reference_duplicate_fraction,False,509c56e4630c19b10684cda4fdeed3d2d60e7dc3,05b7bab4beef95cc077c40c8cc949baf46a83e36cf9903f6bc97f9f5bcbe3253,non_target_alert_rate,2026091900|2026091901|2026091902|2026091903|2026091904|2026091905|2026091906|2026091907|2026091908|2026091909|2026091910|2026091911|2026091912|2026091913|2026091914|2026091915|2026091916|2026091917|2026091918|2026091919,20,20,0,0.0,0.004259999999999999,0.0042
